GRAVEDAD,FECHA,AÑO,HORA,JORNADA,DIA_SEMANA,BARRIOS-COREGIMIENTO- VIA,DIRECCION,ZONA,AUTORIDAD,LAT,LONG,HIPOTESIS,CONDICION DE LA VICTIMA,CLASE DE SINIESTRO,LESIONADO,HOMICIDIOS,CLINICA,SITIO,CLASE VEHICULO,MARCA,MATRICULA,TIPO DE SERVICIO,EMPRESA, , 
DAÑOS,01/01/2020 12:00:00 AM,2020,1899-12-31T19:10:00.000,NOCHE,3_MIERCOLES,OLIMPICO,CALLE 23 CARRERA 35 A,URBANA,TECNICO,352.189,-7.630.695,NO RESPETAR PRELACION,NO APLICA,CHOQUE,NO APLICA,NO APLICA,NO APLICA,NO APLICA,AUTOMOVIL,CHEVROLET,CALI,PARTICULAR,NO APLICA,,
DAÑOS,01/01/2020 12:00:00 AM,2020,1899-12-31T19:10:00.000,NOCHE,3_MIERCOLES,OLIMPICO,CALLE 23 CARRERA 35 A,URBANA,TECNICO,352.189,-7.630.695,NO RESPETAR PRELACION,NO APLICA,CHOQUE,NO APLICA,NO APLICA,NO APLICA,NO APLICA,AUTOMOVIL,KIA,CALI,PARTICULAR,NO APLICA,,
DAÑOS,01/02/2020 12:00:00 AM,2020,1899-12-31T12:10:00.000,TARDE,4_JUEVES,INDUSTRIAL,CALLE 42 CARRERA 35,URBANA,TECNICO,3.5387,-7.630.631,NO ESTAR PENDIENTE DE LA VIA,NO APLICA,CHOQUE,NO APLICA,NO APLICA,NO APLICA,NO APLICA,CAMIONETA,CHEVROLET,CUNDINAMARCA,PARTICULAR,NO APLICA,,
DAÑOS,01/02/2020 12:00:00 AM,2020,1899-12-31T12:10:00.000,TARDE,4_JUEVES,INDUSTRIAL,CALLE 42 CARRERA 35,URBANA,TECNICO,3.5387,-7.630.631,NO ESTAR PENDIENTE DE LA VIA,NO APLICA,CHOQUE,NO APLICA,NO APLICA,NO APLICA,NO APLICA,AUTOMOVIL,DAEWOO,CALI,PARTICULAR,NO APLICA,,
HERIDOS,01/01/2020 12:00:00 AM,2020,1899-12-31T12:20:00.000,TARDE,3_MIERCOLES,ZAMORANO,CARRERA 28 CALLE 664A-19,URBANA,TECNICO,355.325,-7.629.304,NO MANTENER DISTANCIA DE SEGURIDAD,MOTOCICLISTA,CHOQUE,1,NO APLICA,PALMA,NO APLICA,MOTO,HONDA,PRADERA,PARTICULAR,NO APLICA,,
HERIDOS,01/01/2020 12:00:00 AM,2020,1899-12-31T12:20:00.000,TARDE,3_MIERCOLES,ZAMORANO,CARRERA 28 CALLE 664A-19,URBANA,TECNICO,355.325,-7.629.304,NO MANTENER DISTANCIA DE SEGURIDAD,NO APLICA,CHOQUE,NO APLICA,NO APLICA,NO APLICA,NO APLICA,AUTOMOVIL,MAZDA,CALI,PARTICULAR,NO APLICA,,
HERIDOS,01/01/2020 12:00:00 AM,2020,1899-12-31T12:20:00.000,TARDE,3_MIERCOLES,ZAMORANO,CARRERA 28 CALLE 664A-19,URBANA,TECNICO,355.325,-7.629.304,NO MANTENER DISTANCIA DE SEGURIDAD,ACOMPAÑANTE MOTOCICLISTA,CHOQUE,1,NO APLICA,PALMA,NO APLICA,NO APLICA,NO APLICA,NO APLICA,NO APLICA,NO APLICA,,
DAÑOS,01/02/2020 12:00:00 AM,2020,1899-12-31T14:10:00.000,TARDE,4_JUEVES,AEROPUERTO,PUERTA 3,RURAL,TECNICO,354.674,-7.638.272,ADELANTAR CERRANDO,NO APLICA,CHOQUE,NO APLICA,NO APLICA,NO APLICA,NO APLICA,AUTOMOVIL,KIA,CALI,PARTICULAR,NO APLICA,,
DAÑOS,01/02/2020 12:00:00 AM,2020,1899-12-31T14:10:00.000,TARDE,4_JUEVES,AEROPUERTO,PUERTA 3,RURAL,TECNICO,354.674,-7.638.272,ADELANTAR CERRANDO,NO APLICA,CHOQUE,NO APLICA,NO APLICA,NO APLICA,NO APLICA,AUTOMOVIL,HYUNDAI,CALI,PARTICULAR,NO APLICA,,
DAÑOS,01/03/2020 12:00:00 AM,2020,1899-12-31T14:10:00.000,TARDE,5_VIERNES,RECREO,CALLE 22 CARRERA 30,URBANA,TECNICO,352.049,-7.630.189,DESOBEDECER SEÑALES,NO APLICA,CHOQUE,NO APLICA,NO APLICA,NO APLICA,NO APLICA,MOTO,HONDA,PALMIRA,PARTICULAR,NO APLICA,,
DAÑOS,01/03/2020 12:00:00 AM,2020,1899-12-31T14:10:00.000,TARDE,5_VIERNES,RECREO,CALLE 22 CARRERA 30,URBANA,TECNICO,352.049,-7.630.189,DESOBEDECER SEÑALES,NO APLICA,CHOQUE,NO APLICA,NO APLICA,NO APLICA,NO APLICA,AUTOMOVIL,CHEVROLET,BOGOTA,PARTICULAR,NO APLICA,,
DAÑOS,01/03/2020 12:00:00 AM,2020,1899-12-31T09:00:00.000,MAÑANA,5_VIERNES,COLOMBIA,CARRERA 33 CALLE 37-96,URBANA,TECNICO,353.456,-7.630.268,NO ESTAR PENDIENTE DE LA VIA,NO APLICA,CHOQUE,NO APLICA,NO APLICA,NO APLICA,NO APLICA,CAMION,GMC,BOGOTA,PARTICULAR,NO APLICA,,
DAÑOS,01/03/2020 12:00:00 AM,2020,1899-12-31T09:00:00.000,MAÑANA,5_VIERNES,COLOMBIA,CARRERA 33 CALLE 37-96,URBANA,TECNICO,353.456,-7.630.268,NO ESTAR PENDIENTE DE LA VIA,NO APLICA,CHOQUE,NO APLICA,NO APLICA,NO APLICA,NO APLICA,CAMIONETA,TOYOTA,CALI,PARTICULAR,NO APLICA,,
HERIDOS,01/03/2020 12:00:00 AM,2020,1899-12-31T00:00:00.000,MADRUGADA,5_VIERNES,SEMBRADOR,CALLE 23 CARRERA 23,URBANA,TECNICO,352.086,-7.629.496,ADELANTAR INVADIENDO CARRIL,MOTOCICLISTA,CHOQUE,1,NO APLICA,PALMIRA,NO APLICA,MOTO,SIGMA,FLORIDA,PARTICULAR,NO APLICA,,
HERIDOS,01/03/2020 12:00:00 AM,2020,1899-12-31T00:00:00.000,MADRUGADA,5_VIERNES,SEMBRADOR,CALLE 23 CARRERA 23,URBANA,TECNICO,352.086,-7.629.496,ADELANTAR INVADIENDO CARRIL,MOTOCICLISTA,CHOQUE,1,NO APLICA,PALMIRA,NO APLICA,MOTO,AKT,BOGOTA,PARTICULAR,NO APLICA,,
DAÑOS,01/03/2020 12:00:00 AM,2020,1899-12-31T09:30:00.000,MAÑANA,5_VIERNES,SAN PEDRO,CARRERA 19 CALLE 41-48,URBANA,TECNICO,353.666,-7.629.062,MALA UTILIZACION DEL CARRIL,NO APLICA,CHOQUE,NO APLICA,NO APLICA,NO APLICA,NO APLICA,AUTOMOVIL,PEUGEOT,CALI,PARTICULAR,NO APLICA,,
DAÑOS,01/03/2020 12:00:00 AM,2020,1899-12-31T09:30:00.000,MAÑANA,5_VIERNES,SAN PEDRO,CARRERA 19 CALLE 41-48,URBANA,TECNICO,353.666,-7.629.062,MALA UTILIZACION DEL CARRIL,NO APLICA,CHOQUE,NO APLICA,NO APLICA,NO APLICA,NO APLICA,MOTO,TVS,PRADERA,PARTICULAR,NO APLICA,,
HERIDOS,01/03/2020 12:00:00 AM,2020,1899-12-31T12:10:00.000,TARDE,5_VIERNES,JARDIN,CALLE 32 CARRERA 5E,URBANA,TECNICO,3.5276,-762.741,DESOBEDECER SEÑALES,NO APLICA,CHOQUE,NO APLICA,NO APLICA,NO APLICA,NO APLICA,CAMION,JAC,JAMUNDI,PUBLICO,NO APLICA,,
HERIDOS,01/03/2020 12:00:00 AM,2020,1899-12-31T12:10:00.000,TARDE,5_VIERNES,JARDIN,CALLE 32 CARRERA 5E,URBANA,TECNICO,3.5276,-762.741,DESOBEDECER SEÑALES,MOTOCICLISTA,CHOQUE,1,NO APLICA,PALMA,NO APLICA,MOTO,AKT,PEREIRA,PARTICULAR,NO APLICA,,
HERIDOS,01/03/2020 12:00:00 AM,2020,1899-12-31T12:10:00.000,TARDE,5_VIERNES,JARDIN,CALLE 32 CARRERA 5E,URBANA,TECNICO,3.5276,-762.741,DESOBEDECER SEÑALES,ACOMPAÑANTE MOTOCICLISTA,CHOQUE,1,NO APLICA,PALMA,NO APLICA,NO APLICA,NO APLICA,NO APLICA,NO APLICA,NO APLICA,,
HERIDOS,01/06/2020 12:00:00 AM,2020,1899-12-31T22:30:00.000,NOCHE,1_LUNES,SESQUI,CALLE 11 CARRERA 29-28,URBANA,TECNICO,351.062,-7.630.167,NO ESTAR PENDIENTE DE LA VIA,MOTOCICLISTA,CHOQUE,1,NO APLICA,PALMIRA,NO APLICA,MOTO,HONDA,CALI,PARTICULAR,NO APLICA,,
HERIDOS,01/06/2020 12:00:00 AM,2020,1899-12-31T22:30:00.000,NOCHE,1_LUNES,SESQUI,CALLE 11 CARRERA 29-28,URBANA,TECNICO,351.062,-7.630.167,NO ESTAR PENDIENTE DE LA VIA,ACOMPAÑANTE MOTOCICLISTA,CHOQUE,1,NO APLICA,PALMIRA,NO APLICA,NO APLICA,NO APLICA,NO APLICA,NO APLICA,NO APLICA,,
HERIDOS,01/06/2020 12:00:00 AM,2020,1899-12-31T22:30:00.000,NOCHE,1_LUNES,SESQUI,CALLE 11 CARRERA 29-28,URBANA,TECNICO,351.062,-7.630.167,NO ESTAR PENDIENTE DE LA VIA,NO APLICA,CHOQUE,NO APLICA,NO APLICA,NO APLICA,NO APLICA,MOTO,SUZUKI,FUNZA,PARTICULAR,NO APLICA,,
HERIDOS,01/07/2020 12:00:00 AM,2020,1899-12-31T00:00:00.000,MADRUGADA,2_MARTES,SANTA BARBARA,CALLE 43 CARRERA 28,URBANA,TECNICO,353.878,-7.629.711,PERDIDA DEL CONTROL,MOTOCICLISTA,VOLCAMIENTO,1,NO APLICA,RAUL,NO APLICA,MOTO,HONDA,GUACARI,PARTICULAR,NO APLICA,,
DAÑOS,01/04/2020 12:00:00 AM,2020,1899-12-31T07:00:00.000,MAÑANA,6_SABADO,CORONADO ROZO,CORONADO ROZO,RURAL,TECNICO,356.461,-7.631.021,ADELANTAR INVADIENDO CARRIL,NO APLICA,CHOQUE,NO APLICA,NO APLICA,NO APLICA,NO APLICA,AUTOMOVIL,KIA,PALMIRA,PARTICULAR,NO APLICA,,
DAÑOS,01/04/2020 12:00:00 AM,2020,1899-12-31T07:00:00.000,MAÑANA,6_SABADO,CORONADO ROZO,CORONADO ROZO,RURAL,TECNICO,356.461,-7.631.021,ADELANTAR INVADIENDO CARRIL,NO APLICA,CHOQUE,NO APLICA,NO APLICA,NO APLICA,NO APLICA,VOLQUETA,DODGE,NARIÑO,PARTICULAR,NO APLICA,,
HERIDOS,01/04/2020 12:00:00 AM,2020,1899-12-31T08:00:00.000,MAÑANA,6_SABADO,CAÑA MIEL,CALLE 44 CARRERA 18-19,URBANA,TECNICO,353.856,-7.629.026,POR ESTABLECER,NO APLICA,CHOQUE,NO APLICA,NO APLICA,NO APLICA,NO APLICA,AUTOMOVIL,CHEVROLET,PALMIRA,PUBLICO,PALMERAS,,
HERIDOS,01/04/2020 12:00:00 AM,2020,1899-12-31T08:00:00.000,MAÑANA,6_SABADO,CAÑA MIEL,CALLE 44 CARRERA 18-19,URBANA,TECNICO,353.856,-7.629.026,POR ESTABLECER,MOTOCICLISTA,CHOQUE,1,NO APLICA,RAUL,NO APLICA,MOTO,YAMAHA,GUACARI,PARTICULAR,NO APLICA,,
DAÑOS,01/05/2020 12:00:00 AM,2020,1899-12-31T17:10:00.000,TARDE,7_DOMINGO,CAÑA MIEL,CARRERA 19 CALLE 46,URBANA,TECNICO,354.086,-7.629.091,GIRAR BRUSCAMENTE,NO APLICA,CHOQUE,NO APLICA,NO APLICA,NO APLICA,NO APLICA,AUTOMOVIL,RENAULT,CALI,PARTICULAR,NO APLICA,,
DAÑOS,01/05/2020 12:00:00 AM,2020,1899-12-31T17:10:00.000,TARDE,7_DOMINGO,CAÑA MIEL,CARRERA 19 CALLE 46,URBANA,TECNICO,354.086,-7.629.091,GIRAR BRUSCAMENTE,NO APLICA,CHOQUE,NO APLICA,NO APLICA,NO APLICA,NO APLICA,MOTO,SUZUKI,PALMIRA,PARTICULAR,NO APLICA,,
DAÑOS,01/06/2020 12:00:00 AM,2020,1899-12-31T16:15:00.000,TARDE,1_LUNES,SESQUI,CARRERA 32 CALLE 15 -14,URBANA,TECNICO,351.421,-7.630.574,NO MANTENER DISTANCIA DE SEGURIDAD,NO APLICA,CHOQUE,NO APLICA,NO APLICA,NO APLICA,NO APLICA,AUTOMOVIL,KIA,PALMIRA,PUBLICO,NO APLICA,,
DAÑOS,01/06/2020 12:00:00 AM,2020,1899-12-31T16:15:00.000,TARDE,1_LUNES,SESQUI,CARRERA 32 CALLE 15 -14,URBANA,TECNICO,351.421,-7.630.574,NO MANTENER DISTANCIA DE SEGURIDAD,NO APLICA,CHOQUE,NO APLICA,NO APLICA,NO APLICA,NO APLICA,AUTOMOVIL,CHEVROLET,CALI,PARTICULAR,NO APLICA,,
HERIDOS,01/06/2020 12:00:00 AM,2020,1899-12-31T16:20:00.000,TARDE,1_LUNES,URIBE,CALLE 33 CARRERA 21,URBANA,TECNICO,352.947,-7.629.263,NO RESPETAR PRELACION,NO APLICA,CHOQUE,NO APLICA,NO APLICA,NO APLICA,NO APLICA,AUTOMOVIL,MAZDA,MANIZALES,PARTICULAR,NO APLICA,,
HERIDOS,01/06/2020 12:00:00 AM,2020,1899-12-31T16:20:00.000,TARDE,1_LUNES,URIBE,CALLE 33 CARRERA 21,URBANA,TECNICO,352.947,-7.629.263,NO RESPETAR PRELACION,MOTOCICLISTA,CHOQUE,1,NO APLICA,PALMA,NO APLICA,MOTO,JIANLIGN,CALI,PARTICULAR,NO APLICA,,
HERIDOS,01/06/2020 12:00:00 AM,2020,1899-12-31T21:00:00.000,NOCHE,1_LUNES,RECREO,CALLE 21 CARRERA 26,URBANA,TECNICO,3.5193,-762.985,DESOBEDECER SEÑALES,MOTOCICLISTA,CHOQUE,1,NO APLICA,PALMA,NO APLICA,MOTO,HONDA,GUACARI,PARTICULAR,NO APLICA,,
HERIDOS,01/06/2020 12:00:00 AM,2020,1899-12-31T21:00:00.000,NOCHE,1_LUNES,RECREO,CALLE 21 CARRERA 26,URBANA,TECNICO,3.5193,-762.985,DESOBEDECER SEÑALES,NO APLICA,CHOQUE,NO APLICA,NO APLICA,NO APLICA,NO APLICA,AUTOMOVIL,CHEVROLET,PALMIRA,PARTICULAR,NO APLICA,,
HERIDOS,01/03/2020 12:00:00 AM,2020,1899-12-31T17:30:00.000,TARDE,5_VIERNES,CENTRO POBLADO LA TORRE,CALEJON LOS PRADO,RURAL,TECNICO,361.874,-7.642.553,NO RESPETAR PRELACION,MOTOCICLISTA,CHOQUE,1,NO APLICA,RAUL,NO APLICA,MOTO,HONDA,CAQUETA,PARTICULAR,NO APLICA,,
HERIDOS,01/03/2020 12:00:00 AM,2020,1899-12-31T17:30:00.000,TARDE,5_VIERNES,CENTRO POBLADO LA TORRE,CALEJON LOS PRADO,RURAL,TECNICO,361.874,-7.642.553,NO RESPETAR PRELACION,MOTOCICLISTA,CHOQUE,1,NO APLICA,RAUL,NO APLICA,MOTO,SUZUKI,CALI,PARTICULAR,NO APLICA,,
DAÑOS,01/04/2020 12:00:00 AM,2020,1899-12-31T05:30:00.000,MADRUGADA,6_SABADO,PRADO,CALLE 42 CARRERA 38-71,URBANA,TECNICO,353.887,-7.630.879,MICRO SUEÑO,NO APLICA,CHOQUE OBJETO FIJO,NO APLICA,NO APLICA,NO APLICA,NO APLICA,CAMIONETA,TOYOTA,SABANETA,PARTICULAR,NO APLICA,,
DAÑOS,01/07/2020 12:00:00 AM,2020,1899-12-31T23:10:00.000,NOCHE,2_MARTES,FRAY LUIS,CALLE 41 CARRERA 39,URBANA,TECNICO,353.788,-7.630.986,DESOBEDECER SEÑALES,NO APLICA,CHOQUE,NO APLICA,NO APLICA,NO APLICA,NO APLICA,MICROBUS,HYUNDAI,BOGOTA,PUBLICO,NO APLICA,,
DAÑOS,01/07/2020 12:00:00 AM,2020,1899-12-31T23:10:00.000,NOCHE,2_MARTES,FRAY LUIS,CALLE 41 CARRERA 39,URBANA,TECNICO,353.788,-7.630.986,DESOBEDECER SEÑALES,NO APLICA,CHOQUE,NO APLICA,NO APLICA,NO APLICA,NO APLICA,AUTOMOVIL,CHEVROLET,IBAGUE,PARTICULAR,NO APLICA,,
HERIDOS,01/07/2020 12:00:00 AM,2020,1899-12-31T14:00:00.000,TARDE,2_MARTES,NUEVO,CARRERA 30 CALLE 26,URBANA,TECNICO,352.416,-7.630.128,POR ESTABLECER,NO APLICA,CHOQUE OBJETO FIJO,NO APLICA,NO APLICA,NO APLICA,NO APLICA,AUTOMOVIL,HYUNDAI,PALMIRA,PARTICULAR,NO APLICA,,
HERIDOS,01/07/2020 12:00:00 AM,2020,1899-12-31T14:00:00.000,TARDE,2_MARTES,NUEVO,CARRERA 30 CALLE 26,URBANA,TECNICO,352.416,-7.630.128,POR ESTABLECER,MOTOCICLISTA,CHOQUE OBJETO FIJO,1,NO APLICA,FRACTURAS,NO APLICA,MOTO,AKT,PRADERA,PARTICULAR,NO APLICA,,
HERIDOS,01/07/2020 12:00:00 AM,2020,1899-12-31T14:00:00.000,TARDE,2_MARTES,NUEVO,CARRERA 30 CALLE 26,URBANA,TECNICO,352.416,-7.630.128,POR ESTABLECER,ACOMPAÑANTE MOTOCICLISTA,CHOQUE OBJETO FIJO,1,NO APLICA,FRACTURAS,NO APLICA,NO APLICA,NO APLICA,NO APLICA,NO APLICA,NO APLICA,,
DAÑOS,01/07/2020 12:00:00 AM,2020,1899-12-31T17:30:00.000,TARDE,2_MARTES,PRADO,CALLE 36 CARRERA 41-71,URBANA,TECNICO,353.322,-7.631.186,SUBIRSE AL ANDEN,NO APLICA,CHOQUE OBJETO FIJO,NO APLICA,NO APLICA,NO APLICA,NO APLICA,CAMIONETA,CHEVROLET,LA CEJA,PARTICULAR,NO APLICA,,
DAÑOS,01/07/2020 12:00:00 AM,2020,1899-12-31T17:30:00.000,TARDE,2_MARTES,PRADO,CARRERA 41 CALLE 33A,URBANA,TECNICO,353.138,-7.631.138,ADEALANTAR EN ZONA PROHIBIDA,NO APLICA,CHOQUE,NO APLICA,NO APLICA,NO APLICA,NO APLICA,CAMIONETA,NISSAN,CALI,PARTICULAR,NO APLICA,,
DAÑOS,01/07/2020 12:00:00 AM,2020,1899-12-31T17:30:00.000,TARDE,2_MARTES,PRADO,CARRERA 41 CALLE 33A,URBANA,TECNICO,353.138,-7.631.138,ADEALANTAR EN ZONA PROHIBIDA,NO APLICA,CHOQUE,NO APLICA,NO APLICA,NO APLICA,NO APLICA,MOTO,HERO,FLORIDA,PARTICULAR,NO APLICA,,
HERIDOS,01/04/2020 12:00:00 AM,2020,1899-12-31T20:00:00.000,NOCHE,6_SABADO,PRIMER  MAYO,CALLE 41 CARRERA 13A -72,URBANA,TECNICO,353.636,-7.628.622,CRUZAR SIN OBSERVAR,NO APLICA,ATROPELLO,NO APLICA,NO APLICA,NO APLICA,NO APLICA,MOTO,YAMAHA,FLORIDA,PARTICULAR,NO APLICA,,
HERIDOS,01/04/2020 12:00:00 AM,2020,1899-12-31T20:00:00.000,NOCHE,6_SABADO,PRIMER  MAYO,CALLE 41 CARRERA 13A -72,URBANA,TECNICO,353.636,-7.628.622,CRUZAR SIN OBSERVAR,PEATON,ATROPELLO,1,NO APLICA,PALMIRA,NO APLICA,NO APLICA,NO APLICA,NO APLICA,NO APLICA,NO APLICA,,
HERIDOS,01/08/2020 12:00:00 AM,2020,1899-12-31T15:30:00.000,TARDE,3_MIERCOLES,SAN PEDRO,CALLE 37 CARRERA 16A,URBANA,TECNICO,353.295,-7.628.871,NO RESPETAR PRELACION,MOTOCICLISTA,CHOQUE,1,NO APLICA,PALMIRA,NO APLICA,MOTO,JIANLIGN,GUACARI,PARTICULAR,NO APLICA,,
HERIDOS,01/08/2020 12:00:00 AM,2020,1899-12-31T15:30:00.000,TARDE,3_MIERCOLES,SAN PEDRO,CALLE 37 CARRERA 16A,URBANA,TECNICO,353.295,-7.628.871,NO RESPETAR PRELACION,MOTOCICLISTA,CHOQUE,1,NO APLICA,PALMIRA,NO APLICA,MOTO,YAMAHA,PRADERA,PARTICULAR,NO APLICA,,
DAÑOS,01/08/2020 12:00:00 AM,2020,1899-12-31T17:00:00.000,TARDE,3_MIERCOLES,VERSALLE S,CARRERA 28 CALLE 42,URBANA,TECNICO,353.817,-7.629.731,POR ESTABLECER,NO APLICA,CHOQUE,NO APLICA,NO APLICA,NO APLICA,NO APLICA,BUSETA,NON PLUS,LA VIRGINIA,PUBLICO,UNIDOS DE BUGA,,
DAÑOS,01/08/2020 12:00:00 AM,2020,1899-12-31T17:00:00.000,TARDE,3_MIERCOLES,VERSALLE S,CARRERA 28 CALLE 42,URBANA,TECNICO,353.817,-7.629.731,POR ESTABLECER,NO APLICA,CHOQUE,NO APLICA,NO APLICA,NO APLICA,NO APLICA,AUTOMOVIL,HYUNDAI,BOGOTA,PARTICULAR,NO APLICA,,
DAÑOS,01/03/2020 12:00:00 AM,2020,1899-12-31T20:00:00.000,NOCHE,5_VIERNES,SANTA TERESITA,CALLE 47 CARRERA 35,URBANA,TECNICO,3.5427,-7.630.741,ADELANTAR CERRANDO,NO APLICA,CHOQUE,NO APLICA,NO APLICA,NO APLICA,NO APLICA,AUTOMOVIL,KIA,CALI,PARTICULAR,NO APLICA,,
DAÑOS,01/03/2020 12:00:00 AM,2020,1899-12-31T20:00:00.000,NOCHE,5_VIERNES,SANTA TERESITA,CALLE 47 CARRERA 35,URBANA,TECNICO,3.5427,-7.630.741,ADELANTAR CERRANDO,NO APLICA,CHOQUE,NO APLICA,NO APLICA,NO APLICA,NO APLICA,CAMIONETA,FORD,CALI,PARTICULAR,NO APLICA,,
HERIDOS,01/07/2020 12:00:00 AM,2020,1899-12-31T11:30:00.000,MAÑANA,2_MARTES,PATIO BONITO,CARRERA 19 CALLE 32,URBANA,TECNICO,352.783,-7.629.033,NO RESPETAR PRELACION,NO APLICA,CHOQUE,NO APLICA,NO APLICA,NO APLICA,NO APLICA,AUTOMOVIL,CHEVROLET,CALI,PARTICULAR,NO APLICA,,
HERIDOS,01/07/2020 12:00:00 AM,2020,1899-12-31T11:30:00.000,MAÑANA,2_MARTES,PATIO BONITO,CARRERA 19 CALLE 32,URBANA,TECNICO,352.783,-7.629.033,NO RESPETAR PRELACION,MOTOCICLISTA,CHOQUE,1,NO APLICA,PALMA,NO APLICA,MOTO,YAMAHA,IBAGUE,PARTICULAR,NO APLICA,,
HERIDOS,01/07/2020 12:00:00 AM,2020,1899-12-31T11:30:00.000,MAÑANA,2_MARTES,PATIO BONITO,CARRERA 19 CALLE 32,URBANA,TECNICO,352.783,-7.629.033,NO RESPETAR PRELACION,NO APLICA,CHOQUE,NO APLICA,NO APLICA,NO APLICA,NO APLICA,MOTO,HONDA,FLORIDA,PARTICULAR,NO APLICA,,
HERIDOS,01/08/2020 12:00:00 AM,2020,1899-12-31T06:40:00.000,MAÑANA,3_MIERCOLES,MIRRIÑAO,CARRERA 28 CALLE 54 -55,URBANA,TECNICO,354.636,-7.629.594,ADELANTAR CERRANO,NO APLICA,CHOQUE,NO APLICA,NO APLICA,NO APLICA,NO APLICA,MOTO,AKT,PALMIRA,PARTICULAR,NO APLICA,,
HERIDOS,01/08/2020 12:00:00 AM,2020,1899-12-31T06:40:00.000,MAÑANA,3_MIERCOLES,MIRRIÑAO,CARRERA 28 CALLE 54 -55,URBANA,TECNICO,354.636,-7.629.594,ADELANTAR CERRANO,NO APLICA,CHOQUE,NO APLICA,NO APLICA,NO APLICA,NO APLICA,AUTOMOVIL,CHEVROLET,CALI,PARTICULAR,NO APLICA,,
HERIDOS,01/08/2020 12:00:00 AM,2020,1899-12-31T06:40:00.000,MAÑANA,3_MIERCOLES,MIRRIÑAO,CARRERA 28 CALLE 54 -55,URBANA,TECNICO,354.636,-7.629.594,ADELANTAR CERRANO,ACOMPAÑANTE MOTOCICLISTA,CHOQUE,1,NO APLICA,RAUL,NO APLICA,NO APLICA,NO APLICA,NO APLICA,NO APLICA,NO APLICA,,
DAÑOS,01/08/2020 12:00:00 AM,2020,1899-12-31T11:40:00.000,MAÑANA,3_MIERCOLES,VERSALLE S,CALLE 42 CARRERA 28-39,URBANA,TECNICO,353.807,-7.629.792,REVERSO IMPRUDENTE,NO APLICA,CHOQUE,NO APLICA,NO APLICA,NO APLICA,NO APLICA,AUTOMOVIL,CHEVROLET,CALI,PARTICULAR,NO APLICA,,
DAÑOS,01/08/2020 12:00:00 AM,2020,1899-12-31T11:40:00.000,MAÑANA,3_MIERCOLES,VERSALLE S,CALLE 42 CARRERA 28-39,URBANA,TECNICO,353.807,-7.629.792,REVERSO IMPRUDENTE,NO APLICA,CHOQUE,NO APLICA,NO APLICA,NO APLICA,NO APLICA,AUTOMOVIL,KIA,CERRITO,PARTICULAR,NO APLICA,,
DAÑOS,01/09/2020 12:00:00 AM,2020,1899-12-31T14:10:00.000,TARDE,4_JUEVES,VERSALLE S,CALLE 42 CARRERA 28 -66,URBANA,TECNICO,353.817,-762.973,NO MANTENER DISTANCIA DE SEGURIDAD,NO APLICA,CHOQUE,NO APLICA,NO APLICA,NO APLICA,NO APLICA,AUTOMOVIL,PEUGEOT,NEIVA,PARTICULAR,NO APLICA,,
DAÑOS,01/09/2020 12:00:00 AM,2020,1899-12-31T14:10:00.000,TARDE,4_JUEVES,VERSALLE S,CALLE 42 CARRERA 28 -66,URBANA,TECNICO,353.817,-762.973,NO MANTENER DISTANCIA DE SEGURIDAD,NO APLICA,CHOQUE,NO APLICA,NO APLICA,NO APLICA,NO APLICA,CAMPERO,RENAULT,NEIVA,PARTICULAR,NO APLICA,,
HERIDOS,01/09/2020 12:00:00 AM,2020,1899-12-31T05:30:00.000,MADRUGADA,4_JUEVES,FRAY LUIS,CALLE 42 CARRERA 49-330,URBANA,TECNICO,3.5379,-7.631.912,TRANSITAR POR LA CALZADA DE PEATON,NO APLICA,ATROPELLO,NO APLICA,NO APLICA,NO APLICA,NO APLICA,CAMPERO,RENAULT,CALI,PARTICULAR,NO APLICA,,
HERIDOS,01/09/2020 12:00:00 AM,2020,1899-12-31T05:30:00.000,MADRUGADA,4_JUEVES,FRAY LUIS,CALLE 42 CARRERA 49-330,URBANA,TECNICO,3.5379,-7.631.912,TRANSITAR POR LA CALZADA DE PEATON,PEATON,ATROPELLO,1,NO APLICA,PALMA,NO APLICA,NO APLICA,NO APLICA,NO APLICA,NO APLICA,NO APLICA,,
HERIDOS,01/09/2020 12:00:00 AM,2020,1899-12-31T07:30:00.000,MAÑANA,4_JUEVES,TRINIDAD,CALLE 29 CARRERA 24,URBANA,TECNICO,352.561,-7.629.569,SEMAFOR EN ROJO,NO APLICA,CHOQUE,NO APLICA,NO APLICA,NO APLICA,NO APLICA,AUTOMOVIL,CHEVROLET,PALMIRA,PARTICULAR,NO APLICA,,
HERIDOS,01/09/2020 12:00:00 AM,2020,1899-12-31T07:30:00.000,MAÑANA,4_JUEVES,TRINIDAD,CALLE 29 CARRERA 24,URBANA,TECNICO,352.561,-7.629.569,SEMAFOR EN ROJO,MOTOCICLISTA,CHOQUE,1,NO APLICA,PALMIRA,NO APLICA,MOTO,TVS,PALMIRA,PARTICULAR,NO APLICA,,
HERIDOS,01/09/2020 12:00:00 AM,2020,1899-12-31T07:30:00.000,MAÑANA,4_JUEVES,TRINIDAD,CALLE 29 CARRERA 24,URBANA,TECNICO,352.561,-7.629.569,SEMAFOR EN ROJO,ACOMPAÑANTE MOTOCICLISTA,CHOQUE,1,NO APLICA,PALMIRA,NO APLICA,NO APLICA,NO APLICA,NO APLICA,NO APLICA,NO APLICA,,