GRAVEDAD,FECHA,AÑO,HORA,JORNADA,DIA_SEMANA,BARRIOS-COREGIMIENTO- VIA,DIRECCION,ZONA,AUTORIDAD,LAT,LONG,HIPOTESIS,CONDICION DE LA VICTIMA,CLASE DE SINIESTRO,LESIONADO,HOMICIDIOS,CLINICA,SITIO,CLASE VEHICULO,MARCA,MATRICULA,TIPO DE SERVICIO,EMPRESA, , 
DAÑOS,01/18/2020 12:00:00 AM,2020,1899-12-31T08:45:00.000,MAÑANA,6_SABADO,COLOMBIA,CALLE 38 CARRERA 30,URBANA,TECNICO,353.505,-762.993,DESOBEDECER SEÑALES,NO APLICA,CHOQUE,NO APLICA,NO APLICA,NO APLICA,NO APLICA,MOTO,HONDA,FLORIDA,PARTICULAR,NO APLICA,,
DAÑOS,01/18/2020 12:00:00 AM,2020,1899-12-31T08:45:00.000,MAÑANA,6_SABADO,COLOMBIA,CALLE 38 CARRERA 30,URBANA,TECNICO,353.505,-762.993,DESOBEDECER SEÑALES,NO APLICA,CHOQUE,NO APLICA,NO APLICA,NO APLICA,NO APLICA,CAMION,INTERNATIONAL,BOGOTA,PUBLICO,NO APLICA,,
DAÑOS,01/18/2020 12:00:00 AM,2020,1899-12-31T08:45:00.000,MAÑANA,6_SABADO,COLOMBIA,CARRERA 30 CALLE 37-38,URBANA,TECNICO,353.426,-7.629.945,NO ESTAR PENDIENTE DE LA VIA,NO APLICA,CHOQUE,NO APLICA,NO APLICA,NO APLICA,NO APLICA,AUTOMOVIL,CHEVROLET,BOGOTA,PARTICULAR,NO APLICA,,
DAÑOS,01/18/2020 12:00:00 AM,2020,1899-12-31T08:45:00.000,MAÑANA,6_SABADO,COLOMBIA,CARRERA 30 CALLE 37-38,URBANA,TECNICO,353.426,-7.629.945,NO ESTAR PENDIENTE DE LA VIA,NO APLICA,CHOQUE,NO APLICA,NO APLICA,NO APLICA,NO APLICA,MOTO,HONDA,FLORIDA,PARTICULAR,NO APLICA,,
HERIDOS,01/19/2020 12:00:00 AM,2020,1899-12-31T06:10:00.000,MAÑANA,6_SABADO,NUEVO,CARRERA 28 CALLE 27,URBANA,TECNICO,352.443,-762.993,DESOBEDECER SEÑALES,MOTOCICLISTA,CHOQUE,1,NO APLICA,PALMIRA,NO APLICA,MOTO,HONDA,CANDELARIA,PARTICULAR,NO APLICA,,
HERIDOS,01/19/2020 12:00:00 AM,2020,1899-12-31T06:10:00.000,MAÑANA,6_SABADO,NUEVO,CARRERA 28 CALLE 27,URBANA,TECNICO,352.443,-762.993,DESOBEDECER SEÑALES,NO APLICA,CHOQUE,NO APLICA,NO APLICA,NO APLICA,NO APLICA,MOTO,YAMAHA,PALMIRA,PARTICULAR,NO APLICA,,
HERIDOS,01/19/2020 12:00:00 AM,2020,1899-12-31T06:10:00.000,MAÑANA,6_SABADO,NUEVO,CARRERA 28 CALLE 27,URBANA,TECNICO,352.443,-762.993,DESOBEDECER SEÑALES,ACOMPAÑANTE MOTOCICLISTA,CHOQUE,1,NO APLICA,PALMIRA,NO APLICA,NO APLICA,NO APLICA,NO APLICA,NO APLICA,NO APLICA,,
HERIDOS,01/18/2020 12:00:00 AM,2020,1899-12-31T21:40:00.000,NOCHE,6_SABADO,ZAMORANO,CARRERA 28 CALLE 60A-62,URBANA,TECNICO,355.195,-7.629.375,SEMAFORO EN ROJO,MOTOCICLISTA,CHOQUE,1,NO APLICA,PALMA,NO APLICA,MOTO,HONDA,FLORIDA,PARTICULAR,NO APLICA,,
HERIDOS,01/18/2020 12:00:00 AM,2020,1899-12-31T21:40:00.000,NOCHE,6_SABADO,ZAMORANO,CARRERA 28 CALLE 60A-62,URBANA,TECNICO,355.195,-7.629.375,SEMAFORO EN ROJO,MOTOCICLISTA,CHOQUE,1,NO APLICA,PALMA,NO APLICA,MOTO,AKT,FLORIDA,PARTICULAR,NO APLICA,,
HERIDOS,01/18/2020 12:00:00 AM,2020,1899-12-31T21:40:00.000,NOCHE,6_SABADO,ZAMORANO,CARRERA 28 CALLE 60A-62,URBANA,TECNICO,355.195,-7.629.375,SEMAFORO EN ROJO,ACOMPAÑANTE MOTOCICLISTA,CHOQUE,1,NO APLICA,PALMA,NO APLICA,NO APLICA,NO APLICA,NO APLICA,NO APLICA,NO APLICA,,
HERIDOS,01/18/2020 12:00:00 AM,2020,1899-12-31T21:40:00.000,NOCHE,6_SABADO,ZAMORANO,CARRERA 28 CALLE 60A-62,URBANA,TECNICO,355.195,-7.629.375,SEMAFORO EN ROJO,ACOMPAÑANTE MOTOCICLISTA,CHOQUE,1,NO APLICA,PALMA,NO APLICA,NO APLICA,NO APLICA,NO APLICA,NO APLICA,NO APLICA,,
HERIDOS,01/17/2020 12:00:00 AM,2020,1899-12-31T13:30:00.000,TARDE,5_VIERNES,MUINICIPAL,CARRERA 1 CALLE 31,URBANA,TECNICO,352.417,-7.627.835,CRUZAR SIN OBSERVAR,MOTOCICLISTA,ATROPELLO,1,NO APLICA,PALMA,NO APLICA,MOTO,HONDA,PRADERA,PARTICULAR,NO APLICA,,
HERIDOS,01/17/2020 12:00:00 AM,2020,1899-12-31T13:30:00.000,TARDE,5_VIERNES,MUINICIPAL,CARRERA 1 CALLE 31,URBANA,TECNICO,352.417,-7.627.835,CRUZAR SIN OBSERVAR,PEATON,ATROPELLO,1,NO APLICA,PALMA,NO APLICA,NO APLICA,NO APLICA,NO APLICA,NO APLICA,NO APLICA,,
HERIDOS,01/18/2020 12:00:00 AM,2020,1899-12-31T22:30:00.000,NOCHE,6_SABADO,LIBERTADORES,CALLE 30 CALLE 29,URBANA,TECNICO,352.474,-7.628.553,GIRAR CON O SIN INDICACION,MOTOCICLISTA,CHOQUE,1,NO APLICA,PALMIRA,NO APLICA,MOTO,YAMAHA,SEVILLA,PARTICULAR,NO APLICA,,
HERIDOS,01/18/2020 12:00:00 AM,2020,1899-12-31T22:30:00.000,NOCHE,6_SABADO,LIBERTADORES,CALLE 30 CALLE 29,URBANA,TECNICO,352.474,-7.628.553,GIRAR CON O SIN INDICACION,MOTOCICLISTA,CHOQUE,1,NO APLICA,PALMIRA,NO APLICA,MOTO,YAMAHA,GINEBRA,PARTICULAR,NO APLICA,,
HERIDOS,01/19/2020 12:00:00 AM,2020,1899-12-31T02:45:00.000,MADRUGADA,7_DOMINGO,JARDIN,CARRERA 1 CALLE 33-04,URBANA,TECNICO,352.847,-7.627.733,POR ESTABLECER,NO APLICA,ATROPELLO,NO APLICA,NO APLICA,NO APLICA,NO APLICA,MOTO,HERO,NO APLICA,PARTICULAR,NO APLICA,,
HERIDOS,01/19/2020 12:00:00 AM,2020,1899-12-31T02:45:00.000,MADRUGADA,7_DOMINGO,JARDIN,CARRERA 1 CALLE 33-04,URBANA,TECNICO,352.847,-7.627.733,POR ESTABLECER,PEATON,ATROPELLO,1,NO APLICA,RAUL,NO APLICA,NO APLICA,NO APLICA,NO APLICA,NO APLICA,NO APLICA,,
HERIDOS,01/19/2020 12:00:00 AM,2020,1899-12-31T23:30:00.000,NOCHE,7_DOMINGO,ZAMORANO,DIAGONAL 65 CARRERA 33,URBANA,TECNICO,355.811,-7.629.934,GIRAR BRUSCAMENTE,MOTOCICLISTA,CHOQUE,1,NO APLICA,RAUL,NO APLICA,MOTO,YAMAHA,FLORIDA,PARTICULAR,NO APLICA,,
DAÑOS,01/20/2020 12:00:00 AM,2020,1899-12-31T11:20:00.000,MAÑANA,1_LUNES,CENTRO,CARRERA 29 CALLE 31-56,URBANA,TECNICO,352.834,-762.996,ADELANTAR POR DERECHA,NO APLICA,CHOQUE,NO APLICA,NO APLICA,NO APLICA,NO APLICA,AUTOMOVIL,RENAULT,CAQUETA,PARTICULAR,NO APLICA,,
DAÑOS,01/20/2020 12:00:00 AM,2020,1899-12-31T11:20:00.000,MAÑANA,1_LUNES,CENTRO,CARRERA 29 CALLE 31-56,URBANA,TECNICO,352.834,-762.996,ADELANTAR POR DERECHA,NO APLICA,CHOQUE,NO APLICA,NO APLICA,NO APLICA,NO APLICA,MOTO,BAJAJ,GUACARI,PARTICULAR,NO APLICA,,
DAÑOS,01/17/2020 12:00:00 AM,2020,1899-12-31T23:50:00.000,NOCHE,5_VIERNES,ESTONIA,CARRERA 30  CALLE 43,URBANA,TECNICO,353.885,-7.629.868,DESOBEDECER SEÑALES,NO APLICA,CHOQUE,NO APLICA,NO APLICA,NO APLICA,NO APLICA,CAMIONETA,FORD,CALI,PARTICULAR,NO APLICA,,
DAÑOS,01/17/2020 12:00:00 AM,2020,1899-12-31T23:50:00.000,NOCHE,5_VIERNES,ESTONIA,CARRERA 30  CALLE 43,URBANA,TECNICO,353.885,-7.629.868,DESOBEDECER SEÑALES,NO APLICA,CHOQUE,NO APLICA,NO APLICA,NO APLICA,NO APLICA,AUTOMOVIL,MAZDA,CALI,PARTICULAR,NO APLICA,,
DAÑOS,01/17/2020 12:00:00 AM,2020,1899-12-31T22:00:00.000,NOCHE,5_VIERNES,VERSALLE S,CARRERA 28 CALLE 40-41,URBANA,TECNICO,353.685,-7.629.739,CONDUCIR SIN LAS MEDIDAS DE PRACAUCION,NO APLICA,CHOQUE OBJETO FIJO,NO APLICA,NO APLICA,NO APLICA,NO APLICA,BUS,SCANIA,GUACARI,PUBLICO,EXP TREJOS,,
DAÑOS,01/17/2020 12:00:00 AM,2020,1899-12-31T22:00:00.000,NOCHE,5_VIERNES,VERSALLE S,CARRERA 28 CALLE 40-41,URBANA,TECNICO,353.685,-7.629.739,CONDUCIR SIN LAS MEDIDAS DE PRACAUCION,NO APLICA,CHOQUE OBJETO FIJO,NO APLICA,NO APLICA,NO APLICA,NO APLICA,AUTOMOVIL,CITROEN,CALI,PARTICULAR,NO APLICA,,
HERIDOS,01/17/2020 12:00:00 AM,2020,1899-12-31T23:55:00.000,NOCHE,5_VIERNES,MIRRIÑAO,CARRERA 28 CALLE 53,URBANA,TECNICO,354.599,-7.629.602,CONDUCIR EN ZIGZA,NO APLICA,CHOQUE,NO APLICA,NO APLICA,NO APLICA,NO APLICA,AUTOMOVIL,HYUNDAI,PALMIRA,PUBLICO,NO APLICA,,
HERIDOS,01/17/2020 12:00:00 AM,2020,1899-12-31T23:55:00.000,NOCHE,5_VIERNES,MIRRIÑAO,CARRERA 28 CALLE 53,URBANA,TECNICO,354.599,-7.629.602,CONDUCIR EN ZIGZA,CICLISTA,CHOQUE,1,NO APLICA,PALMA,NO APLICA,BICICLETA,NO APLICA,NO APLICA,PARTICULAR,NO APLICA,,
HERIDOS,01/17/2020 12:00:00 AM,2020,1899-12-31T23:55:00.000,NOCHE,5_VIERNES,MIRRIÑAO,CARRERA 28 CALLE 53,URBANA,TECNICO,354.599,-7.629.602,CONDUCIR EN ZIGZA,ACOMPAÑANTE CICLISTA,CHOQUE,1,NO APLICA,PALMA,NO APLICA,NO APLICA,NO APLICA,NO APLICA,NO APLICA,NO APLICA,,
DAÑOS,01/20/2020 12:00:00 AM,2020,1899-12-31T18:00:00.000,NOCHE,1_LUNES,COLOMBINA,CALLE 29 CARRERA 13,URBANA,TECNICO,352.456,-7.628.664,ARRANCAR SIN PRECAUCION,NO APLICA,CHOQUE,NO APLICA,NO APLICA,NO APLICA,NO APLICA,MOTO,HONDA,PALMIRA,PARTICULAR,NO APLICA,,
DAÑOS,01/20/2020 12:00:00 AM,2020,1899-12-31T18:00:00.000,NOCHE,1_LUNES,COLOMBINA,CALLE 29 CARRERA 13,URBANA,TECNICO,352.456,-7.628.664,ARRANCAR SIN PRECAUCION,NO APLICA,CHOQUE,NO APLICA,NO APLICA,NO APLICA,NO APLICA,CAMION,JAC,EL CERRITO,PUBLICO,NO APLICA,,
HERIDOS,01/18/2020 12:00:00 AM,2020,1899-12-31T21:20:00.000,NOCHE,6_SABADO,CENTRO POBLADO ROZO,CALLE 10 N 18-195,RURAL,TECNICO,361.518,-7.639.229,INVADIR CARRIL,MOTOCICLISTA,CHOQUE,1,NO APLICA,RAUL,NO APLICA,MOTO,SUZUKI,PALMIRA,PARTICULAR,NO APLICA,,
HERIDOS,01/18/2020 12:00:00 AM,2020,1899-12-31T21:20:00.000,NOCHE,6_SABADO,CENTRO POBLADO ROZO,CALLE 10 N 18-195,RURAL,TECNICO,361.518,-7.639.229,INVADIR CARRIL,MOTOCICLISTA,CHOQUE,1,NO APLICA,RAUL,NO APLICA,MOTO,AKT,CALI,PARTICULAR,NO APLICA,,
HERIDOS,01/18/2020 12:00:00 AM,2020,1899-12-31T21:20:00.000,NOCHE,6_SABADO,CENTRO POBLADO ROZO,CALLE 10 N 18-195,RURAL,TECNICO,361.518,-7.639.229,INVADIR CARRIL,ACOMPAÑANTE MOTOCICLISTA,CHOQUE,1,NO APLICA,RAUL,NO APLICA,NO APLICA,NO APLICA,NO APLICA,NO APLICA,NO APLICA,,
HERIDOS,01/21/2020 12:00:00 AM,2020,1899-12-31T06:40:00.000,MAÑANA,2_MARTES,INDUSTRIAL,CALLE 42 CARRERA 33,URBANA,TECNICO,3.5385,-7.630.224,NO RESPETAR PRELACION,NO APLICA,CHOQUE,NO APLICA,NO APLICA,NO APLICA,NO APLICA,AUTOMOVIL,KIA,PALMIRA,PUBLICO,COOTRANSPAL,,
HERIDOS,01/21/2020 12:00:00 AM,2020,1899-12-31T06:40:00.000,MAÑANA,2_MARTES,INDUSTRIAL,CALLE 42 CARRERA 33,URBANA,TECNICO,3.5385,-7.630.224,NO RESPETAR PRELACION,CICLISTA,CHOQUE,1,NO APLICA,PALMA,NO APLICA,BICICLETA,WILMAR,NO APLICA,PARTICULAR,NO APLICA,,
DAÑOS,01/21/2020 12:00:00 AM,2020,1899-12-31T15:00:00.000,TARDE,2_MARTES,VERSALLE S,CAKLLE 42 CARRERA 28,URBANA,TECNICO,3.5382,-7.629.729,FALTA DE PREVENCION,NO APLICA,CHOQUE,NO APLICA,NO APLICA,NO APLICA,NO APLICA,CAMIONETA,JAC,PRADERA,PARTICULAR,NO APLICA,,
DAÑOS,01/21/2020 12:00:00 AM,2020,1899-12-31T15:00:00.000,TARDE,2_MARTES,VERSALLE S,CAKLLE 42 CARRERA 28,URBANA,TECNICO,3.5382,-7.629.729,FALTA DE PREVENCION,NO APLICA,CHOQUE,NO APLICA,NO APLICA,NO APLICA,NO APLICA,CAMIONETA,FOTON,PRADERA,PARTICULAR,NO APLICA,,
HERIDOS,01/21/2020 12:00:00 AM,2020,1899-12-31T05:50:00.000,MADRUGADA,2_MARTES,SESQUI,CARRERA 32 CARRERA 33A,URBANA,TECNICO,351.333,-763.061,NO RESPATAR PRELACION,MOTOCICLISTA,CHOQUE,1,NO APLICA,PALMIRA,NO APLICA,MOTO,BAJAJ,PALMIRA,PARTICULAR,NO APLICA,,
HERIDOS,01/21/2020 12:00:00 AM,2020,1899-12-31T05:50:00.000,MADRUGADA,2_MARTES,SESQUI,CARRERA 32 CARRERA 33A,URBANA,TECNICO,351.333,-763.061,NO RESPATAR PRELACION,NO APLICA,CHOQUE,NO APLICA,NO APLICA,NO APLICA,NO APLICA,AUTOMOVIL,CHEVROLET,CALI,PARTICULAR,NO APLICA,,
HERIDOS,01/21/2020 12:00:00 AM,2020,1899-12-31T08:20:00.000,MAÑANA,2_MARTES,CENTRO,CALLE 29 CARRERA 25,URBANA,TECNICO,3.5257,-7.629.653,DESOBEDECER SEÑALES,MOTOCICLISTA,CHOQUE,1,NO APLICA,PALMIRA,NO APLICA,MOTO,HONDA,FLORIDA,PARTICULAR,NO APLICA,,
HERIDOS,01/21/2020 12:00:00 AM,2020,1899-12-31T08:20:00.000,MAÑANA,2_MARTES,CENTRO,CALLE 29 CARRERA 25,URBANA,TECNICO,3.5257,-7.629.653,DESOBEDECER SEÑALES,NO APLICA,CHOQUE,NO APLICA,NO APLICA,NO APLICA,NO APLICA,AUTOMOVIL,CHEVROLET,GUACARI,PARTICULAR,NO APLICA,,
DAÑOS,01/21/2020 12:00:00 AM,2020,1899-12-31T20:00:00.000,NOCHE,2_MARTES,VERSALLE S,CALLE 42 CARRERA 29 13,URBANA,TECNICO,353.797,-7.629.832,INVADIR CARRIL,NO APLICA,CHOQUE,NO APLICA,NO APLICA,NO APLICA,NO APLICA,CAMION,FORD,BELLO,PARTICULAR,NO APLICA,,
DAÑOS,01/21/2020 12:00:00 AM,2020,1899-12-31T20:00:00.000,NOCHE,2_MARTES,VERSALLE S,CALLE 42 CARRERA 29 13,URBANA,TECNICO,353.797,-7.629.832,INVADIR CARRIL,NO APLICA,CHOQUE,NO APLICA,NO APLICA,NO APLICA,NO APLICA,AUTOMOVIL,CHEVROLET,PALMIRA,PARTICULAR,NO APLICA,,
DAÑOS,01/22/2020 12:00:00 AM,2020,1899-12-31T17:00:00.000,TARDE,3_MIERCOLES,SAMANES,CALLE 47 CARRERA 28 -32,URBANA,TECNICO,354.222,-7.629.686,NO MANTENER DISTANCIA DE SEGURIDAD,NO APLICA,CHOQUE,NO APLICA,NO APLICA,NO APLICA,NO APLICA,CAMIONETA,CHEVROLET,CERRITO,PARTICULAR,NO APLICA,,
DAÑOS,01/22/2020 12:00:00 AM,2020,1899-12-31T17:00:00.000,TARDE,3_MIERCOLES,SAMANES,CALLE 47 CARRERA 28 -32,URBANA,TECNICO,354.222,-7.629.686,NO MANTENER DISTANCIA DE SEGURIDAD,NO APLICA,CHOQUE,NO APLICA,NO APLICA,NO APLICA,NO APLICA,AUTOMOVIL,CHEVROLET,CALI,PARTICULAR,NO APLICA,,
DAÑOS,01/21/2020 12:00:00 AM,2020,1899-12-31T12:30:00.000,TARDE,2_MARTES,ALTAMIRA,CALLE 47 CARRERA 26-14,URBANA,TECNICO,3.5422,-7.629.538,FALTA DE PREVENCION,NO APLICA,CHOQUE,NO APLICA,NO APLICA,NO APLICA,NO APLICA,AUTOMOVIL,FORD,RIOSUCIO,PARTICULAR,NO APLICA,,
DAÑOS,01/21/2020 12:00:00 AM,2020,1899-12-31T12:30:00.000,TARDE,2_MARTES,ALTAMIRA,CALLE 47 CARRERA 26-14,URBANA,TECNICO,3.5422,-7.629.538,FALTA DE PREVENCION,NO APLICA,CHOQUE,NO APLICA,NO APLICA,NO APLICA,NO APLICA,CAMION,INTERNATIONAL,FACATATIVA,PUBLICO,NO APLICA,,
DAÑOS,01/21/2020 12:00:00 AM,2020,1899-12-31T15:40:00.000,TARDE,2_MARTES,EL TREBOL,CALLE 26A CARRERA 22,URBANA,TECNICO,352.314,-7.629.428,DESOBEDECER SEÑALES,NO APLICA,CHOQUE,NO APLICA,NO APLICA,NO APLICA,NO APLICA,AUTOMOVIL,DAIHATSU,CERRITO,PARTICULAR,NO APLICA,,
DAÑOS,01/21/2020 12:00:00 AM,2020,1899-12-31T15:40:00.000,TARDE,2_MARTES,EL TREBOL,CALLE 26A CARRERA 22,URBANA,TECNICO,352.314,-7.629.428,DESOBEDECER SEÑALES,NO APLICA,CHOQUE,NO APLICA,NO APLICA,NO APLICA,NO APLICA,BUSETA,IVECO,PALMIRA,PARTICULAR,NO APLICA,,
DAÑOS,01/22/2020 12:00:00 AM,2020,1899-12-31T14:00:00.000,TARDE,3_MIERCOLES,EMILIA,CALLE 36 CARRERA 35,URBANA,TECNICO,353.408,-7.630.569,NO MANTENER DISTANCIA DE SEGURIDAD,NO APLICA,CHOQUE,NO APLICA,NO APLICA,NO APLICA,NO APLICA,AUTOMOVIL,NISSAN,CALI,PARTICULAR,NO APLICA,,
DAÑOS,01/22/2020 12:00:00 AM,2020,1899-12-31T14:00:00.000,TARDE,3_MIERCOLES,EMILIA,CALLE 36 CARRERA 35,URBANA,TECNICO,353.408,-7.630.569,NO MANTENER DISTANCIA DE SEGURIDAD,NO APLICA,CHOQUE,NO APLICA,NO APLICA,NO APLICA,NO APLICA,CAMION,CHEVROLET,TUNJA,PARTICULAR,NO APLICA,,
DAÑOS,01/22/2020 12:00:00 AM,2020,1899-12-31T18:45:00.000,NOCHE,3_MIERCOLES,INDUSTRIAL,CALLE 42 CARRERA 34 B,URBANA,TECNICO,353.859,-7.630.383,ADEALANTA POR LA DERECHA,NO APLICA,CHOQUE,NO APLICA,NO APLICA,NO APLICA,NO APLICA,AUTOMOVIL,CHEVROLET,CALI,PARTICULAR,NO APLICA,,
DAÑOS,01/22/2020 12:00:00 AM,2020,1899-12-31T18:45:00.000,NOCHE,3_MIERCOLES,INDUSTRIAL,CALLE 42 CARRERA 34 B,URBANA,TECNICO,353.859,-7.630.383,ADEALANTA POR LA DERECHA,NO APLICA,CHOQUE,NO APLICA,NO APLICA,NO APLICA,NO APLICA,MOTO,HERO,FLORIDA,PARTICULAR,NO APLICA,,
HERIDOS,01/22/2020 12:00:00 AM,2020,1899-12-31T18:50:00.000,NOCHE,3_MIERCOLES,SANTA BARBARA,CALLE 26 CARRERA 44-45,URBANA,TECNICO,352.664,-7.631.637,GIRAR BRUSCAMENTE,MOTOCICLISTA,CHOQUE,1,NO APLICA,PALMA,NO APLICA,MOTO,HONDA,SEVILLA,PARTICULAR,NO APLICA,,
HERIDOS,01/22/2020 12:00:00 AM,2020,1899-12-31T18:50:00.000,NOCHE,3_MIERCOLES,SANTA BARBARA,CALLE 26 CARRERA 44-45,URBANA,TECNICO,352.664,-7.631.637,GIRAR BRUSCAMENTE,MOTOCICLISTA,CHOQUE,1,NO APLICA,RAUL,NO APLICA,MOTO,SUZUKI,CALARCA,PARTICULAR,NO APLICA,,
HERIDOS,01/22/2020 12:00:00 AM,2020,1899-12-31T18:50:00.000,NOCHE,3_MIERCOLES,SANTA BARBARA,CALLE 26 CARRERA 44-45,URBANA,TECNICO,352.664,-7.631.637,GIRAR BRUSCAMENTE,ACOMPAÑANTE MOTOCICLISTA,CHOQUE,1,NO APLICA,RAUL,NO APLICA,NO APLICA,NO APLICA,NO APLICA,NO APLICA,NO APLICA,,
DAÑOS,01/21/2020 12:00:00 AM,2020,1899-12-31T19:30:00.000,NOCHE,2_MARTES,VERSALLE S,CARRERA 28 CALLE 42-41,URBANA,TECNICO,353.888,-7.629.708,NO ESTAR PENDIENTE DE LA VIA,NO APLICA,CHOQUE,NO APLICA,NO APLICA,NO APLICA,NO APLICA,TRACTO CAMION,INTERNATIONAL,BELLO,PUBLICO,NO APLICA,,
DAÑOS,01/21/2020 12:00:00 AM,2020,1899-12-31T19:30:00.000,NOCHE,2_MARTES,VERSALLE S,CARRERA 28 CALLE 42-41,URBANA,TECNICO,353.888,-7.629.708,NO ESTAR PENDIENTE DE LA VIA,NO APLICA,CHOQUE,NO APLICA,NO APLICA,NO APLICA,NO APLICA,AUTOMOVIL,NISSAN,CALI,PARTICULAR,NO APLICA,,
HERIDOS,01/22/2020 12:00:00 AM,2020,1899-12-31T15:30:00.000,TARDE,3_MIERCOLES,PARAISO,VIA PALMIRA - PRADERA KM 1,URBANA,TECNICO,352.045,-7.627.754,REALIZAR GIRO EN U,MOTOCICLISTA,CHOQUE,1,NO APLICA,PALMA,NO APLICA,MOTO,AKT,PRADERA,PARTICULAR,NO APLICA,,
HERIDOS,01/22/2020 12:00:00 AM,2020,1899-12-31T15:30:00.000,TARDE,3_MIERCOLES,PARAISO,VIA PALMIRA - PRADERA KM 1,URBANA,TECNICO,352.045,-7.627.754,REALIZAR GIRO EN U,MOTOCICLISTA,CHOQUE,1,NO APLICA,PALMA,NO APLICA,MOTO,SUZUKI,PALMIRA,PARTICULAR,NO APLICA,,
DAÑOS,01/22/2020 12:00:00 AM,2020,1899-12-31T17:30:00.000,TARDE,3_MIERCOLES,LA MERCEDES,CALLE 59 CARRERA 26A,URBANA,TECNICO,354.935,-7.629.138,DESOBEDECER SEÑALES,NO APLICA,CHOQUE,NO APLICA,NO APLICA,NO APLICA,NO APLICA,AUTOMOVIL,CHEVROLET,PALMIRA,PARTICULAR,NO APLICA,,
DAÑOS,01/22/2020 12:00:00 AM,2020,1899-12-31T17:30:00.000,TARDE,3_MIERCOLES,LA MERCEDES,CALLE 59 CARRERA 26A,URBANA,TECNICO,354.935,-7.629.138,DESOBEDECER SEÑALES,NO APLICA,CHOQUE,NO APLICA,NO APLICA,NO APLICA,NO APLICA,AUTOMOVIL,FIAT,CALI,PARTICULAR,NO APLICA,,
DAÑOS,01/23/2020 12:00:00 AM,2020,1899-12-31T12:35:00.000,TARDE,4_JUEVES,MIRRIÑAO,CALLE 53 CARRERA 33,URBANA,TECNICO,354.682,-7.630.139,ADELANATRA INVADIENDO CARRIL,NO APLICA,CHOQUE,NO APLICA,NO APLICA,NO APLICA,NO APLICA,CAMPERO,TOYOTA,BOGOTA,PARTICULAR,NO APLICA,,
DAÑOS,01/23/2020 12:00:00 AM,2020,1899-12-31T12:35:00.000,TARDE,4_JUEVES,MIRRIÑAO,CALLE 53 CARRERA 33,URBANA,TECNICO,354.682,-7.630.139,ADELANATRA INVADIENDO CARRIL,NO APLICA,CHOQUE,NO APLICA,NO APLICA,NO APLICA,NO APLICA,CAMIONETA,CHEVROLET,BOGOTA,PARTICULAR,NO APLICA,,
HERIDOS,01/26/2020 12:00:00 AM,2020,1899-12-31T23:50:00.000,NOCHE,7_DOMINGO,RECREO,CALLE 20 CARRERA 30,URBANA,TECNICO,351.878,-7.630.221,DESOBEDECER SEÑALES,CONDUCTOR,CHOQUE,1,NO APLICA,PALMIRA,NO APLICA,AUTOMOVIL,NISSAN,CALI,PARTICULAR,NO APLICA,,
HERIDOS,01/26/2020 12:00:00 AM,2020,1899-12-31T23:50:00.000,NOCHE,7_DOMINGO,RECREO,CALLE 20 CARRERA 30,URBANA,TECNICO,351.878,-7.630.221,DESOBEDECER SEÑALES,MOTOCICLISTA,CHOQUE,1,NO APLICA,RAUL,NO APLICA,MOTO,BAJAJ,DOSQUEBRADAS,PARTICULAR,NO APLICA,,
HERIDOS,01/26/2020 12:00:00 AM,2020,1899-12-31T23:50:00.000,NOCHE,7_DOMINGO,RECREO,CALLE 20 CARRERA 30,URBANA,TECNICO,351.878,-7.630.221,DESOBEDECER SEÑALES,ACOMPAÑANTE MOTOCICLISTA,CHOQUE,1,NO APLICA,RAUL,NO APLICA,NO APLICA,NO APLICA,NO APLICA,NO APLICA,NO APLICA,,
DAÑOS,01/26/2020 12:00:00 AM,2020,1899-12-31T19:30:00.000,NOCHE,7_DOMINGO,LOS SAUSES,CARRERA 1 CALLE 35B,URBANA,TECNICO,353.175,-7.627.733,IMPERICIA EN EL MANEJO,NO APLICA,CHOQUE,NO APLICA,NO APLICA,NO APLICA,NO APLICA,AUTOMOVIL,CHEVROLET,PALMIRA,PARTICULAR,NO APLICA,,
DAÑOS,01/26/2020 12:00:00 AM,2020,1899-12-31T19:30:00.000,NOCHE,7_DOMINGO,LOS SAUSES,CARRERA 1 CALLE 35B,URBANA,TECNICO,353.175,-7.627.733,IMPERICIA EN EL MANEJO,NO APLICA,CHOQUE,NO APLICA,NO APLICA,NO APLICA,NO APLICA,MOTO,HONDA,BUGA,PARTICULAR,NO APLICA,,
HERIDOS,01/27/2020 12:00:00 AM,2020,1899-12-31T08:50:00.000,MAÑANA,1_LUNES,EMILIA,CALLE 36 CARRERA 37,URBANA,TECNICO,353.376,-7.630.737,DESOBEDECER SEÑALES,NO APLICA,CHOQUE,NO APLICA,NO APLICA,NO APLICA,NO APLICA,CAMIONETA,RENAULT,CALI,PARTICULAR,NO APLICA,,
HERIDOS,01/27/2020 12:00:00 AM,2020,1899-12-31T08:50:00.000,MAÑANA,1_LUNES,EMILIA,CALLE 36 CARRERA 37,URBANA,TECNICO,353.376,-7.630.737,DESOBEDECER SEÑALES,MOTOCICLISTA,CHOQUE,1,NO APLICA,PALMA,NO APLICA,MOTO,BAJAJ,PALMIRA,PARTICULAR,NO APLICA,,
DAÑOS,01/24/2020 12:00:00 AM,2020,1899-12-31T14:30:00.000,TARDE,5_VIERNES,BRRIO NUEVO,"CALLE 27 CARRERA 30,35",URBANA,TECNICO,352.476,-7.630.155,ARRANCAR SIN PRECAUCION,NO APLICA,CHOQUE,NO APLICA,NO APLICA,NO APLICA,NO APLICA,MOTO,KIMCO,PALMIRA,PARTICULAR,NO APLICA,,