GRAVEDAD,FECHA,AÑO,HORA,JORNADA,DIA_SEMANA,BARRIOS-COREGIMIENTO- VIA,DIRECCION,ZONA,AUTORIDAD,LAT,LONG,HIPOTESIS,CONDICION DE LA VICTIMA,CLASE DE SINIESTRO,LESIONADO,HOMICIDIOS,CLINICA,SITIO,CLASE VEHICULO,MARCA,MATRICULA,TIPO DE SERVICIO,EMPRESA, , 
DAÑOS,02/03/2020 12:00:00 AM,2020,1899-12-31T11:40:00.000,MAÑANA,1_LUNES,CENTRO,CALLE 31 CARRERA 31-60,URBANA,TECNICO,352.852,-7.630.181,PARQUIAR SIN MEDIDAS DE PRECAUCION,NO APLICA,CHOQUE,NO APLICA,NO APLICA,NO APLICA,NO APLICA,AUTOMOVIL,CHEVROLET,CALI,PARTICULAR,NO APLICA,,
HERIDOS,02/03/2020 12:00:00 AM,2020,1899-12-31T11:40:00.000,MAÑANA,1_LUNES,CENTRO,CALLE 31 CARRERA 31-60,URBANA,TECNICO,352.852,-7.630.181,PARQUIAR SIN MEDIDAS DE PRECAUCION,NO APLICA,CHOQUE,NO APLICA,NO APLICA,NO APLICA,NO APLICA,AUTOMOVIL,MAZDA,CALI,PARTICULAR,NO APLICA,,
DAÑOS,02/01/2020 12:00:00 AM,2020,1899-12-31T01:45:00.000,MADRUGADA,6_SABADO,CENTRO,CARRERA 32 CALLE 32 -135,URBANA,TECNICO,3.5295,-7.630.223,POR ESTABLECER,NO APLICA,CHOQUE,NO APLICA,NO APLICA,NO APLICA,NO APLICA,MOTO,JINCHENG,EL CERRITO,PARTICULAR,NO APLICA,,
DAÑOS,02/01/2020 12:00:00 AM,2020,1899-12-31T01:45:00.000,MADRUGADA,6_SABADO,CENTRO,CARRERA 32 CALLE 32 -135,URBANA,TECNICO,3.5295,-7.630.223,POR ESTABLECER,NO APLICA,CHOQUE,NO APLICA,NO APLICA,NO APLICA,NO APLICA,MOTO,HONDA,FLORIDA,PARTICULAR,NO APLICA,,
HERIDOS,02/01/2020 12:00:00 AM,2020,1899-12-31T20:45:00.000,NOCHE,6_SABADO,LOS PINOS,CALLE 42 CARRERA 22,URBANA,TECNICO,353.728,-7.629.239,NO RESPETAR PELACION,MOTOCICLISTA,CHOQUE,1,NO APLICA,RAUL,NO APLICA,MOTO,AKT,CALI,PARTICULAR,NO APLICA,,
HERIDOS,02/01/2020 12:00:00 AM,2020,1899-12-31T20:45:00.000,NOCHE,6_SABADO,LOS PINOS,CALLE 42 CARRERA 22,URBANA,TECNICO,353.728,-7.629.239,NO RESPETAR PELACION,NO APLICA,CHOQUE,NO APLICA,NO APLICA,NO APLICA,NO APLICA,AUTOMOVIL,KIA,PALMIRA,PARTICULAR,NO APLICA,,
DAÑOS,02/02/2020 12:00:00 AM,2020,1899-12-31T19:05:00.000,NOCHE,7_DOMINGO,EMILIA,CALLE 42 CARRERA 39,URBANA,TECNICO,354.019,-7.630.999,GIRAR BRUSCAMENTE,NO APLICA,CHOQUE,NO APLICA,NO APLICA,NO APLICA,NO APLICA,AUTOMOVIL,NISSAN,CALI,PARTICULAR,NO APLICA,,
HERIDOS,02/03/2020 12:00:00 AM,2020,1899-12-31T16:00:00.000,TARDE,1_LUNES,EMILIA,CARRERA 36 CALLE 37,URBANA,TECNICO,3.5347,-7.630.674,DESOBEDECER SEÑAL,MOTOCICLISTA,CHOQUE,1,NO APLICA,FRACTURAS,NO APLICA,MOTO,KIMCO,GINEBRA,PARTICULAR,NO APLICA,,
HERIDOS,02/03/2020 12:00:00 AM,2020,1899-12-31T16:00:00.000,TARDE,1_LUNES,EMILIA,CARRERA 36 CALLE 37,URBANA,TECNICO,3.5347,-7.630.674,DESOBEDECER SEÑAL,MOTOCICLISTA,CHOQUE,1,NO APLICA,PALMIRA,NO APLICA,MOTO,HONDA,DOSQUEBRADAS,PARTICULAR,NO APLICA,,
DAÑOS,02/03/2020 12:00:00 AM,2020,1899-12-31T17:00:00.000,TARDE,1_LUNES,LOS SAUSES,CARRERA 1 CALLE 36-36A,URBANA,TECNICO,353.362,-7.627.733,POR ESTABLECER,NO APLICA,CHOQUE,NO APLICA,NO APLICA,NO APLICA,NO APLICA,CAMPERO,SSANGYONE,CALI,PARTICULAR,NO APLICA,,
HERIDOS,02/02/2020 12:00:00 AM,2020,1899-12-31T07:10:00.000,MAÑANA,7_DOMINGO,SANTA ISABEL,CARRERA 28 CALLE 44,URBANA,TECNICO,353.928,-7.629.714,NO MANTENER DISTANCIA DE SEGURIDAD,MOTOCICLISTA,CHOQUE,1,NO APLICA,RAUL,NO APLICA,MOTO,KIMCO,CARTAGO,PARTICULAR,NO APLICA,,
HERIDOS,02/02/2020 12:00:00 AM,2020,1899-12-31T07:10:00.000,MAÑANA,7_DOMINGO,SANTA ISABEL,CARRERA 28 CALLE 44,URBANA,TECNICO,353.928,-7.629.714,NO MANTENER DISTANCIA DE SEGURIDAD,MOTOCICLISTA,CHOQUE,1,NO APLICA,RAUL,NO APLICA,MOTO,BAJAJ,PRADERA,PARTICULAR,NO APLICA,,
HERIDOS,02/02/2020 12:00:00 AM,2020,1899-12-31T07:30:00.000,MAÑANA,7_DOMINGO,NUEVO,CARRERA 31 CALLE 27,URBANA,TECNICO,352.781,-7.629.786,DESOBEDECER SEÑAL,MOTOCICLISTA,CHOQUE,1,NO APLICA,PALMA,NO APLICA,MOTO,HONDA,PALMIRA,PARTICULAR,NO APLICA,,
HERIDOS,02/02/2020 12:00:00 AM,2020,1899-12-31T07:30:00.000,MAÑANA,7_DOMINGO,NUEVO,CARRERA 31 CALLE 27,URBANA,TECNICO,352.781,-7.629.786,DESOBEDECER SEÑAL,NO APLICA,CHOQUE,NO APLICA,NO APLICA,NO APLICA,NO APLICA,MOTO,HONDA,GUACARI,PARTICULAR,NO APLICA,,
HERIDOS,02/02/2020 12:00:00 AM,2020,1899-12-31T07:30:00.000,MAÑANA,7_DOMINGO,NUEVO,CARRERA 31 CALLE 27,URBANA,TECNICO,352.781,-7.629.786,DESOBEDECER SEÑAL,ACOMPAÑANTE MOTOCICLISTA,CHOQUE,1,NO APLICA,PALMA,NO APLICA,NO APLICA,NO APLICA,NO APLICA,NO APLICA,NO APLICA,,
HERIDOS,02/02/2020 12:00:00 AM,2020,1899-12-31T07:30:00.000,MAÑANA,7_DOMINGO,NUEVO,CARRERA 31 CALLE 27,URBANA,TECNICO,352.781,-7.629.786,DESOBEDECER SEÑAL,ACOMPAÑANTE MOTOCICLISTA,CHOQUE,1,NO APLICA,PALMA,NO APLICA,NO APLICA,NO APLICA,NO APLICA,NO APLICA,NO APLICA,,
DAÑOS,02/02/2020 12:00:00 AM,2020,1899-12-31T09:00:00.000,MAÑANA,7_DOMINGO,EMILIA,CALLE 32 CARRERA 39,URBANA,TECNICO,353.088,-7.630.897,DESOBEDECER SEÑAL,NO APLICA,CHOQUE,NO APLICA,NO APLICA,NO APLICA,NO APLICA,AUTOMOVIL,RENAULT,CALI,PARTICULAR,NO APLICA,,
DAÑOS,02/02/2020 12:00:00 AM,2020,1899-12-31T09:00:00.000,MAÑANA,7_DOMINGO,EMILIA,CALLE 32 CARRERA 39,URBANA,TECNICO,353.088,-7.630.897,DESOBEDECER SEÑAL,NO APLICA,CHOQUE,NO APLICA,NO APLICA,NO APLICA,NO APLICA,MOTO,AKT,CALI,PARTICULAR,NO APLICA,,
HERIDOS,02/04/2020 12:00:00 AM,2020,1899-12-31T12:10:00.000,TARDE,2_MARTES,CENTRO,CARRERA 33 CALLE 31-27,URBANA,TECNICO,352.883,-7.630.319,ADELANTAMIENTO INDEBIDO,NO APLICA,CHOQUE,NO APLICA,NO APLICA,NO APLICA,NO APLICA,MOTO,BAJAJ,PALMIRA,PARTICULAR,NO APLICA,,
HERIDOS,02/04/2020 12:00:00 AM,2020,1899-12-31T12:10:00.000,TARDE,2_MARTES,CENTRO,CARRERA 33 CALLE 31-27,URBANA,TECNICO,352.883,-7.630.319,ADELANTAMIENTO INDEBIDO,MOTOCICLISTA,CHOQUE,1,NO APLICA,PALMIRA,NO APLICA,MOTO,SUZUKI,PALMIRA,PARTICULAR,NO APLICA,,
HERIDOS,02/04/2020 12:00:00 AM,2020,1899-12-31T12:10:00.000,TARDE,2_MARTES,CENTRO,CARRERA 33 CALLE 31-27,URBANA,TECNICO,352.883,-7.630.319,ADELANTAMIENTO INDEBIDO,ACOMPAÑANTE MOTOCICLISTA,CHOQUE,1,NO APLICA,PALMIRA,NO APLICA,NO APLICA,NO APLICA,NO APLICA,NO APLICA,NO APLICA,,
HERIDOS,02/05/2020 12:00:00 AM,2020,1899-12-31T08:50:00.000,MAÑANA,3_MIERCOLES,SANTA RITA,CALLE 33 CARRERA 26,URBANA,TECNICO,353.006,-7.629.668,DESOBEDECER SEÑAL,MOTOCICLISTA,CHOQUE,1,NO APLICA,FRACTURAS,NO APLICA,MOTO,HONDA,GUACARI,PARTICULAR,NO APLICA,,
HERIDOS,02/05/2020 12:00:00 AM,2020,1899-12-31T08:50:00.000,MAÑANA,3_MIERCOLES,SANTA RITA,CALLE 33 CARRERA 26,URBANA,TECNICO,353.006,-7.629.668,DESOBEDECER SEÑAL,MOTOCICLISTA,CHOQUE,1,NO APLICA,FRACTURAS,NO APLICA,MOTO,YAMAHA,PALMIRA,PARTICULAR,NO APLICA,,
DAÑOS,02/05/2020 12:00:00 AM,2020,1899-12-31T09:50:00.000,MAÑANA,3_MIERCOLES,SAN CAYETANO,CARRERA 24 CALLE 41,URBANA,TECNICO,353.666,-7.629.411,DESOBEDECER SEÑAL,NO APLICA,CHOQUE,NO APLICA,NO APLICA,NO APLICA,NO APLICA,MICROBUS,CHEVROLET,PALMIRA,PARTICULAR,NO APLICA,,
DAÑOS,02/04/2020 12:00:00 AM,2020,1899-12-31T14:50:00.000,TARDE,2_MARTES,SANCAYETANO,CARRERA 24 CALLE 41,URBANA,TECNICO,353.666,-7.629.412,DESOBEDECER SEÑAL,NO APLICA,CHOQUE,NO APLICA,NO APLICA,NO APLICA,NO APLICA,AUTOMOVIL,NISSAN,PALMIRA,PARTICULAR,NO APLICA,,
DAÑOS,02/04/2020 12:00:00 AM,2020,1899-12-31T14:50:00.000,TARDE,2_MARTES,SANCAYETANO,CARRERA 24 CALLE 41,URBANA,TECNICO,353.666,-7.629.412,DESOBEDECER SEÑAL,NO APLICA,CHOQUE,NO APLICA,NO APLICA,NO APLICA,NO APLICA,AUTOMOVIL,CHEVROLET,CALI,PARTICULAR,NO APLICA,,
DAÑOS,02/04/2020 12:00:00 AM,2020,1899-12-31T17:45:00.000,TARDE,2_MARTES,CENTRO,CALLE 29 CARRERA 26-10,URBANA,TECNICO,352.588,-7.629.782,NO MANTENER DISTANCIA DE SEGURIDAD,NO APLICA,CHOQUE,NO APLICA,NO APLICA,NO APLICA,NO APLICA,MOTO,HONDA,GUACARI,PARTICULAR,NO APLICA,,
DAÑOS,02/04/2020 12:00:00 AM,2020,1899-12-31T17:45:00.000,TARDE,2_MARTES,CENTRO,CALLE 29 CARRERA 26-10,URBANA,TECNICO,352.588,-7.629.782,NO MANTENER DISTANCIA DE SEGURIDAD,NO APLICA,CHOQUE,NO APLICA,NO APLICA,NO APLICA,NO APLICA,AUTOMOVIL,HYUNDAI,PALMIRA,PARTICULAR,NO APLICA,,
DAÑOS,02/05/2020 12:00:00 AM,2020,1899-12-31T15:50:00.000,TARDE,3_MIERCOLES,SANTA BARBARA,CALLE 31 CARRERA 40A-13,URBANA,TECNICO,3.5297,-7.631.079,ADELANTAR POR LA DERECHHA,NO APLICA,CHOQUE,NO APLICA,NO APLICA,NO APLICA,NO APLICA,CAMIONETA,HYUNDAI,BOGOTA,PARTICULAR,NO APLICA,,
DAÑOS,02/05/2020 12:00:00 AM,2020,1899-12-31T15:50:00.000,TARDE,3_MIERCOLES,SANTA BARBARA,CALLE 31 CARRERA 40A-13,URBANA,TECNICO,3.5297,-7.631.079,ADELANTAR POR LA DERECHHA,NO APLICA,CHOQUE,NO APLICA,NO APLICA,NO APLICA,NO APLICA,CAMION,DODGE,TULUA,PUBLICO,NO APLICA,,
DAÑOS,02/05/2020 12:00:00 AM,2020,1899-12-31T16:45:00.000,TARDE,3_MIERCOLES,CENTRO,CARRERA 33A CALLE 30-81,URBANA,TECNICO,352.805,-7.630.438,OTRAS OBJETO EN LA VIA,NO APLICA,CHOQUE OBJETO FIJO,NO APLICA,NO APLICA,NO APLICA,NO APLICA,MOTO,YAMAHA,PRADERA,PARTICULAR,NO APLICA,,
DAÑOS,02/05/2020 12:00:00 AM,2020,1899-12-31T21:30:00.000,NOCHE,3_MIERCOLES,ESTONIA,CALLE 42 CARRERA 32A-25,URBANA,TECNICO,353.835,-7.630.111,NO MANTENER DISTANCIA DE SEGURIDAD,NO APLICA,CHOQUE,NO APLICA,NO APLICA,NO APLICA,NO APLICA,AUTOMOVIL,NISSAN,CALI,PARTICULAR,NO APLICA,,
DAÑOS,02/05/2020 12:00:00 AM,2020,1899-12-31T21:30:00.000,NOCHE,3_MIERCOLES,ESTONIA,CALLE 42 CARRERA 32A-25,URBANA,TECNICO,353.835,-7.630.111,NO MANTENER DISTANCIA DE SEGURIDAD,NO APLICA,CHOQUE,NO APLICA,NO APLICA,NO APLICA,NO APLICA,CAMIONETA,DODGE,CALI,PARTICULAR,NO APLICA,,
DAÑOS,02/05/2020 12:00:00 AM,2020,1899-12-31T14:00:00.000,TARDE,3_MIERCOLES,CENTRO,CALLE 28 CARRERA 29-64,URBANA,TECNICO,352.555,-7.630.088,NO MANTENER DISTANCIA DE SEGURIDAD,NO APLICA,CHOQUE,NO APLICA,NO APLICA,NO APLICA,NO APLICA,CAMPERO,CHEVROLET,PALMIRA,PARTICULAR,NO APLICA,,
DAÑOS,02/05/2020 12:00:00 AM,2020,1899-12-31T14:00:00.000,TARDE,3_MIERCOLES,CENTRO,CALLE 28 CARRERA 29-64,URBANA,TECNICO,352.555,-7.630.088,NO MANTENER DISTANCIA DE SEGURIDAD,NO APLICA,CHOQUE,NO APLICA,NO APLICA,NO APLICA,NO APLICA,AUTOMOVIL,FORD,BOGOTA,PARTICULAR,NO APLICA,,
HERIDOS,02/07/2020 12:00:00 AM,2020,1899-12-31T19:40:00.000,NOCHE,5_VIERNES,LA ITALIA,CALLE 6 CARRERA 28,URBANA,TECNICO,350.555,-762.993,DESOBEDECER SEÑAL,MOTOCICLISTA,CHOQUE,1,NO APLICA,PALMIRA,NO APLICA,MOTO,BAJAJ,FLORIDA,PARTICULAR,NO APLICA,,
HERIDOS,02/07/2020 12:00:00 AM,2020,1899-12-31T19:40:00.000,NOCHE,5_VIERNES,LA ITALIA,CALLE 6 CARRERA 28,URBANA,TECNICO,350.555,-762.993,DESOBEDECER SEÑAL,MOTOCICLISTA,CHOQUE,1,NO APLICA,PALMIRA,NO APLICA,MOTO,AKT,PALMIRA,PARTICULAR,NO APLICA,,
HERIDOS,02/07/2020 12:00:00 AM,2020,1899-12-31T19:40:00.000,NOCHE,5_VIERNES,LA ITALIA,CALLE 6 CARRERA 28,URBANA,TECNICO,350.555,-762.993,DESOBEDECER SEÑAL,NO APLICA,CHOQUE,NO APLICA,NO APLICA,NO APLICA,NO APLICA,AUTOMOVIL,CHEVROLET,GDK468,PARTICULAR,NO APLICA,,
HERIDOS,02/07/2020 12:00:00 AM,2020,1899-12-31T20:30:00.000,NOCHE,5_VIERNES,LOS SAUSES,CALLE 35 CARRERA 3,URBANA,TECNICO,353.109,-7.627.966,DESOBEDECER SEÑAL,MOTOCICLISTA,CHOQUE,1,NO APLICA,PALMA,NO APLICA,MOTO,YAMAHA,PRADERA,PARTICULAR,NO APLICA,,
HERIDOS,02/07/2020 12:00:00 AM,2020,1899-12-31T20:30:00.000,NOCHE,5_VIERNES,LOS SAUSES,CALLE 35 CARRERA 3,URBANA,TECNICO,353.109,-7.627.966,DESOBEDECER SEÑAL,MOTOCICLISTA,CHOQUE,1,NO APLICA,PALMA,NO APLICA,MOTO,YAMAHA,PRADERA,PARTICULAR,NO APLICA,,
DAÑOS,02/07/2020 12:00:00 AM,2020,1899-12-31T19:55:00.000,NOCHE,5_VIERNES,SANTA TERESITA,CALLE 42 CARRERA 39 -40,URBANA,TECNICO,353.896,-7.631.039,NO MANTENER DISTANCIA DE SEGURIDAD,NO APLICA,CHOQUE,NO APLICA,NO APLICA,NO APLICA,NO APLICA,CAMIONETA,KIA,POPAYAN,PARTICULAR,NO APLICA,,
DAÑOS,02/07/2020 12:00:00 AM,2020,1899-12-31T19:55:00.000,NOCHE,5_VIERNES,SANTA TERESITA,CALLE 42 CARRERA 39 -40,URBANA,TECNICO,353.896,-7.631.039,NO MANTENER DISTANCIA DE SEGURIDAD,NO APLICA,CHOQUE,NO APLICA,NO APLICA,NO APLICA,NO APLICA,AUTOMOVIL,KIA,CALI,PARTICULAR,NO APLICA,,
HERIDOS,02/10/2020 12:00:00 AM,2020,1899-12-31T06:10:00.000,MAÑANA,1_LUNES,LIBERTADORES,CALLE 28 CARRERA 18,URBANA,TECNICO,3.5243,-7.629.072,DESOBEDECER SEÑAL,MOTOCICLISTA,CHOQUE,1,NO APLICA,RAUL,NO APLICA,MOTO,HONDA,MIRANDA,PARTICULAR,NO APLICA,,
HERIDOS,02/10/2020 12:00:00 AM,2020,1899-12-31T06:10:00.000,MAÑANA,1_LUNES,LIBERTADORES,CALLE 28 CARRERA 18,URBANA,TECNICO,3.5243,-7.629.072,DESOBEDECER SEÑAL,NO APLICA,CHOQUE,NO APLICA,NO APLICA,NO APLICA,NO APLICA,AUTOMOVIL,RENAULT,CALI,PARTICULAR,NO APLICA,,
HERIDOS,02/10/2020 12:00:00 AM,2020,1899-12-31T10:10:00.000,MAÑANA,1_LUNES,INDUSTRIAL,CARRERA 35 CALLE 46-47,URBANA,TECNICO,354.185,-7.630.731,NO MANTENER DISTANCIA DE SEGURIDAD,NO APLICA,CHOQUE,NO APLICA,NO APLICA,NO APLICA,NO APLICA,MOTO,HONDA,FLORIDA,PARTICULAR,NO APLICA,,
HERIDOS,02/10/2020 12:00:00 AM,2020,1899-12-31T10:10:00.000,MAÑANA,1_LUNES,INDUSTRIAL,CARRERA 35 CALLE 46-47,URBANA,TECNICO,354.185,-7.630.731,NO MANTENER DISTANCIA DE SEGURIDAD,NO APLICA,CHOQUE,NO APLICA,NO APLICA,NO APLICA,NO APLICA,MOTO,SUZUKI,PALMIRA,PARTICULAR,NO APLICA,,
HERIDOS,02/10/2020 12:00:00 AM,2020,1899-12-31T10:10:00.000,MAÑANA,1_LUNES,INDUSTRIAL,CARRERA 35 CALLE 46-47,URBANA,TECNICO,354.185,-7.630.731,NO MANTENER DISTANCIA DE SEGURIDAD,ACOMPAÑANTE MOTOCICLISTA,CHOQUE,1,NO APLICA,NO APLICA,NO APLICA,NO APLICA,NO APLICA,NO APLICA,NO APLICA,NO APLICA,,
DAÑOS,02/10/2020 12:00:00 AM,2020,1899-12-31T08:15:00.000,MAÑANA,1_LUNES,TREBOL,CARRERA 22 CALLE 27,URBANA,TECNICO,352.378,-7.629.424,DESOBEDECER SEÑAL,NO APLICA,CHOQUE,NO APLICA,NO APLICA,NO APLICA,NO APLICA,MOTO,SUZUKI,PALMIRA,PARTICULAR,NO APLICA,,
DAÑOS,02/10/2020 12:00:00 AM,2020,1899-12-31T08:15:00.000,MAÑANA,1_LUNES,TREBOL,CARRERA 22 CALLE 27,URBANA,TECNICO,352.378,-7.629.424,DESOBEDECER SEÑAL,NO APLICA,CHOQUE,NO APLICA,NO APLICA,NO APLICA,NO APLICA,CAMPERO,TOYOTA,CALI,PARTICULAR,NO APLICA,,
DAÑOS,02/10/2020 12:00:00 AM,2020,1899-12-31T10:30:00.000,MAÑANA,1_LUNES,COLOMBINA,CALLE 30 CARRERA 17,URBANA,TECNICO,352.578,-7.628.961,GIRAR SIN INDICACION,NO APLICA,CHOQUE,NO APLICA,NO APLICA,NO APLICA,NO APLICA,CAMION,CHEVROLET,GUACARI,PUBLICO,NO APLICA,,
DAÑOS,02/10/2020 12:00:00 AM,2020,1899-12-31T10:30:00.000,MAÑANA,1_LUNES,COLOMBINA,CALLE 30 CARRERA 17,URBANA,TECNICO,352.578,-7.628.961,GIRAR SIN INDICACION,NO APLICA,CHOQUE,NO APLICA,NO APLICA,NO APLICA,NO APLICA,CAMIONETA,CHEVROLET,CALI,PARTICULAR,NO APLICA,,
HERIDOS,02/11/2020 12:00:00 AM,2020,1899-12-31T06:00:00.000,MAÑANA,2_MARTES,ALAMEDA,CARRERA 28 CALLE 71-32,URBANA,TECNICO,355.778,-7.629.116,NO MANTENER DISTANCIA DE SEGURIDAD,MOTOCICLISTA,CHOQUE,1,NO APLICA,PALMA,NO APLICA,MOTO,HONDA,GUACARI,PARTICULAR,NO APLICA,,
HERIDOS,02/11/2020 12:00:00 AM,2020,1899-12-31T06:00:00.000,MAÑANA,2_MARTES,ALAMEDA,CARRERA 28 CALLE 71-32,URBANA,TECNICO,355.778,-7.629.116,NO MANTENER DISTANCIA DE SEGURIDAD,NO APLICA,CHOQUE,NO APLICA,NO APLICA,NO APLICA,NO APLICA,MICROBUS,NON PLUS,EL CERRITO,PUBLICO,SULTANA,,
HERIDOS,02/11/2020 12:00:00 AM,2020,1899-12-31T09:40:00.000,MAÑANA,2_MARTES,SANCAYETANO,CALLE 41 CARRERA 25,URBANA,TECNICO,353.672,-7.629.463,DESOBEDECER SEÑAL,MOTOCICLISTA,CHOQUE,1,NO APLICA,PALMA,NO APLICA,MOTO,HONDA,BUGA,PARTICULAR,NO APLICA,,
HERIDOS,02/11/2020 12:00:00 AM,2020,1899-12-31T09:40:00.000,MAÑANA,2_MARTES,SANCAYETANO,CALLE 41 CARRERA 25,URBANA,TECNICO,353.672,-7.629.463,DESOBEDECER SEÑAL,NO APLICA,CHOQUE,NO APLICA,NO APLICA,NO APLICA,NO APLICA,CAMIONETA,VOLKWAGEN,BOGOTA,PARTICULAR,NO APLICA,,
HERIDOS,02/07/2020 12:00:00 AM,2020,1899-12-31T10:45:00.000,MAÑANA,5_VIERNES,RECREO,CALLE 22 CARRERA 30,URBANA,TECNICO,352.049,-7.630.188,DESOBEDECER SEÑAL,NO APLICA,CHOQUE,NO APLICA,NO APLICA,NO APLICA,NO APLICA,MOTO,YAMAHA,EL CERRITO,PARTICULAR,NO APLICA,,
HERIDOS,02/07/2020 12:00:00 AM,2020,1899-12-31T10:45:00.000,MAÑANA,5_VIERNES,RECREO,CALLE 22 CARRERA 30,URBANA,TECNICO,352.049,-7.630.188,DESOBEDECER SEÑAL,MOTOCICLISTA,CHOQUE,1,NO APLICA,PALMIRA,NO APLICA,MOTO,KIMCO,GUACARI,PARTICULAR,NO APLICA,,
HERIDOS,02/07/2020 12:00:00 AM,2020,1899-12-31T10:45:00.000,MAÑANA,5_VIERNES,RECREO,CALLE 22 CARRERA 30,URBANA,TECNICO,352.049,-7.630.188,DESOBEDECER SEÑAL,ACOMPAÑANTE MOTOCICLISTA,CHOQUE,1,NO APLICA,PALMIRA,NO APLICA,NO APLICA,NO APLICA,NO APLICA,NO APLICA,NO APLICA,,
HERIDOS,02/09/2020 12:00:00 AM,2020,1899-12-31T23:10:00.000,NOCHE,7_DOMINGO,NUEVO,CALLE 22 CARRERA 32,URBANA,TECNICO,352.073,-7.630.351,DESOBEDECER SEÑAL,NO APLICA,CHOQUE,NO APLICA,NO APLICA,NO APLICA,NO APLICA,CAMPERO,CHEVROLET,PALMIRA,PARTICULAR,NO APLICA,,
HERIDOS,02/09/2020 12:00:00 AM,2020,1899-12-31T23:10:00.000,NOCHE,7_DOMINGO,NUEVO,CALLE 22 CARRERA 32,URBANA,TECNICO,352.073,-7.630.351,DESOBEDECER SEÑAL,MOTOCICLISTA,CHOQUE,1,NO APLICA,PALMIRA,NO APLICA,MOTO,HERO,GUACARI,PARTICULAR,NO APLICA,,
HERIDOS,02/11/2020 12:00:00 AM,2020,1899-12-31T12:30:00.000,TARDE,1_LUNES,SAN CAYETANO,CARRERA 24 CALLE 41,URBANA,TECNICO,353.666,-7.629.411,DESOBEDECER SEÑAL,MOTOCICLISTA,CHOQUE,1,NO APLICA,PALMIRA,NO APLICA,MOTO,HONDA,GUACARI,PARTICULAR,NO APLICA,,
HERIDOS,02/11/2020 12:00:00 AM,2020,1899-12-31T12:30:00.000,TARDE,1_LUNES,SAN CAYETANO,CARRERA 24 CALLE 41,URBANA,TECNICO,353.666,-7.629.411,DESOBEDECER SEÑAL,MOTOCICLISTA,CHOQUE,1,NO APLICA,PALMIRA,NO APLICA,MOTO,YAMAHA,PALMIRA,PARTICULAR,NO APLICA,,
HERIDOS,02/11/2020 12:00:00 AM,2020,1899-12-31T13:00:00.000,TARDE,1_LUNES,EMILIA,CALLE 36 CARRERA 36,URBANA,TECNICO,353.392,-763.066,DESOBEDECER SEÑAL,MOTOCICLISTA,CHOQUE,1,NO APLICA,RAUL,NO APLICA,MOTO,SUZUKI,TULUA,PARTICULAR,NO APLICA,,
HERIDOS,02/11/2020 12:00:00 AM,2020,1899-12-31T13:00:00.000,TARDE,1_LUNES,EMILIA,CALLE 36 CARRERA 36,URBANA,TECNICO,353.392,-763.066,DESOBEDECER SEÑAL,NO APLICA,CHOQUE,NO APLICA,NO APLICA,NO APLICA,NO APLICA,CAMION,FORD,RIONEGRO,PUBLICO,NO APLICA,,
DAÑOS,02/11/2020 12:00:00 AM,2020,1899-12-31T14:00:00.000,TARDE,1_LUNES,EL BOSQUE,CARRERA 9 CALLE 32C-08,URBANA,TECNICO,352.823,-7.628.312,INVADIR CARRIL,NO APLICA,CHOQUE,NO APLICA,NO APLICA,NO APLICA,NO APLICA,CAMIONETA,CHERY,PALMIRA,PARTICULAR,NO APLICA,,
DAÑOS,02/11/2020 12:00:00 AM,2020,1899-12-31T14:00:00.000,TARDE,1_LUNES,EL BOSQUE,CARRERA 9 CALLE 32C-08,URBANA,TECNICO,352.823,-7.628.312,INVADIR CARRIL,NO APLICA,CHOQUE,NO APLICA,NO APLICA,NO APLICA,NO APLICA,MOTO,HONDA,EL CERRITO,PARTICULAR,NO APLICA,,
DAÑOS,02/11/2020 12:00:00 AM,2020,1899-12-31T17:15:00.000,TARDE,1_LUNES,SANTA BARBARA,CALLE 31 CARRERA 40-65,URBANA,TECNICO,352.964,-7.631.035,NO MANTENER DISTANCIA DE SEGURIDAD,NO APLICA,CHOQUE,NO APLICA,NO APLICA,NO APLICA,NO APLICA,MICROBUS,NON PLUS,PALMIRA,PUBLICO,MONTEBELLO,,
DAÑOS,02/11/2020 12:00:00 AM,2020,1899-12-31T17:15:00.000,TARDE,1_LUNES,SANTA BARBARA,CALLE 31 CARRERA 40-65,URBANA,TECNICO,352.964,-7.631.035,NO MANTENER DISTANCIA DE SEGURIDAD,NO APLICA,CHOQUE,NO APLICA,NO APLICA,NO APLICA,NO APLICA,CAMIONETA,HYUNDAI,CALI,PARTICULAR,NO APLICA,,
HERIDOS,02/11/2020 12:00:00 AM,2020,1899-12-31T16:20:00.000,TARDE,2_MARTES,OBRERO,CALLE 35 CARRERA 24,URBANA,TECNICO,353.152,-7.629.496,DESOBEDECER SEÑAL,MOTOCICLISTA,CHOQUE,1,NO APLICA,PALMIRA,NO APLICA,MOTO,HONDA,GINEBRA,PARTICULAR,NO APLICA,,
HERIDOS,02/11/2020 12:00:00 AM,2020,1899-12-31T18:00:00.000,NOCHE,2_MARTES,URIBE,CALLE 34 CARRERA 23,URBANA,TECNICO,353.057,-7.629.416,DESOBEDECER SEÑAL,MOTOCICLISTA,CHOQUE,1,NO APLICA,PALMIRA,NO APLICA,MOTO,AUTECO,YUMBO,PARTICULAR,NO APLICA,,