GRAVEDAD,FECHA,AÑO,HORA,JORNADA,DIA_SEMANA,BARRIOS-COREGIMIENTO- VIA,DIRECCION,ZONA,AUTORIDAD,LAT,LONG,HIPOTESIS,CONDICION DE LA VICTIMA,CLASE DE SINIESTRO,LESIONADO,HOMICIDIOS,CLINICA,SITIO,CLASE VEHICULO,MARCA,MATRICULA,TIPO DE SERVICIO,EMPRESA, , 
HERIDOS,02/18/2020 12:00:00 AM,2020,1899-12-31T14:15:00.000,TARDE,2_MARTES,FRAY LUIS,CARRERA 39 CALLE 42-226,URBANA,TECNICO,353.936,-7.630.983,GIRAR BRUSCAMENTE,ACOMPAÑANTE MOTOCICLISTA,CHOQUE,1,NO APLICA,PALMA,NO APLICA,NO APLICA,NO APLICA,NO APLICA,NO APLICA,NO APLICA,,
HERIDOS,02/18/2020 12:00:00 AM,2020,1899-12-31T17:40:00.000,TARDE,2_MARTES,RIVERA ESCOBAR,CARRERA 35 CALLE 31-74,URBANA,TECNICO,352.935,-7.630.562,ADELANTAR EN ZONA PROHIBIDAD,NO APLICA,CHOQUE,NO APLICA,NO APLICA,NO APLICA,NO APLICA,AUTOMOVIL,RENAULT,PALMIRA,PARTICULAR,NO APLICA,,
HERIDOS,02/18/2020 12:00:00 AM,2020,1899-12-31T17:40:00.000,TARDE,2_MARTES,RIVERA ESCOBAR,CARRERA 35 CALLE 31-74,URBANA,TECNICO,352.935,-7.630.562,ADELANTAR EN ZONA PROHIBIDAD,NO APLICA,CHOQUE,NO APLICA,NO APLICA,NO APLICA,NO APLICA,MOTO,AUTECO,GUACARI,PARTICULAR,NO APLICA,,
HERIDOS,02/18/2020 12:00:00 AM,2020,1899-12-31T17:40:00.000,TARDE,2_MARTES,RIVERA ESCOBAR,CARRERA 35 CALLE 31-74,URBANA,TECNICO,352.935,-7.630.562,ADELANTAR EN ZONA PROHIBIDAD,ACOMPAÑANTE MOTOCICLISTA,CHOQUE,1,NO APLICA,PALMIRA,NO APLICA,NO APLICA,NO APLICA,NO APLICA,NO APLICA,NO APLICA,,
HERIDOS,02/18/2020 12:00:00 AM,2020,1899-12-31T18:40:00.000,NOCHE,2_MARTES,SANTA RITA,CARRERA 27 CALLE 38,URBANA,TECNICO,353.468,-7.629.674,DESOBEDECER SEÑAL,MOTOCICLISTA,CHOQUE,1,NO APLICA,PALMIRA,NO APLICA,MOTO,YAMAHA,EL CERRITO,PARTICULAR,NO APLICA,,
HERIDOS,02/18/2020 12:00:00 AM,2020,1899-12-31T18:40:00.000,NOCHE,2_MARTES,SANTA RITA,CARRERA 27 CALLE 38,URBANA,TECNICO,353.468,-7.629.674,DESOBEDECER SEÑAL,MOTOCICLISTA,CHOQUE,1,NO APLICA,PALMIRA,NO APLICA,MOTO,HONDA,GUACARI,PARTICULAR,NO APLICA,,
HERIDOS,02/18/2020 12:00:00 AM,2020,1899-12-31T18:40:00.000,NOCHE,2_MARTES,SANTA RITA,CARRERA 27 CALLE 38,URBANA,TECNICO,353.468,-7.629.674,DESOBEDECER SEÑAL,ACOMPAÑANTE MOTOCICLISTA,CHOQUE,1,NO APLICA,PALMIRA,NO APLICA,NO APLICA,NO APLICA,NO APLICA,NO APLICA,NO APLICA,,
HERIDOS,02/17/2020 12:00:00 AM,2020,1899-12-31T10:00:00.000,MAÑANA,1_LUNES,NUEVO,CARRERA 31 CALLE 27,URBANA,TECNICO,352.485,-7.630.209,DESOBEDECER SEÑAL,CONDUCTOR,CHOQUE,1,NO APLICA,PALMIRA,NO APLICA,AUTOMOVIL,HYUNDAI,PALMIRA,PUBLICO,FLOTA PALMIRA,,
HERIDOS,02/17/2020 12:00:00 AM,2020,1899-12-31T10:00:00.000,MAÑANA,1_LUNES,NUEVO,CARRERA 31 CALLE 27,URBANA,TECNICO,352.485,-7.630.209,DESOBEDECER SEÑAL,MOTOCICLISTA,CHOQUE,1,NO APLICA,PALMIRA,NO APLICA,MOTO,YAMAHA,PRADERA,PARTICULAR,NO APLICA,,
DAÑOS,02/17/2020 12:00:00 AM,2020,1899-12-31T09:30:00.000,MAÑANA,1_LUNES,CENTRO,CARRERA 29 CALLE 31-86,URBANA,TECNICO,352.845,-7.629.957,ADELANTAR EN ZIGZAG,NO APLICA,CHOQUE,NO APLICA,NO APLICA,NO APLICA,NO APLICA,AUTOMOVIL,FIAT,CALI,PARTICULAR,NO APLICA,,
DAÑOS,02/17/2020 12:00:00 AM,2020,1899-12-31T09:30:00.000,MAÑANA,1_LUNES,CENTRO,CARRERA 29 CALLE 31-86,URBANA,TECNICO,352.845,-7.629.957,ADELANTAR EN ZIGZAG,NO APLICA,CHOQUE,NO APLICA,NO APLICA,NO APLICA,NO APLICA,MOTO,SUZUKI,DOSQUEBRADAS,PARTICULAR,NO APLICA,,
HERIDOS,02/18/2020 12:00:00 AM,2020,1899-12-31T06:00:00.000,MAÑANA,2_MARTES,URIBE,CALLE 33 CARRERA 23,URBANA,TECNICO,3.5297,-7.629.426,DESOBEDECER SEÑAL,NO APLICA,CHOQUE,NO APLICA,NO APLICA,NO APLICA,NO APLICA,AUTOMOVIL,HYUNDAI,CALI,PARTICULAR,NO APLICA,,
HERIDOS,02/18/2020 12:00:00 AM,2020,1899-12-31T06:00:00.000,MAÑANA,2_MARTES,URIBE,CALLE 33 CARRERA 23,URBANA,TECNICO,3.5297,-7.629.426,DESOBEDECER SEÑAL,CICLISTA,CHOQUE,1,NO APLICA,PALMA,NO APLICA,BICICLETA,NO APLICA,NO APLICA,PARTICULAR,NO APLICA,,
HERIDOS,02/19/2020 12:00:00 AM,2020,1899-12-31T05:30:00.000,MADRUGADA,3_MIERCOLES,SAN PEDRO,CALLE 35 CARRERA 17 -57,URBANA,TECNICO,353.111,-7.628.919,CABLE EN SUELO,MOTOCICLISTA,OTRO,1,NO APLICA,RAUL,NO APLICA,MOTO,SUZUKI,PALMIRA,PARTICULAR,NO APLICA,,
HERIDOS,02/17/2020 12:00:00 AM,2020,1899-12-31T14:00:00.000,TARDE,1_LUNES,FATIMA,CARRERA 11 CALLE 27A,URBANA,TECNICO,352.314,-7.628.553,POR ESTABLECER,NO APLICA,CHOQUE,NO APLICA,NO APLICA,NO APLICA,NO APLICA,MOTO,BAJAJ,PRADERA,PARTICULAR,NO APLICA,,
HERIDOS,02/17/2020 12:00:00 AM,2020,1899-12-31T14:00:00.000,TARDE,1_LUNES,FATIMA,CARRERA 11 CALLE 27A,URBANA,TECNICO,352.314,-7.628.553,POR ESTABLECER,MOTOCICLISTA,CHOQUE,1,NO APLICA,PALMA,NO APLICA,MOTO,HONDA,PALMIRA,PARTICULAR,NO APLICA,,
HERIDOS,02/17/2020 12:00:00 AM,2020,1899-12-31T14:45:00.000,TARDE,1_LUNES,NUEVO,CARRERA 30 CALLE 26,URBANA,TECNICO,352.382,-7.630.133,DESOBEDECER SEÑAL,MOTOCICLISTA,CHOQUE,1,NO APLICA,PALMIRA,NO APLICA,MOTO,YAMAHA,PRADERA,PARTICULAR,NO APLICA,,
HERIDOS,02/17/2020 12:00:00 AM,2020,1899-12-31T14:45:00.000,TARDE,1_LUNES,NUEVO,CARRERA 30 CALLE 26,URBANA,TECNICO,352.382,-7.630.133,DESOBEDECER SEÑAL,NO APLICA,CHOQUE,NO APLICA,NO APLICA,NO APLICA,NO APLICA,MOTO,YAMAHA,GUACARI,PARTICULAR,NO APLICA,,
HERIDOS,02/19/2020 12:00:00 AM,2020,1899-12-31T08:20:00.000,MAÑANA,3_MIERCOLES,VIA PALMIRA AGUACLARA LA BUITRERA,KM 4,RURAL,TECNICO,350.632,-7.622.691,NO MANTENER DISTANCIA DE SEGURIDAD,NO APLICA,CHOQUE,NO APLICA,NO APLICA,NO APLICA,NO APLICA,CAMIONETA,NISSAN,BOGOTA,PARTICULAR,NO APLICA,,
HERIDOS,02/19/2020 12:00:00 AM,2020,1899-12-31T08:20:00.000,MAÑANA,3_MIERCOLES,VIA PALMIRA AGUACLARA LA BUITRERA,KM 4,RURAL,TECNICO,350.632,-7.622.691,NO MANTENER DISTANCIA DE SEGURIDAD,MOTOCICLISTA,CHOQUE,1,NO APLICA,RAUL,NO APLICA,MOTO,YAMAHA,CHOCO,PARTICULAR,NO APLICA,,
DAÑOS,02/19/2020 12:00:00 AM,2020,1899-12-31T12:10:00.000,TARDE,3_MIERCOLES,LOPEZ,CARRERA 289 CALLE 38-07,URBANA,TECNICO,353.542,-7.629.848,REVERSO IMPRUDENTE,NO APLICA,CHOQUE,NO APLICA,NO APLICA,NO APLICA,NO APLICA,CAMIONETA,SUZUKI,PALMIRA,PARTICULAR,NO APLICA,,
DAÑOS,02/19/2020 12:00:00 AM,2020,1899-12-31T12:10:00.000,TARDE,3_MIERCOLES,LOPEZ,CARRERA 289 CALLE 38-07,URBANA,TECNICO,353.542,-7.629.848,REVERSO IMPRUDENTE,NO APLICA,CHOQUE,NO APLICA,NO APLICA,NO APLICA,NO APLICA,AUTOMOVIL,CHEVROLET,CALI,PARTICULAR,NO APLICA,,
HERIDOS,02/18/2020 12:00:00 AM,2020,1899-12-31T07:20:00.000,MAÑANA,2_MARTES,LAS FLORES,CARRERA 1 CALLE 30,URBANA,TECNICO,352.117,-7.627.805,GIRAR BRUSCAMENTE,MOTOCICLISTA,CHOQUE,1,NO APLICA,PALMIRA,NO APLICA,MOTO,BAJAJ,PUERTO TEJADA,PARTICULAR,NO APLICA,,
HERIDOS,02/18/2020 12:00:00 AM,2020,1899-12-31T07:20:00.000,MAÑANA,2_MARTES,LAS FLORES,CARRERA 1 CALLE 30,URBANA,TECNICO,352.117,-7.627.805,GIRAR BRUSCAMENTE,MOTOCICLISTA,CHOQUE,1,NO APLICA,PALMIRA,NO APLICA,MOTO,HERO,FLORIDA,PARTICULAR,NO APLICA,,
HERIDOS,02/20/2020 12:00:00 AM,2020,1899-12-31T13:10:00.000,TARDE,4_JUEVES,OLIMPICO,CALLE 26 CARRERA 39,URBANA,TECNICO,352.514,-7.631.007,NO ESTAR PENDIENTE DE LA VIA,MOTOCICLISTA,CHOQUE,1,NO APLICA,PALMIRA,NO APLICA,MOTO,HERO,FLORIDA,PARTICULAR,NO APLICA,,
HERIDOS,02/20/2020 12:00:00 AM,2020,1899-12-31T13:10:00.000,TARDE,4_JUEVES,OLIMPICO,CALLE 26 CARRERA 39,URBANA,TECNICO,352.514,-7.631.007,NO ESTAR PENDIENTE DE LA VIA,MOTOCICLISTA,CHOQUE,1,NO APLICA,PALMIRA,NO APLICA,MOTO,AKT,PRADERA,PARTICULAR,NO APLICA,,
HERIDOS,02/20/2020 12:00:00 AM,2020,1899-12-31T13:10:00.000,TARDE,4_JUEVES,OLIMPICO,CALLE 26 CARRERA 39,URBANA,TECNICO,352.514,-7.631.007,NO ESTAR PENDIENTE DE LA VIA,ACOMPAÑANTE MOTOCICLISTA,CHOQUE,1,NO APLICA,PALMIRA,NO APLICA,NO APLICA,NO APLICA,NO APLICA,NO APLICA,NO APLICA,,
HERIDOS,02/20/2020 12:00:00 AM,2020,1899-12-31T15:30:00.000,TARDE,4_JUEVES,CORONADO,TRANSVERSAL 30 CALLE 51,URBANA,TECNICO,354.449,-7.631.108,GIRAR BRUSCAMENTE,NO APLICA,CHOQUE,NO APLICA,NO APLICA,NO APLICA,NO APLICA,AUTOMOVIL,CHEVROLET,PALMIRA,PARTICULAR,NO APLICA,,
HERIDOS,02/20/2020 12:00:00 AM,2020,1899-12-31T15:30:00.000,TARDE,4_JUEVES,CORONADO,TRANSVERSAL 30 CALLE 51,URBANA,TECNICO,354.449,-7.631.108,GIRAR BRUSCAMENTE,CICLISTA,CHOQUE,1,NO APLICA,PALMIRA,NO APLICA,BICICLETA,NO APLICA,NO APLICA,PARTICULAR,NO APLICA,,
HERIDOS,02/20/2020 12:00:00 AM,2020,1899-12-31T15:30:00.000,TARDE,4_JUEVES,CORONADO,TRANSVERSAL 30 CALLE 51,URBANA,TECNICO,354.449,-7.631.108,GIRAR BRUSCAMENTE,ACOMPAÑANTE CICLISTA,CHOQUE,1,NO APLICA,PALMIRA,NO APLICA,NO APLICA,NO APLICA,NO APLICA,NO APLICA,NO APLICA,,
HERIDOS,02/20/2020 12:00:00 AM,2020,1899-12-31T18:30:00.000,NOCHE,4_JUEVES,INDUSTRIAL,CALLE 42 CARRERA 35,URBANA,TECNICO,353.874,-7.630.605,NO RESPETAR PELACION,MOTOCICLISTA,CHOQUE,1,NO APLICA,PALMA,NO APLICA,MOTO,AKT,PRADERA,PARTICULAR,NO APLICA,,
HERIDOS,02/20/2020 12:00:00 AM,2020,1899-12-31T18:30:00.000,NOCHE,4_JUEVES,INDUSTRIAL,CALLE 42 CARRERA 35,URBANA,TECNICO,353.874,-7.630.605,NO RESPETAR PELACION,NO APLICA,CHOQUE,NO APLICA,NO APLICA,NO APLICA,NO APLICA,MOTO,AKT,BUGA,PARTICULAR,NO APLICA,,
HERIDOS,02/20/2020 12:00:00 AM,2020,1899-12-31T19:50:00.000,NOCHE,4_JUEVES,EL MUNICIPAL,CALLE 31 CARRERA 1-112,URBANA,TECNICO,352.511,-7.627.835,ADELANTAR INVADIENDO CARRIL,MOTOCICLISTA,CHOQUE,1,NO APLICA,PALMA,NO APLICA,MOTO,BAJAJ,PALMIRA,PARTICULAR,NO APLICA,,
HERIDOS,02/20/2020 12:00:00 AM,2020,1899-12-31T19:50:00.000,NOCHE,4_JUEVES,EL MUNICIPAL,CALLE 31 CARRERA 1-112,URBANA,TECNICO,352.511,-7.627.835,ADELANTAR INVADIENDO CARRIL,MOTOCICLISTA,CHOQUE,1,NO APLICA,PALMA,NO APLICA,MOTO,SUZUKI,PEREIRA,PARTICULAR,NO APLICA,,
DAÑOS,02/20/2020 12:00:00 AM,2020,1899-12-31T18:25:00.000,NOCHE,4_JUEVES,INDUSTRIAL,CALLE 42 CARRERA 35,URBANA,TECNICO,353.912,-763.069,NO MANTENER DISTANCIA DE SEGURIDAD,NO APLICA,CHOQUE,NO APLICA,NO APLICA,NO APLICA,NO APLICA,AUTOMOVIL,KIA,CALI,PARTICULAR,NO APLICA,,
DAÑOS,02/20/2020 12:00:00 AM,2020,1899-12-31T18:25:00.000,NOCHE,4_JUEVES,INDUSTRIAL,CALLE 42 CARRERA 35,URBANA,TECNICO,353.912,-763.069,NO MANTENER DISTANCIA DE SEGURIDAD,NO APLICA,CHOQUE,NO APLICA,NO APLICA,NO APLICA,NO APLICA,AUTOMOVIL,MAZDA,PRADERA,PARTICULAR,NO APLICA,,
DAÑOS,02/20/2020 12:00:00 AM,2020,1899-12-31T18:25:00.000,NOCHE,4_JUEVES,INDUSTRIAL,CALLE 42 CARRERA 35,URBANA,TECNICO,353.912,-763.069,NO MANTENER DISTANCIA DE SEGURIDAD,NO APLICA,CHOQUE,NO APLICA,NO APLICA,NO APLICA,NO APLICA,AUTOMOVIL,MITSUBISHI,PALMIRA,PARTICULAR,NO APLICA,,
HERIDOS,02/21/2020 12:00:00 AM,2020,1899-12-31T16:40:00.000,TARDE,5_VIERNES,INDUSTRIAL,CALLE 42 CARRERA 35-00,URBANA,TECNICO,353.907,-7.630.816,ADELANTAMIENTO INDEBIDO,NO APLICA,CHOQUE,NO APLICA,NO APLICA,NO APLICA,NO APLICA,AUTOMOVIL,HYUNDAI,CALI,PARTICULAR,NO APLICA,,
HERIDOS,02/21/2020 12:00:00 AM,2020,1899-12-31T16:40:00.000,TARDE,5_VIERNES,INDUSTRIAL,CALLE 42 CARRERA 35-00,URBANA,TECNICO,353.907,-7.630.816,ADELANTAMIENTO INDEBIDO,MOTOCICLISTA,CHOQUE,1,NO APLICA,PALMIRA,NO APLICA,MOTO,AKT,PRADERA,PARTICULAR,NO APLICA,,
HERIDOS,02/21/2020 12:00:00 AM,2020,1899-12-31T16:40:00.000,TARDE,5_VIERNES,INDUSTRIAL,CALLE 42 CARRERA 35-00,URBANA,TECNICO,353.907,-7.630.816,ADELANTAMIENTO INDEBIDO,ACOMPAÑANTE MOTOCICLISTA,CHOQUE,1,NO APLICA,PALMIRA,NO APLICA,NO APLICA,NO APLICA,NO APLICA,NO APLICA,NO APLICA,,
DAÑOS,02/21/2020 12:00:00 AM,2020,1899-12-31T16:15:00.000,TARDE,5_VIERNES,ZAMORANO,CARRERA 28 CALLE 69-67,URBANA,TECNICO,355.542,-7.629.201,ARRANCAR SIN PRECAUCION,NO APLICA,CHOQUE,NO APLICA,NO APLICA,NO APLICA,NO APLICA,CAMIONETA,KIA,CALI,PARTICULAR,NO APLICA,,
DAÑOS,02/21/2020 12:00:00 AM,2020,1899-12-31T16:15:00.000,TARDE,5_VIERNES,ZAMORANO,CARRERA 28 CALLE 69-67,URBANA,TECNICO,355.542,-7.629.201,ARRANCAR SIN PRECAUCION,NO APLICA,CHOQUE,NO APLICA,NO APLICA,NO APLICA,NO APLICA,BUSETA,CHEVROLET,EL CERRITO,PUBLICO,COOP TRANS PALMIRA,,
HERIDOS,02/22/2020 12:00:00 AM,2020,1899-12-31T07:45:00.000,MAÑANA,6_SABADO,SESQUI,CARRERA 32 CALLE 10,URBANA,TECNICO,350.939,-7.630.795,POR ESTABLECER,MOTOCICLISTA,CHOQUE,1,NO APLICA,PALMIRA,NO APLICA,MOTO,HONDA,PRADERA,PARTICULAR,NO APLICA,,
HERIDOS,02/22/2020 12:00:00 AM,2020,1899-12-31T07:45:00.000,MAÑANA,6_SABADO,SESQUI,CARRERA 32 CALLE 10,URBANA,TECNICO,350.939,-7.630.795,POR ESTABLECER,CICLISTA,CHOQUE,1,NO APLICA,PALMIRA,NO APLICA,BICICLETA,NO APLICA,NO APLICA,PARTICULAR,NO APLICA,,
HERIDOS,02/22/2020 12:00:00 AM,2020,1899-12-31T09:40:00.000,MAÑANA,6_SABADO,SANTA TERESITA,CALLE 47 CARRERA 35-02,URBANA,TECNICO,354.259,-763.077,IMPERICIA EN EL MANEJO,NO APLICA,CHOQUE,NO APLICA,NO APLICA,NO APLICA,NO APLICA,CAMIONETA,MAZDA,CALI,PARTICULAR,NO APLICA,,
HERIDOS,02/22/2020 12:00:00 AM,2020,1899-12-31T09:40:00.000,MAÑANA,6_SABADO,SANTA TERESITA,CALLE 47 CARRERA 35-02,URBANA,TECNICO,354.259,-763.077,IMPERICIA EN EL MANEJO,NO APLICA,CHOQUE,NO APLICA,NO APLICA,NO APLICA,NO APLICA,MOTO,SUZUKI,PALMIRA,PARTICULAR,NO APLICA,,
HERIDOS,02/22/2020 12:00:00 AM,2020,1899-12-31T09:40:00.000,MAÑANA,6_SABADO,SANTA TERESITA,CALLE 47 CARRERA 35-02,URBANA,TECNICO,354.259,-763.077,IMPERICIA EN EL MANEJO,MOTOCICLISTA,CHOQUE,1,NO APLICA,PALMA,NO APLICA,MOTO,KAWASAKI,PALMIRA,PARTICULAR,NO APLICA,,
HERIDOS,02/22/2020 12:00:00 AM,2020,1899-12-31T12:35:00.000,TARDE,6_SABADO,CAICELANDIA,CARRERA 11 CALLE 28,URBANA,TECNICO,352.373,-7.628.536,ADELANTAMIENTO INDEBIDO,NO APLICA,CHOQUE,NO APLICA,NO APLICA,NO APLICA,NO APLICA,AUTOMOVIL,RENAULT,PALMIRA,PARTICULAR,NO APLICA,,
HERIDOS,02/22/2020 12:00:00 AM,2020,1899-12-31T12:35:00.000,TARDE,6_SABADO,CAICELANDIA,CARRERA 11 CALLE 28,URBANA,TECNICO,352.373,-7.628.536,ADELANTAMIENTO INDEBIDO,MOTOCICLISTA,CHOQUE,1,NO APLICA,PALMIRA,NO APLICA,MOTO,HONDA,FLORIDA,PARTICULAR,NO APLICA,,
MUERTO,02/23/2020 12:00:00 AM,2020,1899-12-31T08:35:00.000,MAÑANA,7_DOMINGO,VIA CORONADO -ROZO,120MTS HACIENDA OMITA 1,RURAL,TECNICO,356.432,-7.631.021,INVADIR CARRIL,NO APLICA,CHOQUE,NO APLICA,NO APLICA,NO APLICA,NO APLICA,CAMIONETA,CHEVROLET,CALI,PARTICULAR,NO APLICA,,
HERIDOS,02/23/2020 12:00:00 AM,2020,1899-12-31T08:35:00.000,MAÑANA,7_DOMINGO,VIA CORONADO -ROZO,120MTS HACIENDA OMITA 1,RURAL,TECNICO,356.432,-7.631.021,INVADIR CARRIL,MOTOCICLISTA,CHOQUE,NO APLICA,1,NO APLICA,NO APLICA,MOTO,HONDA,BUGA,PARTICULAR,NO APLICA,,
HERIDOS,02/23/2020 12:00:00 AM,2020,1899-12-31T08:35:00.000,MAÑANA,7_DOMINGO,VIA CORONADO -ROZO,120MTS HACIENDA OMITA 1,RURAL,TECNICO,356.432,-7.631.021,INVADIR CARRIL,ACOMPAÑANTE MOTOCICLISTA,CHOQUE,1,NO APLICA,PALMA,NO APLICA,NO APLICA,NO APLICA,NO APLICA,NO APLICA,NO APLICA,,
HERIDOS,02/23/2020 12:00:00 AM,2020,1899-12-31T12:00:00.000,TARDE,7_DOMINGO,INDUSTRIAL,CARRERA 35 CALLE 42 -43,URBANA,TECNICO,353.988,-7.630.685,ADELANTAR POR LA DERECHA,NO APLICA,CHOQUE,NO APLICA,NO APLICA,NO APLICA,NO APLICA,AUTOMOVIL,RENAULT,CALI,PARTICULAR,NO APLICA,,
HERIDOS,02/23/2020 12:00:00 AM,2020,1899-12-31T12:00:00.000,TARDE,7_DOMINGO,INDUSTRIAL,CARRERA 35 CALLE 42 -43,URBANA,TECNICO,353.988,-7.630.685,ADELANTAR POR LA DERECHA,MOTOCICLISTA,CHOQUE,1,NO APLICA,FRACTURAS,NO APLICA,MOTO,SUZUKI,PEREIRA,PARTICULAR,NO APLICA,,
HERIDOS,02/23/2020 12:00:00 AM,2020,1899-12-31T12:00:00.000,TARDE,7_DOMINGO,INDUSTRIAL,CARRERA 35 CALLE 42 -43,URBANA,TECNICO,353.988,-7.630.685,ADELANTAR POR LA DERECHA,ACOMPAÑANTE MOTOCICLISTA,CHOQUE,1,NO APLICA,FRACTURAS,NO APLICA,NO APLICA,NO APLICA,NO APLICA,NO APLICA,NO APLICA,,
HERIDOS,02/22/2020 12:00:00 AM,2020,1899-12-31T17:20:00.000,TARDE,6_SABADO,NUEVO,CARRERA 32 CALLE 18,URBANA,TECNICO,3.5173,-7.630.439,NO RESPETAR PELACION,NO APLICA,CHOQUE,NO APLICA,NO APLICA,NO APLICA,NO APLICA,MOTO,SUZUKI,PALMIRA,PARTICULAR,NO APLICA,,
HERIDOS,02/22/2020 12:00:00 AM,2020,1899-12-31T17:20:00.000,TARDE,6_SABADO,NUEVO,CARRERA 32 CALLE 18,URBANA,TECNICO,3.5173,-7.630.439,NO RESPETAR PELACION,MOTOCICLISTA,CHOQUE,1,NO APLICA,FRACTURAS,NO APLICA,MOTO,SUZUKI,DOSQUEBRADAS,PARTICULAR,NO APLICA,,
HERIDOS,02/24/2020 12:00:00 AM,2020,1899-12-31T17:20:00.000,TARDE,1_LUNES,TREBOL,CARRERA 23 CALLE 27,URBANA,TECNICO,352.387,-7.629.506,DESOBEDECER SEÑAL,NO APLICA,CHOQUE,NO APLICA,NO APLICA,NO APLICA,NO APLICA,MICROBUS,CHEVROLET,PUERTO TEJADA,PUBLICO,EXP PRADERA,,
HERIDOS,02/24/2020 12:00:00 AM,2020,1899-12-31T17:20:00.000,TARDE,1_LUNES,TREBOL,CARRERA 23 CALLE 27,URBANA,TECNICO,352.387,-7.629.506,DESOBEDECER SEÑAL,MOTOCICLISTA,CHOQUE,1,NO APLICA,PALMIRA,NO APLICA,MOTO,AKT,BOGOTA,PARTICULAR,NO APLICA,,
HERIDOS,02/24/2020 12:00:00 AM,2020,1899-12-31T17:20:00.000,TARDE,1_LUNES,TREBOL,CARRERA 23 CALLE 27,URBANA,TECNICO,352.387,-7.629.506,DESOBEDECER SEÑAL,ACOMPAÑANTE MOTOCICLISTA,CHOQUE,1,NO APLICA,PALMIRA,NO APLICA,NO APLICA,NO APLICA,NO APLICA,NO APLICA,NO APLICA,,
DAÑOS,02/24/2020 12:00:00 AM,2020,1899-12-31T10:20:00.000,MAÑANA,1_LUNES,CENTRO,CALLE 29 CARRERA 23,URBANA,TECNICO,352.551,-7.629.489,VEHICULO ESTACIONADO,NO APLICA,CHOQUE,NO APLICA,NO APLICA,NO APLICA,NO APLICA,BUSETA,NON PLUS,GUACARI,PUBLICO,COOP TRNAS PALMIRA,,
DAÑOS,02/24/2020 12:00:00 AM,2020,1899-12-31T10:20:00.000,MAÑANA,1_LUNES,CENTRO,CALLE 29 CARRERA 23,URBANA,TECNICO,352.551,-7.629.489,VEHICULO ESTACIONADO,NO APLICA,CHOQUE,NO APLICA,NO APLICA,NO APLICA,NO APLICA,CAMION,IVECO,PRADERA,PARTICULAR,NO APLICA,,
HERIDOS,02/23/2020 12:00:00 AM,2020,1899-12-31T04:30:00.000,MADRUGADA,7_DOMINGO,MIRRIÑAO,CALLE 64 CARRERA 34B,URBANA,TECNICO,355.928,-763.011,ADELANTAR INTERSECCION,NO APLICA,CHOQUE,NO APLICA,NO APLICA,NO APLICA,NO APLICA,AUTOMOVIL,CHEVROLET,CALI,PARTICULAR,NO APLICA,,
HERIDOS,02/23/2020 12:00:00 AM,2020,1899-12-31T04:30:00.000,MADRUGADA,7_DOMINGO,MIRRIÑAO,CALLE 64 CARRERA 34B,URBANA,TECNICO,355.928,-763.011,ADELANTAR INTERSECCION,MOTOCICLISTA,CHOQUE,1,NO APLICA,PALMA,NO APLICA,MOTO,BAJAJ,PALMIRA,PARTICULAR,NO APLICA,,
DAÑOS,02/23/2020 12:00:00 AM,2020,1899-12-31T23:10:00.000,NOCHE,7_DOMINGO,CENTRO,CARRERA 27 CALLES 32A-33,URBANA,TECNICO,352.969,-7.629.751,NO MANTENER DISTANCIA DE SEGURIDAD,NO APLICA,CHOQUE,NO APLICA,NO APLICA,NO APLICA,NO APLICA,CAMPERO,RENAULT,PALMIRA,PARTICULAR,NO APLICA,,
DAÑOS,02/23/2020 12:00:00 AM,2020,1899-12-31T23:10:00.000,NOCHE,7_DOMINGO,CENTRO,CARRERA 27 CALLES 32A-33,URBANA,TECNICO,352.969,-7.629.751,NO MANTENER DISTANCIA DE SEGURIDAD,NO APLICA,CHOQUE,NO APLICA,NO APLICA,NO APLICA,NO APLICA,AUTOMOVIL,MAZDA,CALI,PARTICULAR,NO APLICA,,
DAÑOS,02/25/2020 12:00:00 AM,2020,1899-12-31T10:50:00.000,MAÑANA,2_MARTES,INDUSTRIAL,CALLE 42 CARRRA 34A,URBANA,TECNICO,353.875,-7.630.407,REVERSO IMPRUDENTE,NO APLICA,CHOQUE,NO APLICA,NO APLICA,NO APLICA,NO APLICA,CAMIONETA,RENAULT,PALMIRA,PARTICULAR,NO APLICA,,
DAÑOS,02/25/2020 12:00:00 AM,2020,1899-12-31T10:50:00.000,MAÑANA,2_MARTES,INDUSTRIAL,CALLE 42 CARRRA 34A,URBANA,TECNICO,353.875,-7.630.407,REVERSO IMPRUDENTE,NO APLICA,CHOQUE,NO APLICA,NO APLICA,NO APLICA,NO APLICA,CAMIONETA,KIA,GUACARI,PARTICULAR,NO APLICA,,
DAÑOS,02/24/2020 12:00:00 AM,2020,1899-12-31T18:00:00.000,NOCHE,1_LUNES,BOSQUE,CALLE 32 CALLE 31,URBANA,TECNICO,352.549,-7.628.076,NO MANTENER DISTANCIA DE SEGURIDAD,NO APLICA,CHOQUE,NO APLICA,NO APLICA,NO APLICA,NO APLICA,CAMIONETA,KIA,PALMIRA,PARTICULAR,NO APLICA,,
DAÑOS,02/24/2020 12:00:00 AM,2020,1899-12-31T18:00:00.000,NOCHE,1_LUNES,BOSQUE,CALLE 32 CALLE 31,URBANA,TECNICO,352.549,-7.628.076,NO MANTENER DISTANCIA DE SEGURIDAD,NO APLICA,CHOQUE,NO APLICA,NO APLICA,NO APLICA,NO APLICA,AUTOMOVIL,NISSAN,CALI,PARTICULAR,NO APLICA,,