GRAVEDAD,FECHA,AÑO,HORA,JORNADA,DIA_SEMANA,BARRIOS-COREGIMIENTO- VIA,DIRECCION,ZONA,AUTORIDAD,LAT,LONG,HIPOTESIS,CONDICION DE LA VICTIMA,CLASE DE SINIESTRO,LESIONADO,HOMICIDIOS,CLINICA,SITIO,CLASE VEHICULO,MARCA,MATRICULA,TIPO DE SERVICIO,EMPRESA, , 
HERIDOS,02/24/2020 12:00:00 AM,2020,1899-12-31T18:50:00.000,NOCHE,1_LUNES,ZAMORANO,CALLE 65CARRERA 28,URBANA,TECNICO,355.187,-7.629.374,SEMAFORO EN ROJO,NO APLICA,CHOQUE,NO APLICA,NO APLICA,NO APLICA,NO APLICA,CAMPERO,HYUNDAI,PAIPA,PARTICULAR,NO APLICA,,
HERIDOS,02/24/2020 12:00:00 AM,2020,1899-12-31T18:50:00.000,NOCHE,1_LUNES,ZAMORANO,CALLE 65CARRERA 28,URBANA,TECNICO,355.187,-7.629.374,SEMAFORO EN ROJO,CICLISTA,CHOQUE,1,NO APLICA,PALMA,NO APLICA,BICICLETA,NO APLICA,NO APLICA,PARTICULAR,NO APLICA,,
HERIDOS,02/25/2020 12:00:00 AM,2020,1899-12-31T17:10:00.000,TARDE,2_MARTES,CHAPINERO,DIAGONAL 30 CALLE 16,URBANA,TECNICO,351.508,-7.630.257,ADELANTAR EN ZONA PROHIBIDAD,MOTOCICLISTA,CHOQUE,1,NO APLICA,PALMIRA,NO APLICA,MOTO,BAJAJ,PALMIRA,PARTICULAR,NO APLICA,,
HERIDOS,02/25/2020 12:00:00 AM,2020,1899-12-31T17:10:00.000,TARDE,2_MARTES,CHAPINERO,DIAGONAL 30 CALLE 16,URBANA,TECNICO,351.508,-7.630.257,ADELANTAR EN ZONA PROHIBIDAD,NO APLICA,CHOQUE,NO APLICA,NO APLICA,NO APLICA,NO APLICA,BUSETA,IVECO,PALMIRA,PUBLICO,PALMIRANA,,
HERIDOS,02/25/2020 12:00:00 AM,2020,1899-12-31T12:40:00.000,TARDE,2_MARTES,CUIDAD DEL CAMPO,CALLE 95 CARRERA 34,RURAL,TECNICO,346.089,-7.646.505,POR ESTABLECER,MOTOCICLISTA,CHOQUE,1,NO APLICA,CRISTO REY,NO APLICA,MOTO,AKT,PRADERA,PARTICULAR,NO APLICA,,
HERIDOS,02/25/2020 12:00:00 AM,2020,1899-12-31T12:40:00.000,TARDE,2_MARTES,CUIDAD DEL CAMPO,CALLE 95 CARRERA 34,RURAL,TECNICO,346.089,-7.646.505,POR ESTABLECER,NO APLICA,CHOQUE,NO APLICA,NO APLICA,NO APLICA,NO APLICA,AUTOMOVIL,RENAULT,CALI,PARTICULAR,NO APLICA,,
HERIDOS,02/25/2020 12:00:00 AM,2020,1899-12-31T12:10:00.000,TARDE,2_MARTES,LAS MERCEDES,CALLE 57 CARRERA 26,URBANA,TECNICO,354.815,-7.629.093,POR ESTABLECER,NO APLICA,CHOQUE,NO APLICA,NO APLICA,NO APLICA,NO APLICA,CAMIONETA,DODGE,CALI,PARTICULAR,NO APLICA,,
HERIDOS,02/25/2020 12:00:00 AM,2020,1899-12-31T12:10:00.000,TARDE,2_MARTES,LAS MERCEDES,CALLE 57 CARRERA 26,URBANA,TECNICO,354.815,-7.629.093,POR ESTABLECER,MOTOCICLISTA,CHOQUE,1,NO APLICA,PALMIRA,NO APLICA,MOTO,YAMAHA,ROLDANILLO,PARTICULAR,NO APLICA,,
HERIDOS,02/25/2020 12:00:00 AM,2020,1899-12-31T12:10:00.000,TARDE,2_MARTES,LAS MERCEDES,CALLE 57 CARRERA 26,URBANA,TECNICO,354.815,-7.629.093,POR ESTABLECER,ACOMPAÑANTE MOTOCICLISTA,CHOQUE,1,NO APLICA,PALMIRA,NO APLICA,NO APLICA,NO APLICA,NO APLICA,NO APLICA,NO APLICA,,
DAÑOS,02/25/2020 12:00:00 AM,2020,1899-12-31T08:40:00.000,MAÑANA,2_MARTES,CENTRO,CALLE 32 CARRERA 27-46,URBANA,TECNICO,352.867,-7.629.799,REVERSO IMPRUDENTE,NO APLICA,CHOQUE,NO APLICA,NO APLICA,NO APLICA,NO APLICA,AUTOMOVIL,HYUNDAI,PALMIRA,PUBLICO,FLOTA PALMIRA,,
DAÑOS,02/25/2020 12:00:00 AM,2020,1899-12-31T08:40:00.000,MAÑANA,2_MARTES,CENTRO,CALLE 32 CARRERA 27-46,URBANA,TECNICO,352.867,-7.629.799,REVERSO IMPRUDENTE,NO APLICA,CHOQUE,NO APLICA,NO APLICA,NO APLICA,NO APLICA,AUTOMOVIL,CHEVROLET,CALI,PARTICULAR,NO APLICA,,
DAÑOS,02/25/2020 12:00:00 AM,2020,1899-12-31T09:30:00.000,MAÑANA,2_MARTES,CORONADO,CARRERA 35 CALLE 57B-03,URBANA,TECNICO,354.804,-7.630.988,NO MANTENER DISTANCIA DE SEGURIDAD,NO APLICA,CHOQUE,NO APLICA,NO APLICA,NO APLICA,NO APLICA,AUTOMOVIL,CHEVROLET,PALMIRA,PARTICULAR,NO APLICA,,
DAÑOS,02/25/2020 12:00:00 AM,2020,1899-12-31T09:30:00.000,MAÑANA,2_MARTES,CORONADO,CARRERA 35 CALLE 57B-03,URBANA,TECNICO,354.804,-7.630.988,NO MANTENER DISTANCIA DE SEGURIDAD,NO APLICA,CHOQUE,NO APLICA,NO APLICA,NO APLICA,NO APLICA,MOTO,HERO,FLORIDA,PARTICULAR,NO APLICA,,
HERIDOS,02/26/2020 12:00:00 AM,2020,1899-12-31T06:45:00.000,MAÑANA,3_MIERCOLES,CORONADO,TRASVERSAL 39 CALLE 53,URBANA,TECNICO,354.557,-7.631.149,NO RESPETAR PELACION,MOTOCICLISTA,ATROPELLO,1,NO APLICA,PALMA,NO APLICA,MOTO,HONDA,TULUA,PARTICULAR,NO APLICA,,
HERIDOS,02/26/2020 12:00:00 AM,2020,1899-12-31T06:45:00.000,MAÑANA,3_MIERCOLES,CORONADO,TRASVERSAL 39 CALLE 53,URBANA,TECNICO,354.557,-7.631.149,NO RESPETAR PELACION,PEATON,ATROPELLO,1,NO APLICA,PALMA,NO APLICA,NO APLICA,NO APLICA,NO APLICA,NO APLICA,NO APLICA,,
HERIDOS,02/28/2020 12:00:00 AM,2020,1899-12-31T08:00:00.000,MAÑANA,5_VIERNES,URIBE,CARRERA 26 CALLE 34,URBANA,TECNICO,353.085,-762.965,DESOBEDECER SEÑAL,NO APLICA,CHOQUE,NO APLICA,NO APLICA,NO APLICA,NO APLICA,MOTO,VICTORY,PRADERA,PARTICULAR,NO APLICA,,
HERIDOS,02/28/2020 12:00:00 AM,2020,1899-12-31T08:00:00.000,MAÑANA,5_VIERNES,URIBE,CARRERA 26 CALLE 34,URBANA,TECNICO,353.085,-762.965,DESOBEDECER SEÑAL,MOTOCICLISTA,CHOQUE,1,NO APLICA,PALMIRA,NO APLICA,MOTO,VICTORY,FLORIDA,PARTICULAR,NO APLICA,,
HERIDOS,02/28/2020 12:00:00 AM,2020,1899-12-31T08:00:00.000,MAÑANA,5_VIERNES,URIBE,CARRERA 26 CALLE 34,URBANA,TECNICO,353.085,-762.965,DESOBEDECER SEÑAL,ACOMPAÑANTE MOTOCICLISTA,CHOQUE,1,NO APLICA,PALMIRA,NO APLICA,NO APLICA,NO APLICA,NO APLICA,NO APLICA,NO APLICA,,
HERIDOS,02/27/2020 12:00:00 AM,2020,1899-12-31T05:10:00.000,MADRUGADA,4_JUEVES,LAS FLORES,CARRERA 1 CALLE 30,URBANA,TECNICO,352.099,-7.627.795,ARRANCAR SIN PRECAUCION,MOTOCICLISTA,CHOQUE,1,NO APLICA,PALMIRA,NO APLICA,MOTO,SUZUKI,PRADERA,PARTICULAR,NO APLICA,,
HERIDOS,02/27/2020 12:00:00 AM,2020,1899-12-31T05:10:00.000,MADRUGADA,4_JUEVES,LAS FLORES,CARRERA 1 CALLE 30,URBANA,TECNICO,352.099,-7.627.795,ARRANCAR SIN PRECAUCION,MOTOCICLISTA,CHOQUE,1,NO APLICA,PALMIRA,NO APLICA,MOTO,HERO,FLORIDA,PARTICULAR,NO APLICA,,
DAÑOS,02/26/2020 12:00:00 AM,2020,1899-12-31T18:00:00.000,NOCHE,3_MIERCOLES,PRIMERO DE MAYO,CALLE 42 CARRERA 16-60,URBANA,TECNICO,353.712,-7.628.822,NO MANTENER DISTANCIA DE SEGURIDAD,NO APLICA,CHOQUE,NO APLICA,NO APLICA,NO APLICA,NO APLICA,CAMIONETA,TOYOTA,TULUA,PARTICULAR,NO APLICA,,
DAÑOS,02/26/2020 12:00:00 AM,2020,1899-12-31T18:00:00.000,NOCHE,3_MIERCOLES,PRIMERO DE MAYO,CALLE 42 CARRERA 16-60,URBANA,TECNICO,353.712,-7.628.822,NO MANTENER DISTANCIA DE SEGURIDAD,NO APLICA,CHOQUE,NO APLICA,NO APLICA,NO APLICA,NO APLICA,AUTOMOVIL,KIA,CALI,PARTICULAR,NO APLICA,,
HERIDOS,02/27/2020 12:00:00 AM,2020,1899-12-31T14:00:00.000,TARDE,4_JUEVES,COLOMBIA,CALLE 32A CARRERA 34A,URBANA,TECNICO,353.088,-7.630.408,DESOBEDECER SEÑAL,MOTOCICLISTA,CHOQUE,1,NO APLICA,PALMIRA,NO APLICA,MOTO,SUZUKI,CALI,PARTICULAR,NO APLICA,,
HERIDOS,02/27/2020 12:00:00 AM,2020,1899-12-31T14:00:00.000,TARDE,4_JUEVES,COLOMBIA,CALLE 32A CARRERA 34A,URBANA,TECNICO,353.088,-7.630.408,DESOBEDECER SEÑAL,NO APLICA,CHOQUE,NO APLICA,NO APLICA,NO APLICA,NO APLICA,AUTOMOVIL,CHEVROLET,MANIZALES,PARTICULAR,NO APLICA,,
HERIDOS,02/27/2020 12:00:00 AM,2020,1899-12-31T14:20:00.000,TARDE,4_JUEVES,SEMBRADOR,CARRERA 18 CALLE 26,URBANA,TECNICO,352.258,-762.909,TRANSITAR EN CONTRAVIA,MOTOCICLISTA,CHOQUE,1,NO APLICA,PALMIRA,NO APLICA,MOTO,HONDA,FLORIDA,PARTICULAR,NO APLICA,,
HERIDOS,02/27/2020 12:00:00 AM,2020,1899-12-31T14:20:00.000,TARDE,4_JUEVES,SEMBRADOR,CARRERA 18 CALLE 26,URBANA,TECNICO,352.258,-762.909,TRANSITAR EN CONTRAVIA,NO APLICA,CHOQUE,NO APLICA,NO APLICA,NO APLICA,NO APLICA,CAMIONETA,CHEVROLET,ARMENIA,PARTICULAR,NO APLICA,,
DAÑOS,02/27/2020 12:00:00 AM,2020,1899-12-31T21:10:00.000,NOCHE,4_JUEVES,LINEAL,CALLE 32 CARRERA 33,URBANA,TECNICO,3.5295,-7.630.315,DESOBEDECER SEÑAL,NO APLICA,CHOQUE,NO APLICA,NO APLICA,NO APLICA,NO APLICA,MOTO,HERO,FLORIDA,PARTICULAR,NO APLICA,,
DAÑOS,02/27/2020 12:00:00 AM,2020,1899-12-31T21:10:00.000,NOCHE,4_JUEVES,LINEAL,CALLE 32 CARRERA 33,URBANA,TECNICO,3.5295,-7.630.315,DESOBEDECER SEÑAL,NO APLICA,CHOQUE,NO APLICA,NO APLICA,NO APLICA,NO APLICA,AUTOMOVIL,CHEVROLET,PALMIRA,PARTICULAR,NO APLICA,,
HERIDOS,02/26/2020 12:00:00 AM,2020,1899-12-31T15:20:00.000,TARDE,3_MIERCOLES,COLOMBIA,CALLE 36 CARRERA 30,URBANA,TECNICO,353.305,-7.629.965,SEMAFORO EN ROJO,MOTOCICLISTA,CHOQUE,1,NO APLICA,PALMIRA,NO APLICA,MOTO,JIANLIGN,PRADERA,PARTICULAR,NO APLICA,,
HERIDOS,02/26/2020 12:00:00 AM,2020,1899-12-31T15:20:00.000,TARDE,3_MIERCOLES,COLOMBIA,CALLE 36 CARRERA 30,URBANA,TECNICO,353.305,-7.629.965,SEMAFORO EN ROJO,NO APLICA,CHOQUE,NO APLICA,NO APLICA,NO APLICA,NO APLICA,CAMIONETA,CHEVROLET,CALI,PARTICULAR,NO APLICA,,
DAÑOS,02/28/2020 12:00:00 AM,2020,1899-12-31T17:15:00.000,TARDE,5_VIERNES,INDUSTRIAL,CALLE 42 CARRERA 34B-170,URBANA,TECNICO,353.895,-7.630.628,NO ESTAR PENDIENTE DE LA VIA,NO APLICA,CHOQUE,NO APLICA,NO APLICA,NO APLICA,NO APLICA,AUTOMOVIL,HONDA,CALI,PARTICULAR,NO APLICA,,
DAÑOS,02/28/2020 12:00:00 AM,2020,1899-12-31T17:15:00.000,TARDE,5_VIERNES,INDUSTRIAL,CALLE 42 CARRERA 34B-170,URBANA,TECNICO,353.895,-7.630.628,NO ESTAR PENDIENTE DE LA VIA,NO APLICA,CHOQUE,NO APLICA,NO APLICA,NO APLICA,NO APLICA,VOLQUETA,CHEVROLET,UBATE,PUBLICO,NO APLICA,,
HERIDOS,02/28/2020 12:00:00 AM,2020,1899-12-31T18:50:00.000,NOCHE,5_VIERNES,LA MERCEDES,CALLE 57 CARRERA 25,URBANA,TECNICO,354.776,-7.628.962,NO RESPETAR PELACION,MOTOCICLISTA,CHOQUE,1,NO APLICA,PALMA,NO APLICA,MOTO,HERO,EL TAMBO,PARTICULAR,NO APLICA,,
HERIDOS,02/28/2020 12:00:00 AM,2020,1899-12-31T18:50:00.000,NOCHE,5_VIERNES,LA MERCEDES,CALLE 57 CARRERA 25,URBANA,TECNICO,354.776,-7.628.962,NO RESPETAR PELACION,NO APLICA,CHOQUE,NO APLICA,NO APLICA,NO APLICA,NO APLICA,AUTOMOVIL,FORD,CALI,PARTICULAR,NO APLICA,,
HERIDOS,02/28/2020 12:00:00 AM,2020,1899-12-31T13:20:00.000,TARDE,5_VIERNES,CENTRO,CARRERA 29 CALLE 32,URBANA,TECNICO,352.893,-7.629.949,SEMAFORO EN ROJO,MOTOCICLISTA,CHOQUE,1,NO APLICA,FRACTURAS,NO APLICA,MOTO,JIANLIGN,GUACARI,PARTICULAR,NO APLICA,,
HERIDOS,02/28/2020 12:00:00 AM,2020,1899-12-31T13:20:00.000,TARDE,5_VIERNES,CENTRO,CARRERA 29 CALLE 32,URBANA,TECNICO,352.893,-7.629.949,SEMAFORO EN ROJO,MOTOCICLISTA,CHOQUE,1,NO APLICA,PALMIRA,NO APLICA,MOTO,SUZUKI,PALMIRA,PARTICULAR,NO APLICA,,
HERIDOS,02/28/2020 12:00:00 AM,2020,1899-12-31T13:20:00.000,TARDE,5_VIERNES,CENTRO,CARRERA 29 CALLE 32,URBANA,TECNICO,352.893,-7.629.949,SEMAFORO EN ROJO,ACOMPAÑANTE MOTOCICLISTA,CHOQUE,1,NO APLICA,FRACTURAS,NO APLICA,NO APLICA,NO APLICA,NO APLICA,NO APLICA,NO APLICA,,
HERIDOS,02/28/2020 12:00:00 AM,2020,1899-12-31T13:20:00.000,TARDE,5_VIERNES,CENTRO,CARRERA 29 CALLE 32,URBANA,TECNICO,352.893,-7.629.949,SEMAFORO EN ROJO,ACOMPAÑANTE MOTOCICLISTA,CHOQUE,1,NO APLICA,PALMIRA,NO APLICA,NO APLICA,NO APLICA,NO APLICA,NO APLICA,NO APLICA,,
HERIDOS,02/28/2020 12:00:00 AM,2020,1899-12-31T08:05:00.000,MAÑANA,5_VIERNES,URIBE,CALLE 35 CARRERA 22,URBANA,TECNICO,353.133,-7.629.327,DESOBEDECER SEÑAL,MOTOCICLISTA,CHOQUE,1,NO APLICA,PALMA,NO APLICA,MOTO,BAJAJ,PALMIRA,PARTICULAR,NO APLICA,,
HERIDOS,02/28/2020 12:00:00 AM,2020,1899-12-31T08:05:00.000,MAÑANA,5_VIERNES,URIBE,CALLE 35 CARRERA 22,URBANA,TECNICO,353.133,-7.629.327,DESOBEDECER SEÑAL,NO APLICA,CHOQUE,NO APLICA,NO APLICA,NO APLICA,NO APLICA,CAMIONETA,CHEVROLET,BOGOTA,PARTICULAR,NO APLICA,,
HERIDOS,02/28/2020 12:00:00 AM,2020,1899-12-31T08:05:00.000,MAÑANA,5_VIERNES,URIBE,CALLE 35 CARRERA 22,URBANA,TECNICO,353.133,-7.629.327,DESOBEDECER SEÑAL,ACOMPAÑANTE MOTOCICLISTA,CHOQUE,1,NO APLICA,PALMA,NO APLICA,NO APLICA,NO APLICA,NO APLICA,NO APLICA,NO APLICA,,
DAÑOS,02/28/2020 12:00:00 AM,2020,1899-12-31T06:10:00.000,MAÑANA,5_VIERNES,ALTAMIRA,CALLE 47 CARRERA 27,URBANA,TECNICO,354.204,-7.629.561,SEMAFORO EN ROJO,NO APLICA,CHOQUE,NO APLICA,NO APLICA,NO APLICA,NO APLICA,AUTOMOVIL,KIA,CALI,PARTICULAR,NO APLICA,,
DAÑOS,02/28/2020 12:00:00 AM,2020,1899-12-31T06:10:00.000,MAÑANA,5_VIERNES,ALTAMIRA,CALLE 47 CARRERA 27,URBANA,TECNICO,354.204,-7.629.561,SEMAFORO EN ROJO,NO APLICA,CHOQUE,NO APLICA,NO APLICA,NO APLICA,NO APLICA,AUTOMOVIL,MAZDA,CALI,PARTICULAR,NO APLICA,,
DAÑOS,02/28/2020 12:00:00 AM,2020,1899-12-31T07:45:00.000,MAÑANA,5_VIERNES,URIBE,CARRERA 21 CALLE 34,URBANA,TECNICO,353.031,-7.629.253,DESOBEDECER SEÑAL,NO APLICA,CHOQUE,NO APLICA,NO APLICA,NO APLICA,NO APLICA,AUTOMOVIL,CHEVROLET,PALMIRA,PUBLICO,UNION  TAXIS,,
DAÑOS,02/28/2020 12:00:00 AM,2020,1899-12-31T07:45:00.000,MAÑANA,5_VIERNES,URIBE,CARRERA 21 CALLE 34,URBANA,TECNICO,353.031,-7.629.253,DESOBEDECER SEÑAL,NO APLICA,CHOQUE,NO APLICA,NO APLICA,NO APLICA,NO APLICA,AUTOMOVIL,CHEVROLET,PALMIRA,PARTICULAR,NO APLICA,,
DAÑOS,02/29/2020 12:00:00 AM,2020,1899-12-31T08:00:00.000,MAÑANA,6_SABADO,LOS PINOS,CALLE 42 CARRERA 22,URBANA,TECNICO,353.725,-7.629.239,NO ESTAR PENDIENTE DE LA VIA,NO APLICA,CHOQUE,NO APLICA,NO APLICA,NO APLICA,NO APLICA,AUTOMOVIL,CHEVROLET,CALI,PARTICULAR,NO APLICA,,
DAÑOS,02/29/2020 12:00:00 AM,2020,1899-12-31T08:00:00.000,MAÑANA,6_SABADO,LOS PINOS,CALLE 42 CARRERA 22,URBANA,TECNICO,353.725,-7.629.239,NO ESTAR PENDIENTE DE LA VIA,NO APLICA,CHOQUE,NO APLICA,NO APLICA,NO APLICA,NO APLICA,MOTO,HONDA,FLORIDA,PARTICULAR,NO APLICA,,
HERIDOS,02/29/2020 12:00:00 AM,2020,1899-12-31T20:15:00.000,NOCHE,6_SABADO,CENTRO POBLADO ROZO,AVENIDAD 9 CARRERA 9,RURAL,TECNICO,361.496,-7.638.627,INVADIR CARRIL,NO APLICA,CHOQUE,NO APLICA,NO APLICA,NO APLICA,NO APLICA,MOTOCARRO,BAJAJ,GUACARI,PUBLICO,NO APLICA,,
HERIDOS,02/29/2020 12:00:00 AM,2020,1899-12-31T20:15:00.000,NOCHE,6_SABADO,CENTRO POBLADO ROZO,AVENIDAD 9 CARRERA 9,RURAL,TECNICO,361.496,-7.638.627,INVADIR CARRIL,MOTOCICLISTA,CHOQUE,1,NO APLICA,NO APLICA,NO APLICA,MOTO,AKT,CALI,PARTICULAR,NO APLICA,,
HERIDOS,02/28/2020 12:00:00 AM,2020,1899-12-31T05:00:00.000,MADRUGADA,5_VIERNES,SEMBRADOR,CALLE 18 CARRERA 21,URBANA,TECNICO,351.689,-762.934,DESOBEDECER SEÑAL,MOTOCICLISTA,CHOQUE,1,NO APLICA,RAUL,NO APLICA,MOTO,SUZUKI,FLORIDA,PARTICULAR,NO APLICA,,
HERIDOS,02/28/2020 12:00:00 AM,2020,1899-12-31T05:00:00.000,MADRUGADA,5_VIERNES,SEMBRADOR,CALLE 18 CARRERA 21,URBANA,TECNICO,351.689,-762.934,DESOBEDECER SEÑAL,MOTOCICLISTA,CHOQUE,1,NO APLICA,RAUL,NO APLICA,MOTO,BAJAJ,FLORENCIA,PARTICULAR,NO APLICA,,
HERIDOS,02/28/2020 12:00:00 AM,2020,1899-12-31T05:00:00.000,MADRUGADA,5_VIERNES,SEMBRADOR,CALLE 18 CARRERA 21,URBANA,TECNICO,351.689,-762.934,DESOBEDECER SEÑAL,ACOMPAÑANTE MOTOCICLISTA,CHOQUE,1,NO APLICA,RAUL,NO APLICA,NO APLICA,NO APLICA,NO APLICA,NO APLICA,NO APLICA,,
DAÑOS,02/04/2020 12:00:00 AM,2020,1899-12-31T22:30:00.000,NOCHE,2_MARTES,VERSALLE S,CARRERA 28 CALLE 42-09,URBANA,TECNICO,353.793,-762.975,REALIZAR MAL USO DEL CARRIL,NO APLICA,CHOQUE,NO APLICA,NO APLICA,NO APLICA,NO APLICA,AUTOMOVIL,NISSAN,CALI,PARTICULAR,NO APLICA,,
DAÑOS,02/04/2020 12:00:00 AM,2020,1899-12-31T22:30:00.000,NOCHE,2_MARTES,VERSALLE S,CARRERA 28 CALLE 42-09,URBANA,TECNICO,353.793,-762.975,REALIZAR MAL USO DEL CARRIL,NO APLICA,CHOQUE,NO APLICA,NO APLICA,NO APLICA,NO APLICA,AUTOMOVIL,HYUNDAI,PALMIRA,PUBLICO,UNITAX,,
DAÑOS,03/01/2020 12:00:00 AM,2020,1899-12-31T08:10:00.000,MAÑANA,7_DOMINGO,URIBE,CALLE 36 CARRERA 20,URBANA,TECNICO,353.187,-7.629.148,DESOBEDECER SEÑALES DE PARE,NO APLICA,CHOQUE,NO APLICA,NO APLICA,NO APLICA,NO APLICA,AUTOMOVIL,HYUNDAI,PALMIRA,PUBLICO,FLOTA PALMIRA,,
DAÑOS,03/01/2020 12:00:00 AM,2020,1899-12-31T08:10:00.000,MAÑANA,7_DOMINGO,URIBE,CALLE 36 CARRERA 20,URBANA,TECNICO,353.187,-7.629.148,DESOBEDECER SEÑALES DE PARE,NO APLICA,CHOQUE,NO APLICA,NO APLICA,NO APLICA,NO APLICA,CAMIONETA,CHEVROLET,PALMIRA,PARTICULAR,NO APLICA,,
HERIDOS,03/01/2020 12:00:00 AM,2020,1899-12-31T10:00:00.000,MAÑANA,7_DOMINGO,NIÑO POBRE,CALLE 28 CARRERA 23,URBANA,TECNICO,352.472,-7.629.501,DESOBEDECER SEÑALES DE PARE,CICLISTA,CHOQUE,1,NO APLICA,PALMIRA,NO APLICA,BICICLETA,NO APLICA,NO APLICA,PARTICULAR,NO APLICA,,
HERIDOS,03/01/2020 12:00:00 AM,2020,1899-12-31T10:00:00.000,MAÑANA,7_DOMINGO,NIÑO POBRE,CALLE 28 CARRERA 23,URBANA,TECNICO,352.472,-7.629.501,DESOBEDECER SEÑALES DE PARE,NO APLICA,CHOQUE,NO APLICA,NO APLICA,NO APLICA,NO APLICA,BUS,CHEVROLET,CAICEDONIA,PUBLICO,LINEAS UNIVERSITARIAS,,
HERIDOS,03/01/2020 12:00:00 AM,2020,1899-12-31T11:00:00.000,MAÑANA,7_DOMINGO,SANTA ANA,CALE 35 CARRERA 45,URBANA,TECNICO,353.215,-7.631.597,TANSITAR EN CONTRA VIA,NO APLICA,CHOQUE,NO APLICA,NO APLICA,NO APLICA,NO APLICA,AUTOMOVIL,CHEVROLET,CALI,PARTICULAR,NO APLICA,,
HERIDOS,03/01/2020 12:00:00 AM,2020,1899-12-31T11:00:00.000,MAÑANA,7_DOMINGO,SANTA ANA,CALE 35 CARRERA 45,URBANA,TECNICO,353.215,-7.631.597,TANSITAR EN CONTRA VIA,MOTOCICLISTA,CHOQUE,1,NO APLICA,PALMA,NO APLICA,MOTO,HONDA,PALMIRA,PARTICULAR,NO APLICA,,
HERIDOS,03/01/2020 12:00:00 AM,2020,1899-12-31T11:00:00.000,MAÑANA,7_DOMINGO,SANTA ANA,CALE 35 CARRERA 45,URBANA,TECNICO,353.215,-7.631.597,TANSITAR EN CONTRA VIA,ACOMPAÑANTE MOTOCICLISTA,CHOQUE,1,NO APLICA,PALMA,NO APLICA,NO APLICA,NO APLICA,NO APLICA,NO APLICA,NO APLICA,,
HERIDOS,03/01/2020 12:00:00 AM,2020,1899-12-31T12:40:00.000,TARDE,7_DOMINGO,POBLADO,CALLE 44 CARRERAS 17-19,URBANA,TECNICO,353.868,-762.895,NO RESPETAR PRELACION,MOTOCICLISTA,CHOQUE,1,NO APLICA,PALMA,NO APLICA,MOTO,YAMAHA,CALI,PARTICULAR,NO APLICA,,
HERIDOS,03/01/2020 12:00:00 AM,2020,1899-12-31T12:40:00.000,TARDE,7_DOMINGO,POBLADO,CALLE 44 CARRERAS 17-19,URBANA,TECNICO,353.868,-762.895,NO RESPETAR PRELACION,MOTOCICLISTA,CHOQUE,1,NO APLICA,PALMA,NO APLICA,MOTO,SUZUKI,PALMIRA,PARTICULAR,NO APLICA,,
DAÑOS,03/01/2020 12:00:00 AM,2020,1899-12-31T17:10:00.000,TARDE,7_DOMINGO,PRIMERO DE MAYO,CALLE 41 CARRERA 9,URBANA,TECNICO,353.629,-7.628.233,DESOBEDECER SEÑALES DE PARE,NO APLICA,CHOQUE,NO APLICA,NO APLICA,NO APLICA,NO APLICA,AUTOMOVIL,CHEVROLET,PALMIRA,PARTICULAR,NO APLICA,,
DAÑOS,03/01/2020 12:00:00 AM,2020,1899-12-31T17:10:00.000,TARDE,7_DOMINGO,PRIMERO DE MAYO,CALLE 41 CARRERA 9,URBANA,TECNICO,353.629,-7.628.233,DESOBEDECER SEÑALES DE PARE,NO APLICA,CHOQUE,NO APLICA,NO APLICA,NO APLICA,NO APLICA,MOTO,HERO,FLORIDA,PARTICULAR,NO APLICA,,
HERIDOS,03/02/2020 12:00:00 AM,2020,1899-12-31T13:10:00.000,TARDE,1_LUNES,CENTRO,CALLE 29 CARRERA 31,URBANA,TECNICO,352.651,-7.630.181,SEMAFORO EN ROJO,CONDUCTOR,CHOQUE,1,NO APLICA,PALMIRA,NO APLICA,AUTOMOVIL,RENAULT,CALI,PARTICULAR,NO APLICA,,
HERIDOS,03/02/2020 12:00:00 AM,2020,1899-12-31T13:10:00.000,TARDE,1_LUNES,CENTRO,CALLE 29 CARRERA 31,URBANA,TECNICO,352.651,-7.630.181,SEMAFORO EN ROJO,MOTOCICLISTA,CHOQUE,1,NO APLICA,PALMIRA,NO APLICA,MOTO,HONDA,BOGOTA,PARTICULAR,NO APLICA,,
DAÑOS,03/03/2020 12:00:00 AM,2020,1899-12-31T10:00:00.000,MAÑANA,2_MARTES,SEMBRADOR,CALLE 18 CARRERA 19-121,URBANA,TECNICO,351.683,-7.629.132,CAMBIO DE CARRIL CON O SIN INDICACION,NO APLICA,CHOQUE,NO APLICA,NO APLICA,NO APLICA,NO APLICA,CAMIONETA,NISSAN,PALMIRA,OFICIAL,NO APLICA,,
DAÑOS,03/03/2020 12:00:00 AM,2020,1899-12-31T10:00:00.000,MAÑANA,2_MARTES,SEMBRADOR,CALLE 18 CARRERA 19-121,URBANA,TECNICO,351.683,-7.629.132,CAMBIO DE CARRIL CON O SIN INDICACION,NO APLICA,CHOQUE,NO APLICA,NO APLICA,NO APLICA,NO APLICA,AUTOMOVIL,CHEVROLET,CANDELARIA,PARTICULAR,NO APLICA,,
DAÑOS,03/02/2020 12:00:00 AM,2020,1899-12-31T19:40:00.000,NOCHE,1_LUNES,SANTA RITA,CALLE 39 CARRERA 27-75,URBANA,TECNICO,353.551,-7.629.696,ARRANCAR SIN PRECAUCION,NO APLICA,CHOQUE,NO APLICA,NO APLICA,NO APLICA,NO APLICA,CAMPERO,SUZUKI,GUACARI,PARTICULAR,NO APLICA,,