GRAVEDAD,FECHA,AÑO,HORA,JORNADA,DIA_SEMANA,BARRIOS-COREGIMIENTO- VIA,DIRECCION,ZONA,AUTORIDAD,LAT,LONG,HIPOTESIS,CONDICION DE LA VICTIMA,CLASE DE SINIESTRO,LESIONADO,HOMICIDIOS,CLINICA,SITIO,CLASE VEHICULO,MARCA,MATRICULA,TIPO DE SERVICIO,EMPRESA, , 
DAÑOS,03/02/2020 12:00:00 AM,2020,1899-12-31T19:40:00.000,NOCHE,1_LUNES,SANTA RITA,CALLE 39 CARRERA 27-75,URBANA,TECNICO,353.551,-7.629.696,ARRANCAR SIN PRECAUCION,NO APLICA,CHOQUE,NO APLICA,NO APLICA,NO APLICA,NO APLICA,CAMION,CHEVROLET,SABANETA,PUBLICO,NO APLICA,,
DAÑOS,03/03/2020 12:00:00 AM,2020,1899-12-31T13:20:00.000,TARDE,2_MARTES,NUEVO,CARRERA 31 CALLE 26,URBANA,TECNICO,352.396,-7.630.225,DESOBEDECER SEÑALES DE PARE,NO APLICA,CHOQUE,NO APLICA,NO APLICA,NO APLICA,NO APLICA,CAMIONETA,RENAULT,CALI,PARTICULAR,NO APLICA,,
DAÑOS,03/03/2020 12:00:00 AM,2020,1899-12-31T13:20:00.000,TARDE,2_MARTES,NUEVO,CARRERA 31 CALLE 26,URBANA,TECNICO,352.396,-7.630.225,DESOBEDECER SEÑALES DE PARE,NO APLICA,CHOQUE,NO APLICA,NO APLICA,NO APLICA,NO APLICA,MOTO,BAJAJ,MANIZALEZ,PARTICULAR,NO APLICA,,
HERIDOS,03/02/2020 12:00:00 AM,2020,1899-12-31T15:30:00.000,TARDE,1_LUNES,ZAMORANO,CARRERA 28 CALLE 69-80,URBANA,TECNICO,3.5562,-7.629.166,NO RESPETAR PRELACION,NO APLICA,CHOQUE,NO APLICA,NO APLICA,NO APLICA,NO APLICA,BUSETA,IVECO,PALMIRA,PUBLICO,PALMIRANA,,
HERIDOS,03/02/2020 12:00:00 AM,2020,1899-12-31T15:30:00.000,TARDE,1_LUNES,ZAMORANO,CARRERA 28 CALLE 69-80,URBANA,TECNICO,3.5562,-7.629.166,NO RESPETAR PRELACION,MOTOCICLISTA,CHOQUE,1,NO APLICA,RAUL,NO APLICA,MOTO,YAMAHA,ITAGUI,PARTICULAR,NO APLICA,,
HERIDOS,03/02/2020 12:00:00 AM,2020,1899-12-31T15:30:00.000,TARDE,1_LUNES,ZAMORANO,CARRERA 28 CALLE 69-80,URBANA,TECNICO,3.5562,-7.629.166,NO RESPETAR PRELACION,ACOMPAÑANTE MOTOCICLISTA,CHOQUE,1,NO APLICA,RAUL,NO APLICA,NO APLICA,NO APLICA,NO APLICA,NO APLICA,NO APLICA,,
HERIDOS,03/04/2020 12:00:00 AM,2020,1899-12-31T05:50:00.000,MADRUGADA,2_MARTES,CAMPESTRE,CALLE 42 CARRERA 13-40,URBANA,TECNICO,353.703,-7.628.624,NO ESTAR PENDIENTE DE LA VIA,MOTOCICLISTA,CHOQUE,1,NO APLICA,PALMA,NO APLICA,MOTO,TVS,PRADERA,PARTICULAR,NO APLICA,,
HERIDOS,03/04/2020 12:00:00 AM,2020,1899-12-31T05:50:00.000,MADRUGADA,2_MARTES,CAMPESTRE,CALLE 42 CARRERA 13-40,URBANA,TECNICO,353.703,-7.628.624,NO ESTAR PENDIENTE DE LA VIA,NO APLICA,CHOQUE,NO APLICA,NO APLICA,NO APLICA,NO APLICA,AUTOMOVIL,NISSAN,CALI,PARTICULAR,NO APLICA,,
DAÑOS,03/04/2020 12:00:00 AM,2020,1899-12-31T10:30:00.000,MAÑANA,3_MIERCOLES,COLOMBIA,CALLE 33 CARRERA 29,URBANA,TECNICO,353.046,-7.629.928,NO MANTENER DISTANCIA DE SEGURIDAD,NO APLICA,CHOQUE,NO APLICA,NO APLICA,NO APLICA,NO APLICA,CAMIONETA,RENAULT,CALI,PARTICULAR,NO APLICA,,
DAÑOS,03/04/2020 12:00:00 AM,2020,1899-12-31T10:30:00.000,MAÑANA,3_MIERCOLES,COLOMBIA,CALLE 33 CARRERA 29,URBANA,TECNICO,353.046,-7.629.928,NO MANTENER DISTANCIA DE SEGURIDAD,NO APLICA,CHOQUE,NO APLICA,NO APLICA,NO APLICA,NO APLICA,AUTOMOVIL,NISSAN,CALI,PARTICULAR,NO APLICA,,
DAÑOS,03/03/2020 12:00:00 AM,2020,1899-12-31T18:30:00.000,NOCHE,2_MARTES,ALTAMIRA,CALLE 47 CARRERA 25-08,URBANA,TECNICO,354.245,-7.629.331,REVERSO IMPRUDENTE,NO APLICA,CHOQUE,NO APLICA,NO APLICA,NO APLICA,NO APLICA,AUTOMOVIL,FORD,CALI,PARTICULAR,NO APLICA,,
DAÑOS,03/03/2020 12:00:00 AM,2020,1899-12-31T18:30:00.000,NOCHE,2_MARTES,ALTAMIRA,CALLE 47 CARRERA 25-08,URBANA,TECNICO,354.245,-7.629.331,REVERSO IMPRUDENTE,NO APLICA,CHOQUE,NO APLICA,NO APLICA,NO APLICA,NO APLICA,CAMIONETA,NISSAN,PALMIRA,PARTICULAR,NO APLICA,,
HERIDOS,03/05/2020 12:00:00 AM,2020,1899-12-31T07:20:00.000,MAÑANA,4_JUEVES,EMILIA,CALLE 36 CARRERA 36,URBANA,TECNICO,353.393,-7.630.657,DESOBEDECER SEÑALES DE PARE,NO APLICA,CHOQUE,NO APLICA,NO APLICA,NO APLICA,NO APLICA,AUTOMOVIL,HYUNDAI,CALI,PARTICULAR,NO APLICA,,
HERIDOS,03/05/2020 12:00:00 AM,2020,1899-12-31T07:20:00.000,MAÑANA,4_JUEVES,EMILIA,CALLE 36 CARRERA 36,URBANA,TECNICO,353.393,-7.630.657,DESOBEDECER SEÑALES DE PARE,MOTOCICLISTA,CHOQUE,1,NO APLICA,FRACTURAS,NO APLICA,MOTO,BAJAJ,CALI,PARTICULAR,NO APLICA,,
DAÑOS,03/04/2020 12:00:00 AM,2020,1899-12-31T17:30:00.000,TARDE,3_MIERCOLES,VERSALLE S,CALLE 42 CARRERA 29-28,URBANA,TECNICO,353.811,-762.983,CAMBIO DE CARRIL CON O SIN INDICACION,NO APLICA,CHOQUE,NO APLICA,NO APLICA,NO APLICA,NO APLICA,CAMION,CHEVROLET,BOGOTA,PUBLICO,NO APLICA,,
DAÑOS,03/04/2020 12:00:00 AM,2020,1899-12-31T17:30:00.000,TARDE,3_MIERCOLES,VERSALLE S,CALLE 42 CARRERA 29-28,URBANA,TECNICO,353.811,-762.983,CAMBIO DE CARRIL CON O SIN INDICACION,NO APLICA,CHOQUE,NO APLICA,NO APLICA,NO APLICA,NO APLICA,AUTOMOVIL,BMW,BOGOTA,PARTICULAR,NO APLICA,,
HERIDOS,03/05/2020 12:00:00 AM,2020,1899-12-31T15:00:00.000,TARDE,4_JUEVES,BIZERTA,CALLE 36 CARRERA 20,URBANA,TECNICO,353.188,-7.629.149,GIRAR BRUSCAMENTE,MOTOCICLISTA,CHOQUE,1,NO APLICA,PALMIRA,NO APLICA,MOTO,AKT,PRADERA,PARTICULAR,NO APLICA,,
HERIDOS,03/05/2020 12:00:00 AM,2020,1899-12-31T15:00:00.000,TARDE,4_JUEVES,BIZERTA,CALLE 36 CARRERA 20,URBANA,TECNICO,353.188,-7.629.149,GIRAR BRUSCAMENTE,MOTOCICLISTA,CHOQUE,1,NO APLICA,PALMIRA,NO APLICA,MOTO,AYCO,PRADERA,PARTICULAR,NO APLICA,,
DAÑOS,03/05/2020 12:00:00 AM,2020,1899-12-31T17:50:00.000,TARDE,4_JUEVES,CENTRO,CARRRA 32 CALLE 30-45,URBANA,TECNICO,352.791,-7.630.239,NO MANTENER DISTANCIA DE SEGURIDAD,NO APLICA,CHOQUE,NO APLICA,NO APLICA,NO APLICA,NO APLICA,AUTOMOVIL,CHEVROLET,POPAYAN,PARTICULAR,NO APLICA,,
DAÑOS,03/05/2020 12:00:00 AM,2020,1899-12-31T18:10:00.000,NOCHE,4_JUEVES,PALMERAS,CARRERA 1 CALLE 34-48,URBANA,TECNICO,352.995,-7.627.705,IMPERICIA EN EL MANEJO,NO APLICA,CHOQUE,NO APLICA,NO APLICA,NO APLICA,NO APLICA,AUTOMOVIL,KIA,CALI,PARTICULAR,NO APLICA,,
DAÑOS,03/05/2020 12:00:00 AM,2020,1899-12-31T18:10:00.000,NOCHE,4_JUEVES,PALMERAS,CARRERA 1 CALLE 34-48,URBANA,TECNICO,352.995,-7.627.705,IMPERICIA EN EL MANEJO,NO APLICA,CHOQUE,NO APLICA,NO APLICA,NO APLICA,NO APLICA,AUTOMOVIL,HONDA,CALI,PARTICULAR,NO APLICA,,
DAÑOS,03/08/2020 12:00:00 AM,2020,1899-12-31T01:15:00.000,MADRUGADA,7_DOMINGO,CENTRO,CALLE 29 CARRERA 31,URBANA,TECNICO,3.5265,-7.630.181,NO RESPETAR PRELACION,NO APLICA,CHOQUE,NO APLICA,NO APLICA,NO APLICA,NO APLICA,CAMIONETA,CHEVROLET,CALI,PARTICULAR,NO APLICA,,
MUERTO,03/08/2020 12:00:00 AM,2020,1899-12-31T04:45:00.000,MADRUGADA,7_DOMINGO,CENTRO POBLADO,VIA PALMIRA TIENDA NUEVA PETAR,RURAL,TECNICO,356.908,-7.622.561,POR ESTABLECER,MOTOCICLISTA,CHOQUE OBJETO FIJO,NO APLICA,1,NO APLICA,NO APLICA,MOTO,SUZUKI,PALMIRA,PARTICULAR,NO APLICA,,
HERIDOS,03/08/2020 12:00:00 AM,2020,1899-12-31T22:40:00.000,NOCHE,7_DOMINGO,SAN PEDRO,CARRERA 19 CALLE 34,URBANA,TECNICO,353.009,-7.629.038,NO RESPETAR PRELACION,MOTOCICLISTA,CHOQUE,1,NO APLICA,RAUL,NO APLICA,MOTO,HONDA,FLORIDA,PARTICULAR,NO APLICA,,
HERIDOS,03/08/2020 12:00:00 AM,2020,1899-12-31T22:40:00.000,NOCHE,7_DOMINGO,SAN PEDRO,CARRERA 19 CALLE 34,URBANA,TECNICO,353.009,-7.629.038,NO RESPETAR PRELACION,MOTOCICLISTA,CHOQUE,1,NO APLICA,RAUL,NO APLICA,MOTO,SUZUKI,EL CERRITO,PARTICULAR,NO APLICA,,
DAÑOS,03/04/2020 12:00:00 AM,2020,1899-12-31T19:30:00.000,NOCHE,3_MIERCOLES,VERSALLE S,CALLE 42 CARRERA 28,URBANA,TECNICO,353.819,-7.629.713,UTILIZAR INDEVIDAMENTE EL CARRIL,NO APLICA,CHOQUE,NO APLICA,NO APLICA,NO APLICA,NO APLICA,BUS,HYUNDAI,CALI,PUBLICO,NO APLICA,,
DAÑOS,03/04/2020 12:00:00 AM,2020,1899-12-31T19:30:00.000,NOCHE,3_MIERCOLES,VERSALLE S,CALLE 42 CARRERA 28,URBANA,TECNICO,353.819,-7.629.713,UTILIZAR INDEVIDAMENTE EL CARRIL,NO APLICA,CHOQUE,NO APLICA,NO APLICA,NO APLICA,NO APLICA,AUTOMOVIL,MAZDA,PUERTO TEJADA,PARTICULAR,NO APLICA,,
DAÑOS,03/05/2020 12:00:00 AM,2020,1899-12-31T19:20:00.000,NOCHE,4_JUEVES,CHAPINERO SUR,CARRERA 32 CALLE 8,URBANA,TECNICO,350.973,-7.630.751,DESOBEDECER SEÑALES DE PARE,NO APLICA,CHOQUE,NO APLICA,NO APLICA,NO APLICA,NO APLICA,BUS,HINO,EL CERRITO,PARTICULAR,NO APLICA,,
DAÑOS,03/05/2020 12:00:00 AM,2020,1899-12-31T19:20:00.000,NOCHE,4_JUEVES,CHAPINERO SUR,CARRERA 32 CALLE 8,URBANA,TECNICO,350.973,-7.630.751,DESOBEDECER SEÑALES DE PARE,NO APLICA,CHOQUE,NO APLICA,NO APLICA,NO APLICA,NO APLICA,AUTOMOVIL,HYUNDAI,CALI,PARTICULAR,NO APLICA,,
HERIDOS,03/05/2020 12:00:00 AM,2020,1899-12-31T17:30:00.000,TARDE,4_JUEVES,JUAN PABLO,CARRERA 41 CACLLE 49,URBANA,TECNICO,354.369,-7.631.242,TRANSITAR EN CONTRAVIA,MOTOCICLISTA,CHOQUE,1,NO APLICA,PALMA,NO APLICA,MOTO,HONDA,GUACARI,PARTICULAR,NO APLICA,,
HERIDOS,03/05/2020 12:00:00 AM,2020,1899-12-31T17:30:00.000,TARDE,4_JUEVES,JUAN PABLO,CARRERA 41 CACLLE 49,URBANA,TECNICO,354.369,-7.631.242,TRANSITAR EN CONTRAVIA,MOTOCICLISTA,CHOQUE,1,NO APLICA,PALMA,NO APLICA,MOTO,YAMAHA,CALI,PARTICULAR,NO APLICA,,
HERIDOS,03/05/2020 12:00:00 AM,2020,1899-12-31T17:30:00.000,TARDE,4_JUEVES,JUAN PABLO,CARRERA 41 CACLLE 49,URBANA,TECNICO,354.369,-7.631.242,TRANSITAR EN CONTRAVIA,ACOMPAÑANTE MOTOCICLISTA,CHOQUE,1,NO APLICA,PALMA,NO APLICA,NO APLICA,NO APLICA,NO APLICA,NO APLICA,NO APLICA,,
HERIDOS,03/06/2020 12:00:00 AM,2020,1899-12-31T16:10:00.000,TARDE,1_LUNES,CENTRO,CALLE 32 CARRERA 26,URBANA,TECNICO,352.844,-762.969,DESOBEDECER SEÑALES DE PARE,MOTOCICLISTA,CHOQUE,1,NO APLICA,PALMA,NO APLICA,MOTO,KEEWAY,GUACARI,PARTICULAR,NO APLICA,,
HERIDOS,03/06/2020 12:00:00 AM,2020,1899-12-31T16:10:00.000,TARDE,1_LUNES,CENTRO,CALLE 32 CARRERA 26,URBANA,TECNICO,352.844,-762.969,DESOBEDECER SEÑALES DE PARE,NO APLICA,CHOQUE,NO APLICA,NO APLICA,NO APLICA,NO APLICA,AUTOMOVIL,HYUNDAI,GUACARI,PARTICULAR,NO APLICA,,
DAÑOS,03/06/2020 12:00:00 AM,2020,1899-12-31T17:00:00.000,TARDE,5_VIERNES,SANTA ISABEL,CARRERA 34C CALLE 44-57,URBANA,TECNICO,354.021,-7.630.464,ARRANCAR SIN PRECAUCION,NO APLICA,CHOQUE,NO APLICA,NO APLICA,NO APLICA,NO APLICA,TRACTO CAMION,KENWORTH,ANDALUCIA,PARTICULAR,NO APLICA,,
DAÑOS,03/06/2020 12:00:00 AM,2020,1899-12-31T17:00:00.000,TARDE,5_VIERNES,SANTA ISABEL,CARRERA 34C CALLE 44-57,URBANA,TECNICO,354.021,-7.630.464,ARRANCAR SIN PRECAUCION,NO APLICA,CHOQUE,NO APLICA,NO APLICA,NO APLICA,NO APLICA,MOTO,BMW,CALI,PARTICULAR,NO APLICA,,
HERIDOS,03/07/2020 12:00:00 AM,2020,1899-12-31T07:00:00.000,MAÑANA,6_SABADO,DELICIAS,CARRERA 23 CALLE 27,URBANA,TECNICO,352.386,-7.629.506,DESOBEDECER SEÑALES DE PARE,MOTOCICLISTA,CHOQUE,1,NO APLICA,PALMIRA,NO APLICA,MOTO,BAJAJ,PALMIRA,PARTICULAR,NO APLICA,,
HERIDOS,03/07/2020 12:00:00 AM,2020,1899-12-31T07:00:00.000,MAÑANA,6_SABADO,DELICIAS,CARRERA 23 CALLE 27,URBANA,TECNICO,352.386,-7.629.506,DESOBEDECER SEÑALES DE PARE,NO APLICA,CHOQUE,1,NO APLICA,PALMIRA,NO APLICA,MOTO,BAJAJ,GUACARI,PARTICULAR,NO APLICA,,
HERIDOS,03/07/2020 12:00:00 AM,2020,1899-12-31T07:00:00.000,MAÑANA,6_SABADO,DELICIAS,CARRERA 23 CALLE 27,URBANA,TECNICO,352.386,-7.629.506,DESOBEDECER SEÑALES DE PARE,ACOMPAÑANTE MOTOCICLISTA,CHOQUE,1,NO APLICA,PALMIRA,NO APLICA,NO APLICA,NO APLICA,NO APLICA,NO APLICA,NO APLICA,,
HERIDOS,03/07/2020 12:00:00 AM,2020,1899-12-31T11:45:00.000,MAÑANA,6_SABADO,COLOMBINA,CALLE 28 CARRERA 20,URBANA,TECNICO,352.358,-7.629.251,CONDUCIR SIN MEDIDAS DE PRECAUCION,NO APLICA,CHOQUE,NO APLICA,NO APLICA,NO APLICA,NO APLICA,MOTO,AKT,PRADERA,PARTICULAR,NO APLICA,,
HERIDOS,03/07/2020 12:00:00 AM,2020,1899-12-31T11:45:00.000,MAÑANA,6_SABADO,COLOMBINA,CALLE 28 CARRERA 20,URBANA,TECNICO,352.358,-7.629.251,CONDUCIR SIN MEDIDAS DE PRECAUCION,ACOMPAÑANTE MOTOCICLISTA,CHOQUE,1,NO APLICA,FRACTURAS,NO APLICA,NO APLICA,NO APLICA,NO APLICA,NO APLICA,NO APLICA,,
DAÑOS,03/08/2020 12:00:00 AM,2020,1899-12-31T11:50:00.000,MAÑANA,7_DOMINGO,MIRRIÑAO,CALLE 54 CARRER 30,URBANA,TECNICO,354.743,-7.629.768,REALIZAR GIRO EN U,NO APLICA,CHOQUE,NO APLICA,NO APLICA,NO APLICA,NO APLICA,AUTOMOVIL,RENAULT,PAMPLONA,PARTICULAR,NO APLICA,,
DAÑOS,03/08/2020 12:00:00 AM,2020,1899-12-31T11:50:00.000,MAÑANA,7_DOMINGO,MIRRIÑAO,CALLE 54 CARRER 30,URBANA,TECNICO,354.743,-7.629.768,REALIZAR GIRO EN U,NO APLICA,CHOQUE,NO APLICA,NO APLICA,NO APLICA,NO APLICA,CAMIONETA,KIA,PEREIRA,PARTICULAR,NO APLICA,,
DAÑOS,03/06/2020 12:00:00 AM,2020,1899-12-31T16:30:00.000,TARDE,5_VIERNES,VERSALLE S,CALLE 42 CARRERA 31-71,URBANA,TECNICO,353.819,-7.630.008,DISTRAERSE,NO APLICA,CHOQUE,NO APLICA,NO APLICA,NO APLICA,NO APLICA,AUTOMOVIL,NISSAN,CALI,PARTICULAR,NO APLICA,,
DAÑOS,03/06/2020 12:00:00 AM,2020,1899-12-31T16:30:00.000,TARDE,5_VIERNES,VERSALLE S,CALLE 42 CARRERA 31-71,URBANA,TECNICO,353.819,-7.630.008,DISTRAERSE,NO APLICA,CHOQUE,NO APLICA,NO APLICA,NO APLICA,NO APLICA,AUTOMOVIL,KIA,PALMIRA,PARTICULAR,NO APLICA,,
HERIDOS,03/06/2020 12:00:00 AM,2020,1899-12-31T17:15:00.000,TARDE,5_VIERNES,CENTRO,CALLE 28 CARRERA 32,URBANA,TECNICO,352.494,-7.630.282,SEMAFORO EN ROJO,MOTOCICLISTA,CHOQUE,1,NO APLICA,PALMIRA,NO APLICA,MOTO,YAMAHA,GIRARDO,PARTICULAR,NO APLICA,,
HERIDOS,03/06/2020 12:00:00 AM,2020,1899-12-31T17:15:00.000,TARDE,5_VIERNES,CENTRO,CALLE 28 CARRERA 32,URBANA,TECNICO,352.494,-7.630.282,SEMAFORO EN ROJO,NO APLICA,CHOQUE,NO APLICA,NO APLICA,NO APLICA,NO APLICA,MOTO,HERO,FLORIDA,PARTICULAR,NO APLICA,,
DAÑOS,03/07/2020 12:00:00 AM,2020,1899-12-31T06:50:00.000,MAÑANA,6_SABADO,CENTRO,CALLE 31 CARRERA 30,URBANA,TECNICO,352.814,-7.630.052,SEMAFORO EN ROJO,NO APLICA,CHOQUE,NO APLICA,NO APLICA,NO APLICA,NO APLICA,CAMIONETA,RENAULT,PALMIRA,PARTICULAR,NO APLICA,,
DAÑOS,03/07/2020 12:00:00 AM,2020,1899-12-31T06:50:00.000,MAÑANA,6_SABADO,CENTRO,CALLE 31 CARRERA 30,URBANA,TECNICO,352.814,-7.630.052,SEMAFORO EN ROJO,NO APLICA,CHOQUE,NO APLICA,NO APLICA,NO APLICA,NO APLICA,MOTO,VICTORY,PALMIRA,PARTICULAR,NO APLICA,,
DAÑOS,03/08/2020 12:00:00 AM,2020,1899-12-31T09:30:00.000,MAÑANA,7_DOMINGO,AEROPUERTO,AEROPUERTO,RURAL,TECNICO,354.478,-7.638.458,NO ESTAR PENDIENTE DE LA VIA,NO APLICA,CHOQUE,NO APLICA,NO APLICA,NO APLICA,NO APLICA,CAMIONETA,RENAULT,BOGOTA,PARTICULAR,NO APLICA,,
DAÑOS,03/08/2020 12:00:00 AM,2020,1899-12-31T09:30:00.000,MAÑANA,7_DOMINGO,AEROPUERTO,AEROPUERTO,RURAL,TECNICO,354.478,-7.638.458,NO ESTAR PENDIENTE DE LA VIA,NO APLICA,CHOQUE,NO APLICA,NO APLICA,NO APLICA,NO APLICA,AUTOMOVIL,CHEVROLET,PEREIRA,PARTICULAR,NO APLICA,,
HERIDOS,03/04/2020 12:00:00 AM,2020,1899-12-31T23:00:00.000,NOCHE,3_MIERCOLES,AMERICAS,CARRERA 24 CALLE 14-15,URBANA,TECNICO,351.383,-7.629.588,INVADIR CARRIL,MOTOCICLISTA,CHOQUE,1,NO APLICA,RAUL,NO APLICA,MOTO,HONDA,MIRANDA,PARTICULAR,NO APLICA,,
HERIDOS,03/04/2020 12:00:00 AM,2020,1899-12-31T23:00:00.000,NOCHE,3_MIERCOLES,AMERICAS,CARRERA 24 CALLE 14-15,URBANA,TECNICO,351.383,-7.629.588,INVADIR CARRIL,MOTOCICLISTA,CHOQUE,1,NO APLICA,RAUL,NO APLICA,MOTO,BAJAJ,CHOCO,PARTICULAR,NO APLICA,,
HERIDOS,03/05/2020 12:00:00 AM,2020,1899-12-31T21:45:00.000,NOCHE,4_JUEVES,LAS FLORES,CALLE 30 CARRERA 4,URBANA,TECNICO,352.275,-7.628.009,NO RESPETAR PRELACION,MOTOCICLISTA,CHOQUE,1,NO APLICA,RAUL,NO APLICA,MOTO,HERO,PRADERA,PARTICULAR,NO APLICA,,
HERIDOS,03/05/2020 12:00:00 AM,2020,1899-12-31T21:45:00.000,NOCHE,4_JUEVES,LAS FLORES,CALLE 30 CARRERA 4,URBANA,TECNICO,352.275,-7.628.009,NO RESPETAR PRELACION,MOTOCICLISTA,CHOQUE,1,NO APLICA,RAUL,NO APLICA,MOTO,SUZUKI,PEREIRA,PARTICULAR,NO APLICA,,
DAÑOS,03/10/2020 12:00:00 AM,2020,1899-12-31T06:40:00.000,MAÑANA,7_DOMINGO,SAMANES,CALLE 47 CARRERA 28,URBANA,TECNICO,354.219,-7.629.663,PASAR SEMAFORO,NO APLICA,CHOQUE,NO APLICA,NO APLICA,NO APLICA,NO APLICA,MOTO,KIMCO,PALMIRA,PARTICULAR,NO APLICA,,
DAÑOS,03/10/2020 12:00:00 AM,2020,1899-12-31T06:40:00.000,MAÑANA,7_DOMINGO,SAMANES,CALLE 47 CARRERA 28,URBANA,TECNICO,354.219,-7.629.663,PASAR SEMAFORO,NO APLICA,CHOQUE,NO APLICA,NO APLICA,NO APLICA,NO APLICA,MOTO,AKT,CALI,PARTICULAR,NO APLICA,,
DAÑOS,03/10/2020 12:00:00 AM,2020,1899-12-31T09:30:00.000,MAÑANA,2_MARTES,DANUBIO,CARRERA 19 CALLE 32,URBANA,TECNICO,352.777,-7.629.026,NO MANTENER DISTANCIA DE SEGURIDAD,NO APLICA,CHOQUE,NO APLICA,NO APLICA,NO APLICA,NO APLICA,MOTO,HONDA,CALI,PARTICULAR,NO APLICA,,
DAÑOS,03/10/2020 12:00:00 AM,2020,1899-12-31T09:30:00.000,MAÑANA,2_MARTES,DANUBIO,CARRERA 19 CALLE 32,URBANA,TECNICO,352.777,-7.629.026,NO MANTENER DISTANCIA DE SEGURIDAD,NO APLICA,CHOQUE,NO APLICA,NO APLICA,NO APLICA,NO APLICA,MOTO,HONDA,PALMIRA,PARTICULAR,NO APLICA,,
DAÑOS,03/10/2020 12:00:00 AM,2020,1899-12-31T05:00:00.000,MADRUGADA,2_MARTES,NUEVO,CARRERA 31 CALLE 22,URBANA,TECNICO,352.062,-7.630.281,DESOBEDECER SEÑALES DE PARE,NO APLICA,CHOQUE,NO APLICA,NO APLICA,NO APLICA,NO APLICA,AUTOMOVIL,HYUNDAI,PALMIRA,PUBLICO,NO APLICA,,
DAÑOS,03/10/2020 12:00:00 AM,2020,1899-12-31T05:00:00.000,MADRUGADA,2_MARTES,NUEVO,CARRERA 31 CALLE 22,URBANA,TECNICO,352.062,-7.630.281,DESOBEDECER SEÑALES DE PARE,NO APLICA,CHOQUE,NO APLICA,NO APLICA,NO APLICA,NO APLICA,AUTOMOVIL,CHEVROLET,CALI,PARTICULAR,NO APLICA,,
DAÑOS,03/08/2020 12:00:00 AM,2020,1899-12-31T17:15:00.000,TARDE,7_DOMINGO,DANUBIO,CALLE 33 CARRERA 19,URBANA,TECNICO,352.932,-7.629.047,DESOBEDECER SEÑALES DE PARE,NO APLICA,CHOQUE,NO APLICA,NO APLICA,NO APLICA,NO APLICA,AUTOMOVIL,RENAULT,PALMIRA,PARTICULAR,NO APLICA,,
DAÑOS,03/08/2020 12:00:00 AM,2020,1899-12-31T17:15:00.000,TARDE,7_DOMINGO,DANUBIO,CALLE 33 CARRERA 19,URBANA,TECNICO,352.932,-7.629.047,DESOBEDECER SEÑALES DE PARE,NO APLICA,CHOQUE,NO APLICA,NO APLICA,NO APLICA,NO APLICA,MOTO,KIMCO,PALMIRA,PARTICULAR,NO APLICA,,
DAÑOS,03/08/2020 12:00:00 AM,2020,1899-12-31T17:15:00.000,TARDE,7_DOMINGO,DANUBIO,CALLE 33 CARRERA 19,URBANA,TECNICO,352.932,-7.629.047,DESOBEDECER SEÑALES DE PARE,NO APLICA,CHOQUE,NO APLICA,NO APLICA,NO APLICA,NO APLICA,MOTO,YAMAHA,CANDELARIA,PARTICULAR,NO APLICA,,
DAÑOS,03/08/2020 12:00:00 AM,2020,1899-12-31T17:15:00.000,TARDE,7_DOMINGO,CENTRO,CALLE 32 CARRERA 32,URBANA,TECNICO,352.833,-7.629.448,DESOBEDECER SEÑALES DE PARE,NO APLICA,CHOQUE,NO APLICA,NO APLICA,NO APLICA,NO APLICA,AUTOMOVIL,HYUNDAI,PALMIRA,PARTICULAR,NO APLICA,,
DAÑOS,03/08/2020 12:00:00 AM,2020,1899-12-31T17:15:00.000,TARDE,7_DOMINGO,URIBE,CALLE 32 CARRERA 32,URBANA,TECNICO,352.833,-7.629.448,DESOBEDECER SEÑALES DE PARE,NO APLICA,CHOQUE,NO APLICA,NO APLICA,NO APLICA,NO APLICA,AUTOMOVIL,KIA,CALI,PARTICULAR,NO APLICA,,
HERIDOS,03/08/2020 12:00:00 AM,2020,1899-12-31T18:00:00.000,NOCHE,7_DOMINGO,VIA TIENDA NUEVA -TABLONES,KM 10+ 400 MTS,URBANA,TECNICO,357.526,-762.131,PERDIDA DE CONTRO,MOTOCICLISTA,CHOQUE,1,NO APLICA,PALMA,NO APLICA,MOTO,MAZDA,PEREIRA,PARTICULAR,NO APLICA,,
HERIDOS,03/08/2020 12:00:00 AM,2020,1899-12-31T18:00:00.000,NOCHE,7_DOMINGO,VIA TIENDA NUEVA -TABLONES,KM 10+ 400 MTS,URBANA,TECNICO,357.526,-762.131,PERDIDA DE CONTRO,ACOMPAÑANTE MOTOCICLISTA,CHOQUE,1,NO APLICA,PALMA,NO APLICA,NO APLICA,NO APLICA,NO APLICA,NO APLICA,NO APLICA,,
HERIDOS,03/08/2020 12:00:00 AM,2020,1899-12-31T18:00:00.000,NOCHE,7_DOMINGO,VIA TIENDA NUEVA -TABLONES,KM 10+ 400 MTS,URBANA,TECNICO,357.526,-762.131,PERDIDA DE CONTRO,ACOMPAÑANTE MOTOCICLISTA,CHOQUE,1,NO APLICA,PALMA,NO APLICA,NO APLICA,NO APLICA,NO APLICA,NO APLICA,NO APLICA,,
HERIDOS,03/08/2020 12:00:00 AM,2020,1899-12-31T13:20:00.000,TARDE,7_DOMINGO,CENTRO,CALLE 29 CARRERA32,URBANA,TECNICO,352.658,-7.630.257,PASAR SEMAFORO EN ROJO,NO APLICA,CHOQUE,NO APLICA,NO APLICA,NO APLICA,NO APLICA,BUSETA,IVECO,PALMIRA,PUBLICO,TUPAL,,