GRAVEDAD,FECHA,AÑO,HORA,JORNADA,DIA_SEMANA,BARRIOS-COREGIMIENTO- VIA,DIRECCION,ZONA,AUTORIDAD,LAT,LONG,HIPOTESIS,CONDICION DE LA VICTIMA,CLASE DE SINIESTRO,LESIONADO,HOMICIDIOS,CLINICA,SITIO,CLASE VEHICULO,MARCA,MATRICULA,TIPO DE SERVICIO,EMPRESA, , 
HERIDOS,04/17/2020 12:00:00 AM,2020,1899-12-31T11:20:00.000,MAÑANA,5_VIERNES,GUAYACANES,CALLE 27 CARRERA 20-62,URBANA,TECNICO,352.361,-7.629.271,TRANSITAR EN CONTRA VIA,PEATON,CHOQUE,1,NO APLICA,RAUL,NO APLICA,NO APLICA,NO APLICA,NO APLICA,NO APLICA,NO APLICA,,
HERIDOS,04/16/2020 12:00:00 AM,2020,1899-12-31T05:10:00.000,MADRUGADA,4_JUEVES,SAN PEDRO,CALLE 36 CARRERA 19-20,URBANA,TECNICO,353.172,-7.629.073,TRANSITAR EN CONTRAVIA,MOTOCICLISTA,CHOQUE,1,NO APLICA,RAUL,NO APLICA,MOTO,HERO,FLORIDA,PARTICULAR,NO APLICA,,
HERIDOS,04/16/2020 12:00:00 AM,2020,1899-12-31T05:10:00.000,MADRUGADA,4_JUEVES,SAN PEDRO,CALLE 36 CARRERA 19-20,URBANA,TECNICO,353.172,-7.629.073,TRANSITAR EN CONTRAVIA,NO APLICA,CHOQUE,NO APLICA,NO APLICA,NO APLICA,NO APLICA,MICROBUS,CHEVROLET,PALMIRA,PARTICULAR,NO APLICA,,
HERIDOS,04/17/2020 12:00:00 AM,2020,1899-12-31T16:30:00.000,TARDE,5_VIERNES,VERSALLE S,CALLE 42 CARRERA 28,URBANA,TECNICO,353.809,-7.629.703,NO ESTAR PENDIENTE DE LA VIA,MOTOCICLISTA,CHOQUE,1,NO APLICA,PALMIRA,NO APLICA,MOTO,VICTORY,FLORIDA,PARTICULAR,NO APLICA,,
HERIDOS,04/17/2020 12:00:00 AM,2020,1899-12-31T16:30:00.000,TARDE,5_VIERNES,VERSALLE S,CALLE 42 CARRERA 28,URBANA,TECNICO,353.809,-7.629.703,NO ESTAR PENDIENTE DE LA VIA,NO APLICA,CHOQUE,NO APLICA,NO APLICA,NO APLICA,NO APLICA,AUTOMOVIL,HYUNDAI,PALMIRA,PUBLICO,UNITAX,,
HERIDOS,04/17/2020 12:00:00 AM,2020,1899-12-31T16:30:00.000,TARDE,5_VIERNES,VERSALLE S,CALLE 42 CARRERA 28,URBANA,TECNICO,353.809,-7.629.703,NO ESTAR PENDIENTE DE LA VIA,ACOMPAÑANTE MOTOCICLISTA,CHOQUE,1,NO APLICA,PALMIRA,NO APLICA,NO APLICA,NO APLICA,NO APLICA,NO APLICA,NO APLICA,,
HERIDOS,04/17/2020 12:00:00 AM,2020,1899-12-31T20:00:00.000,NOCHE,5_VIERNES,AMERICAS,CARRERA 24 CALLE 13 -31,URBANA,TECNICO,351.217,-7.629.588,CAIDA POSTE,MOTOCICLISTA,OTRO,1,NO APLICA,PALMIRA,NO APLICA,MOTO,YAMAHA,CALI,PARTICULAR,NO APLICA,,
DAÑOS,04/18/2020 12:00:00 AM,2020,1899-12-31T18:40:00.000,NOCHE,6_SABADO,URIBE,CALLE 32 CARRERA 23,URBANA,TECNICO,352.845,-7.629.691,DESOBEDECER SEÑALES,NO APLICA,CHOQUE,NO APLICA,NO APLICA,NO APLICA,NO APLICA,AUTOMOVIL,CHEVROLET,CALI,PARTICULAR,NO APLICA,,
DAÑOS,04/18/2020 12:00:00 AM,2020,1899-12-31T18:40:00.000,NOCHE,6_SABADO,URIBE,CALLE 32 CARRERA 23,URBANA,TECNICO,352.845,-7.629.691,DESOBEDECER SEÑALES,NO APLICA,CHOQUE,NO APLICA,NO APLICA,NO APLICA,NO APLICA,AUTOMOVIL,HYUNDAI,PALMIRA,PUBLICO,PALMERAS,,
HERIDOS,04/12/2020 12:00:00 AM,2020,1899-12-31T18:30:00.000,NOCHE,7_DOMINGO,VIA PRIVADA,INGENIO MANUELITA,RURAL,TECNICO,358.012,-7.629.378,VEHICULO MAL ESTACIONADO,MOTOCICLISTA,CHOQUE,1,NO APLICA,PALMA,NO APLICA,MOTO,SUZUKI,ZARZAL,PARTICULAR,NO APLICA,,
HERIDOS,04/12/2020 12:00:00 AM,2020,1899-12-31T18:30:00.000,NOCHE,7_DOMINGO,VIA PRIVADA,INGENIO MANUELITA,RURAL,TECNICO,358.012,-7.629.378,VEHICULO MAL ESTACIONADO,MOTOCICLISTA,CHOQUE,1,NO APLICA,PALMA,NO APLICA,MOTO,HONDA,PALMIRA,PARTICULAR,NO APLICA,,
HERIDOS,04/12/2020 12:00:00 AM,2020,1899-12-31T18:30:00.000,NOCHE,7_DOMINGO,VIA PRIVADA,INGENIO MANUELITA,RURAL,TECNICO,358.012,-7.629.378,VEHICULO MAL ESTACIONADO,ACOMPAÑANTE MOTOCICLISTA,CHOQUE,1,NO APLICA,PALMA,NO APLICA,NO APLICA,NO APLICA,NO APLICA,NO APLICA,NO APLICA,,
HERIDOS,04/21/2020 12:00:00 AM,2020,1899-12-31T08:00:00.000,MAÑANA,2_MARTES,PRADO,CALLE 36 CARRERA 43,URBANA,TECNICO,353.317,-7.631.412,ADELANTAR INTERSECCION,NO APLICA,CHOQUE,NO APLICA,NO APLICA,NO APLICA,NO APLICA,CAMIONETA,RENAULT,FUNZA,PARTICULAR,NO APLICA,,
HERIDOS,04/21/2020 12:00:00 AM,2020,1899-12-31T08:00:00.000,MAÑANA,2_MARTES,PRADO,CALLE 36 CARRERA 43,URBANA,TECNICO,353.317,-7.631.412,ADELANTAR INTERSECCION,MOTOCICLISTA,CHOQUE,1,NO APLICA,RAUL,NO APLICA,MOTO,AKT,CALI,PARTICULAR,NO APLICA,,
DAÑOS,04/21/2020 12:00:00 AM,2020,1899-12-31T10:10:00.000,MAÑANA,2_MARTES,SANTA ISABEL,CARRERA 28 CALLE 46-78,URBANA,TECNICO,354.187,-7.629.659,ARRANCAR SIN PRECAUCION,NO APLICA,CHOQUE,NO APLICA,NO APLICA,NO APLICA,NO APLICA,AUTOMOVIL,CHEVROLET,PALMIRA,PARTICULAR,NO APLICA,,
DAÑOS,04/21/2020 12:00:00 AM,2020,1899-12-31T10:10:00.000,MAÑANA,2_MARTES,SANTA ISABEL,CARRERA 28 CALLE 46-78,URBANA,TECNICO,354.187,-7.629.659,ARRANCAR SIN PRECAUCION,NO APLICA,CHOQUE,NO APLICA,NO APLICA,NO APLICA,NO APLICA,CAMIONETA,MAZDA,PRADERA,PARTICULAR,NO APLICA,,
HERIDOS,04/22/2020 12:00:00 AM,2020,1899-12-31T11:30:00.000,MAÑANA,3_MIERCOLES,SESQUI,CARRERA 32 CALLE 8,URBANA,TECNICO,350.711,-7.631.207,DESOBEDECER SEÑALES,NO APLICA,CHOQUE,NO APLICA,NO APLICA,NO APLICA,NO APLICA,CAMION,CHEVROLET,CALI,PARTICULAR,NO APLICA,,
HERIDOS,04/22/2020 12:00:00 AM,2020,1899-12-31T11:30:00.000,MAÑANA,3_MIERCOLES,SESQUI,CARRERA 32 CALLE 8,URBANA,TECNICO,350.711,-7.631.207,DESOBEDECER SEÑALES,MOTOCICLISTA,CHOQUE,1,NO APLICA,PALMIRA,NO APLICA,MOTO,HONDA,FACATATIVA,PARTICULAR,NO APLICA,,
HERIDOS,04/23/2020 12:00:00 AM,2020,1899-12-31T07:35:00.000,MAÑANA,4_JUEVES,SAMANES,CARRERA 28 CALLE 47,URBANA,TECNICO,3.5422,-7.629.663,POR ESTABLECER,NO APLICA,CHOQUE,NO APLICA,NO APLICA,NO APLICA,NO APLICA,AUTOMOVIL,KIA,PALMIRA,PARTICULAR,NO APLICA,,
HERIDOS,04/23/2020 12:00:00 AM,2020,1899-12-31T07:35:00.000,MAÑANA,4_JUEVES,SAMANES,CARRERA 28 CALLE 47,URBANA,TECNICO,3.5422,-7.629.663,POR ESTABLECER,NO APLICA,CHOQUE,NO APLICA,NO APLICA,NO APLICA,NO APLICA,AUTOMOVIL,KIA,PALMIRA,PARTICULAR,NO APLICA,,
HERIDOS,04/23/2020 12:00:00 AM,2020,1899-12-31T07:30:00.000,MAÑANA,4_JUEVES,SESQUI,CALLE 11 CARRERA 28-23,URBANA,TECNICO,351.056,-7.630.147,EMBRIAGUEZ,CONDUCTOR,CHOQUE OBJETO FIJO,1,NO APLICA,PALMIRA,NO APLICA,AUTOMOVIL,CHEVROLET,PALMIRA,PARTICULAR,NO APLICA,,
HERIDOS,04/23/2020 12:00:00 AM,2020,1899-12-31T07:30:00.000,MAÑANA,4_JUEVES,SESQUI,CALLE 11 CARRERA 28-23,URBANA,TECNICO,351.056,-7.630.147,EMBRIAGUEZ,NO APLICA,CHOQUE OBJETO FIJO,NO APLICA,NO APLICA,NO APLICA,NO APLICA,AUTOMOVIL,CHEVROLET,BELLO,PARTICULAR,NO APLICA,,
DAÑOS,04/24/2020 12:00:00 AM,2020,1899-12-31T20:10:00.000,NOCHE,5_VIERNES,CENTRO,CARRERA 33 A CALLE 31-30,URBANA,TECNICO,352.908,-7.630.425,EMBRIAGUEZ,NO APLICA,CHOQUE,NO APLICA,NO APLICA,NO APLICA,NO APLICA,AUTOMOVIL,CHEVROLET,CALI,PARTICULAR,NO APLICA,,
DAÑOS,04/24/2020 12:00:00 AM,2020,1899-12-31T20:10:00.000,NOCHE,5_VIERNES,CENTRO,CARRERA 33 A CALLE 31-30,URBANA,TECNICO,352.908,-7.630.425,EMBRIAGUEZ,NO APLICA,CHOQUE,NO APLICA,NO APLICA,NO APLICA,NO APLICA,AUTOMOVIL,RENAULT,PALMIRA,PARTICULAR,NO APLICA,,
HERIDOS,04/25/2020 12:00:00 AM,2020,1899-12-31T08:10:00.000,MAÑANA,6_SABADO,TREBOL,CARRERA 23 CALLE 27,URBANA,TECNICO,352.387,-7.629.505,DESOBEDECER SEÑALES,CONDUCTOR,CHOQUE,1,NO APLICA,PALMIRA,NO APLICA,AUTOMOVIL,RENAULT,CALI,PARTICULAR,NO APLICA,,
HERIDOS,04/25/2020 12:00:00 AM,2020,1899-12-31T08:10:00.000,MAÑANA,6_SABADO,TREBOL,CARRERA 23 CALLE 27,URBANA,TECNICO,352.387,-7.629.505,DESOBEDECER SEÑALES,NO APLICA,CHOQUE,NO APLICA,NO APLICA,NO APLICA,NO APLICA,AUTOMOVIL,CHEVROLET,JAMUNDI,PARTICULAR,NO APLICA,,
HERIDOS,04/24/2020 12:00:00 AM,2020,1899-12-31T10:40:00.000,MAÑANA,5_VIERNES,SANTA RITA,CALLE 35 CARRERA 27,URBANA,TECNICO,353.182,-7.629.715,DESOBEDECER SEÑALES,MOTOCICLISTA,CHOQUE,1,NO APLICA,PALMA,NO APLICA,MOTO,VICTORY,PRADERA,PARTICULAR,NO APLICA,,
HERIDOS,04/24/2020 12:00:00 AM,2020,1899-12-31T10:40:00.000,MAÑANA,5_VIERNES,SANTA RITA,CALLE 35 CARRERA 27,URBANA,TECNICO,353.182,-7.629.715,DESOBEDECER SEÑALES,NO APLICA,CHOQUE,NO APLICA,NO APLICA,NO APLICA,NO APLICA,AUTOMOVIL,HYUNDAI,PALMIRA,PUBLICO,FLOTA PALMIRA,,
MUERTO,04/26/2020 12:00:00 AM,2020,1899-12-31T04:50:00.000,MADRUGADA,7_DOMINGO,SAMANES,CALLE 47 CARRERA 29-42,URBANA,TECNICO,354.226,-7.629.784,PERDIDA DELCONTROL,MOTOCICLISTA,CHOQUE OBJETO FIJO,NO APLICA,1,NO APLICA,NO APLICA,MOTO,HONDA,EL CERRITO,PARTICULAR,NO APLICA,,
HERIDOS,04/27/2020 12:00:00 AM,2020,1899-12-31T11:30:00.000,MAÑANA,1_LUNES,TRINIDAD,CALLE28 CARRERA23,URBANA,TECNICO,352.474,-7.629.503,DESOBEDECER SEÑALES,NO APLICA,CHOQUE,NO APLICA,NO APLICA,NO APLICA,NO APLICA,AUTOMOVIL,HYUNDAI,PALMIRA,PUBLICO,VILLA DE LAS PALMAS,,
HERIDOS,04/27/2020 12:00:00 AM,2020,1899-12-31T11:30:00.000,MAÑANA,1_LUNES,TRINIDAD,CALLE28 CARRERA23,URBANA,TECNICO,352.474,-7.629.503,DESOBEDECER SEÑALES,MOTOCICLISTA,CHOQUE,1,NO APLICA,FRACTURAS,NO APLICA,MOTO,AKT,TULUA,PARTICULAR,NO APLICA,,
DAÑOS,04/28/2020 12:00:00 AM,2020,1899-12-31T10:00:00.000,MAÑANA,2_MARTES,CENTRO,CALLE 32 CARRERA 31,URBANA,TECNICO,352.924,-7.630.133,PONER EN MARCHA UN VEHICULO SIN PRECAUCION,NO APLICA,CHOQUE,NO APLICA,NO APLICA,NO APLICA,NO APLICA,CAMIONETA,JAC,PALMIRA,PARTICULAR,NO APLICA,,
DAÑOS,04/28/2020 12:00:00 AM,2020,1899-12-31T10:00:00.000,MAÑANA,2_MARTES,CENTRO,CALLE 32 CARRERA 31,URBANA,TECNICO,352.924,-7.630.133,PONER EN MARCHA UN VEHICULO SIN PRECAUCION,NO APLICA,CHOQUE,NO APLICA,NO APLICA,NO APLICA,NO APLICA,MOTO,YAMAHA,TULUA,PARTICULAR,NO APLICA,,
HERIDOS,04/27/2020 12:00:00 AM,2020,1899-12-31T17:00:00.000,TARDE,1_LUNES,COLOMBINA,CALLE 28 CARRERA 8,URBANA,TECNICO,352.282,-7.628.343,DESOBEDECER SEÑALES,NO APLICA,CHOQUE,NO APLICA,NO APLICA,NO APLICA,NO APLICA,MOTO,YAMAHA,PRADERA,PARTICULAR,NO APLICA,,
HERIDOS,04/27/2020 12:00:00 AM,2020,1899-12-31T17:00:00.000,TARDE,1_LUNES,COLOMBINA,CALLE 28 CARRERA 8,URBANA,TECNICO,352.282,-7.628.343,DESOBEDECER SEÑALES,NO APLICA,CHOQUE,NO APLICA,NO APLICA,NO APLICA,NO APLICA,MOTO,HONDA,CALI,PARTICULAR,NO APLICA,,
HERIDOS,04/27/2020 12:00:00 AM,2020,1899-12-31T17:00:00.000,TARDE,1_LUNES,COLOMBINA,CALLE 28 CARRERA 8,URBANA,TECNICO,352.282,-7.628.343,DESOBEDECER SEÑALES,ACOMPAÑANTE MOTOCICLISTA,CHOQUE,1,NO APLICA,RAUL,NO APLICA,NO APLICA,NO APLICA,NO APLICA,NO APLICA,NO APLICA,,
DAÑOS,04/29/2020 12:00:00 AM,2020,1899-12-31T06:50:00.000,MAÑANA,3_MIERCOLES,BERLIN,CARRERA 30 CALLE40,URBANA,TECNICO,353.665,-7.629.899,DESOBEDECER SEÑALES,NO APLICA,CHOQUE,NO APLICA,NO APLICA,NO APLICA,NO APLICA,MOTO,KIMCO,PALMIRA,PARTICULAR,NO APLICA,,
DAÑOS,04/29/2020 12:00:00 AM,2020,1899-12-31T06:50:00.000,MAÑANA,3_MIERCOLES,BERLIN,CARRERA 30 CALLE40,URBANA,TECNICO,353.665,-7.629.899,DESOBEDECER SEÑALES,NO APLICA,CHOQUE,NO APLICA,NO APLICA,NO APLICA,NO APLICA,AUTOMOVIL,RENAULT,CALI,PARTICULAR,NO APLICA,,
DAÑOS,04/29/2020 12:00:00 AM,2020,1899-12-31T10:40:00.000,MAÑANA,3_MIERCOLES,NUEVO,CARRERA 3 CALLE23-47,URBANA,TECNICO,351.972,-7.627.946,NO ESTAR PENDIENTE DE LA VIA,NO APLICA,CHOQUE OBJETO FIJO,NO APLICA,NO APLICA,NO APLICA,NO APLICA,AUTOMOVIL,CHEVROLET,PALMIRA,PUBLICO,NO APLICA,,
DAÑOS,04/29/2020 12:00:00 AM,2020,1899-12-31T10:40:00.000,MAÑANA,3_MIERCOLES,NUEVO,CARRERA 3 CALLE23-47,URBANA,TECNICO,351.972,-7.627.946,NO ESTAR PENDIENTE DE LA VIA,NO APLICA,CHOQUE OBJETO FIJO,NO APLICA,NO APLICA,NO APLICA,NO APLICA,AUTOMOVIL,RENAULT,BOGOTA,PARTICULAR,NO APLICA,,
DAÑOS,04/29/2020 12:00:00 AM,2020,1899-12-31T10:40:00.000,MAÑANA,3_MIERCOLES,NUEVO,CARRERA 3 CALLE23-47,URBANA,TECNICO,351.972,-7.627.946,NO ESTAR PENDIENTE DE LA VIA,NO APLICA,CHOQUE OBJETO FIJO,NO APLICA,NO APLICA,NO APLICA,NO APLICA,CAMPERO,RENAULT,GUACARI,PARTICULAR,NO APLICA,,
DAÑOS,05/01/2020 12:00:00 AM,2020,1899-12-31T08:45:00.000,MAÑANA,5_VIERNES,SEMBRADOR,CARRERA 19 CALLE 23,URBANA,TECNICO,352.072,-7.629.097,POR ESTABLECER,NO APLICA,CHOQUE,NO APLICA,NO APLICA,NO APLICA,NO APLICA,CAMIONETA,CHEVROLET,IBAGUE,PARTICULAR,NO APLICA,,
DAÑOS,05/01/2020 12:00:00 AM,2020,1899-12-31T08:45:00.000,MAÑANA,5_VIERNES,SEMBRADOR,CARRERA 19 CALLE 23,URBANA,TECNICO,352.072,-7.629.097,POR ESTABLECER,NO APLICA,CHOQUE,NO APLICA,NO APLICA,NO APLICA,NO APLICA,BICICLETA,NO APLICA,NO APLICA,PARTICULAR,NO APLICA,,
HERIDOS,05/01/2020 12:00:00 AM,2020,1899-12-31T19:25:00.000,NOCHE,5_VIERNES,CORONADO,CARRERA 35 DIAGONAL 65,URBANA,TECNICO,352.072,-7.629.097,NO RESPETAR PRELACION,MOTOCICLISTA,CHOQUE,1,NO APLICA,PALMA,NO APLICA,MOTO,HONDA,BUGA,PARTICULAR,NO APLICA,,
HERIDOS,05/01/2020 12:00:00 AM,2020,1899-12-31T19:25:00.000,NOCHE,5_VIERNES,CORONADO,CARRERA 35 DIAGONAL 65,URBANA,TECNICO,352.072,-7.629.097,NO RESPETAR PRELACION,NO APLICA,CHOQUE,NO APLICA,NO APLICA,NO APLICA,NO APLICA,CAMIONETA,JAC,GUACARI,PUBLICO,NO APLICA,,
DAÑOS,05/02/2020 12:00:00 AM,2020,1899-12-31T09:25:00.000,MAÑANA,6_SABADO,POBLADO COMFAUNION,CALLE 47A CARRERA 13,URBANA,TECNICO,354.314,-7.628.591,FALLAS EN LAS LLANTAS,NO APLICA,CHOQUE OBJETO FIJO,NO APLICA,NO APLICA,NO APLICA,NO APLICA,AUTOMOVIL,CHEVROLET,CALI,PARTICULAR,NO APLICA,,
DAÑOS,05/05/2020 12:00:00 AM,2020,1899-12-31T11:30:00.000,MAÑANA,2_MARTES,SAN PEDRO,CALLE 38 CARRERA 16,URBANA,TECNICO,353.394,-7.628.835,DESOBEDECER SEÑAL,NO APLICA,CHOQUE,NO APLICA,NO APLICA,NO APLICA,NO APLICA,AUTOMOVIL,FPRD,CALI,PARTICULAR,NO APLICA,,
DAÑOS,05/05/2020 12:00:00 AM,2020,1899-12-31T11:30:00.000,MAÑANA,2_MARTES,SAN PEDRO,CALLE 38 CARRERA 16,URBANA,TECNICO,353.394,-7.628.835,DESOBEDECER SEÑAL,NO APLICA,CHOQUE,NO APLICA,NO APLICA,NO APLICA,NO APLICA,CAMIONETA,CHEVROLET,PALMIRA,PARTICULAR,NO APLICA,,
DAÑOS,05/04/2020 12:00:00 AM,2020,1899-12-31T15:15:00.000,TARDE,1_LUNES,CAMPESTRE,CALLE 42 CARRERA 13,URBANA,TECNICO,353.702,-7.628.575,GIRAR BRUSCAMNETE,NO APLICA,CHOQUE,NO APLICA,NO APLICA,NO APLICA,NO APLICA,MOTO,BAJAJ,PRADERA,PARTICULAR,NO APLICA,,
DAÑOS,05/05/2020 12:00:00 AM,2020,1899-12-31T18:50:00.000,NOCHE,2_MARTES,URIBE,CALLE 31 CARRERA 22,URBANA,TECNICO,3.5273,-7.629.376,DESOBEDECER SEÑAL,NO APLICA,CHOQUE,NO APLICA,NO APLICA,NO APLICA,NO APLICA,AUTOMOVIL,CHEVROLET,EL CERRITO,PARTICULAR,NO APLICA,,
DAÑOS,05/05/2020 12:00:00 AM,2020,1899-12-31T18:50:00.000,NOCHE,2_MARTES,URIBE,CALLE 31 CARRERA 22,URBANA,TECNICO,3.5273,-7.629.376,DESOBEDECER SEÑAL,NO APLICA,CHOQUE,NO APLICA,NO APLICA,NO APLICA,NO APLICA,CAMIONETA,CHEVROLET,CALI,PARTICULAR,NO APLICA,,
HERIDOS,05/08/2020 12:00:00 AM,2020,1899-12-31T06:45:00.000,MAÑANA,5_VIERNES,LAS FLORES,CALLE 30 CARRERA 1,URBANA,TECNICO,352.107,-7.627.804,NO RESPETAR PRELACION,NO APLICA,CHOQUE,NO APLICA,NO APLICA,NO APLICA,NO APLICA,MOTO,AKT,PALMIRA,PARTICULAR,NO APLICA,,
HERIDOS,05/08/2020 12:00:00 AM,2020,1899-12-31T06:45:00.000,MAÑANA,5_VIERNES,LAS FLORES,CALLE 30 CARRERA 1,URBANA,TECNICO,352.107,-7.627.804,NO RESPETAR PRELACION,CICLISTA,CHOQUE,1,NO APLICA,PALMA,NO APLICA,BICICLETA,NO APLICA,NO APLICA,PARTICULAR,NO APLICA,,
DAÑOS,05/08/2020 12:00:00 AM,2020,1899-12-31T08:55:00.000,MAÑANA,5_VIERNES,SAN JOSE,CALLE 31 CARRERA 4EB-13,URBANA,TECNICO,352.563,-7.627.456,NO ESTAR PENDIENTE DE LA VIA,NO APLICA,CHOQUE OBJETO FIJO,NO APLICA,NO APLICA,NO APLICA,NO APLICA,MOTO,HONDA,PALMIRA,PARTICULAR,NO APLICA,,
DAÑOS,05/08/2020 12:00:00 AM,2020,1899-12-31T08:55:00.000,MAÑANA,5_VIERNES,SAN JOSE,CALLE 31 CARRERA 4EB-13,URBANA,TECNICO,352.563,-7.627.456,NO ESTAR PENDIENTE DE LA VIA,NO APLICA,CHOQUE OBJETO FIJO,NO APLICA,NO APLICA,NO APLICA,NO APLICA,AUTOMOVIL,CHEVROLET,BOGOTA,PARTICULAR,NO APLICA,,
HERIDOS,05/08/2020 12:00:00 AM,2020,1899-12-31T13:10:00.000,TARDE,5_VIERNES,RECREO,CALLE 20 CARRERA 27,URBANA,TECNICO,351.854,-7.629.929,DESOBEDECER SEÑAL,CONDUCTOR,CHOQUE,1,NO APLICA,PALMIRA,NO APLICA,AUTOMOVIL,RENAULT,CALI,PARTICULAR,NO APLICA,,
HERIDOS,05/08/2020 12:00:00 AM,2020,1899-12-31T13:10:00.000,TARDE,5_VIERNES,RECREO,CALLE 20 CARRERA 27,URBANA,TECNICO,351.854,-7.629.929,DESOBEDECER SEÑAL,CONDUCTOR,CHOQUE,1,NO APLICA,PALMIRA,NO APLICA,CAMIONETA,CHANGAN,CALI,PARTICULAR,NO APLICA,,
HERIDOS,05/08/2020 12:00:00 AM,2020,1899-12-31T13:10:00.000,TARDE,5_VIERNES,RECREO,CALLE 20 CARRERA 27,URBANA,TECNICO,351.854,-7.629.929,DESOBEDECER SEÑAL,ACOMPAÑANTE CONDUCTOR,CHOQUE,1,NO APLICA,PALMIRA,NO APLICA,NO APLICA,NO APLICA,NO APLICA,NO APLICA,NO APLICA,,
HERIDOS,05/09/2020 12:00:00 AM,2020,1899-12-31T11:20:00.000,MAÑANA,6_SABADO,TREBOL,CARRERA 23 CALLE 27,URBANA,TECNICO,352.386,-7.629.507,DESOBEDECER SEÑAL,MOTOCICLISTA,CHOQUE,1,NO APLICA,PALMIRA,NO APLICA,MOTO,KIMCO,PALMIRA,PARTICULAR,NO APLICA,,
HERIDOS,05/09/2020 12:00:00 AM,2020,1899-12-31T11:20:00.000,MAÑANA,6_SABADO,TREBOL,CARRERA 23 CALLE 27,URBANA,TECNICO,352.386,-7.629.507,DESOBEDECER SEÑAL,NO APLICA,CHOQUE,NO APLICA,NO APLICA,NO APLICA,NO APLICA,AUTOMOVIL,CHEVROLET,PEREIRA,PARTICULAR,NO APLICA,,
HERIDOS,05/09/2020 12:00:00 AM,2020,1899-12-31T11:15:00.000,MAÑANA,6_SABADO,PRIMERO DE MAYO,CALLE 41 CARRERA 1,URBANA,TECNICO,3.5362,-7.627.746,GIRAR BRUSCAMNETE,MOTOCICLISTA,CHOQUE,1,NO APLICA,RAUL,NO APLICA,MOTO,YAMAHA,GIRARDO,PARTICULAR,NO APLICA,,
HERIDOS,05/09/2020 12:00:00 AM,2020,1899-12-31T11:15:00.000,MAÑANA,6_SABADO,PRIMERO DE MAYO,CALLE 41 CARRERA 1,URBANA,TECNICO,3.5362,-7.627.746,GIRAR BRUSCAMNETE,MOTOCICLISTA,CHOQUE,1,NO APLICA,FRACTURAS,NO APLICA,MOTO,TVS,PALMIRA,PARTICULAR,NO APLICA,,
DAÑOS,05/07/2020 12:00:00 AM,2020,1899-12-31T20:50:00.000,NOCHE,4_JUEVES,INDUSTRIAL,CALLE 42 CARRERA 35,URBANA,TECNICO,353.898,-7.630.674,NO ESTAR PENDIENTE DE LA VIA,NO APLICA,CHOQUE,NO APLICA,NO APLICA,NO APLICA,NO APLICA,AUTOMOVIL,KIA,CALI,PARTICULAR,NO APLICA,,
DAÑOS,05/07/2020 12:00:00 AM,2020,1899-12-31T20:50:00.000,NOCHE,4_JUEVES,INDUSTRIAL,CALLE 42 CARRERA 35,URBANA,TECNICO,353.898,-7.630.674,NO ESTAR PENDIENTE DE LA VIA,NO APLICA,CHOQUE,NO APLICA,NO APLICA,NO APLICA,NO APLICA,CAMIONETA,NISSAN,S QULICHAO,PARTICULAR,NO APLICA,,
HERIDOS,05/11/2020 12:00:00 AM,2020,1899-12-31T09:20:00.000,MAÑANA,1_LUNES,VERSALLE S,CALLE 42 CARRERA 28,URBANA,TECNICO,353.819,-7.629.728,NO ESTAR PENDIENTE DE LA VIA,NO APLICA,CHOQUE,NO APLICA,NO APLICA,NO APLICA,NO APLICA,MOTO,BAJAJ,FLORIDA,PARTICULAR,NO APLICA,,
HERIDOS,05/11/2020 12:00:00 AM,2020,1899-12-31T09:20:00.000,MAÑANA,1_LUNES,VERSALLE S,CALLE 42 CARRERA 28,URBANA,TECNICO,353.819,-7.629.728,NO ESTAR PENDIENTE DE LA VIA,NO APLICA,CHOQUE,NO APLICA,NO APLICA,NO APLICA,NO APLICA,BICICLETA,NO APLICA,NO APLICA,PARTICULAR,NO APLICA,,
HERIDOS,05/11/2020 12:00:00 AM,2020,1899-12-31T09:20:00.000,MAÑANA,1_LUNES,VERSALLE S,CALLE 42 CARRERA 28,URBANA,TECNICO,353.819,-7.629.728,NO ESTAR PENDIENTE DE LA VIA,ACOMPAÑANTE MOTOCICLISTA,CHOQUE,1,NO APLICA,PALMIRA,NO APLICA,NO APLICA,NO APLICA,NO APLICA,NO APLICA,NO APLICA,,
HERIDOS,05/11/2020 12:00:00 AM,2020,1899-12-31T09:40:00.000,MAÑANA,1_LUNES,RECREO,CARRERA 28 CALLE 24,URBANA,TECNICO,352.189,-7.629.965,ADELANTAR POR LA DERECHA,MOTOCICLISTA,CHOQUE,1,NO APLICA,PALMIRA,NO APLICA,MOTO,SUZUKI,PALMIRA,PARTICULAR,NO APLICA,,
HERIDOS,05/11/2020 12:00:00 AM,2020,1899-12-31T09:40:00.000,MAÑANA,1_LUNES,RECREO,CARRERA 28 CALLE 24,URBANA,TECNICO,352.189,-7.629.965,ADELANTAR POR LA DERECHA,MOTOCICLISTA,CHOQUE,1,NO APLICA,PALMIRA,NO APLICA,MOTO,BAJAJ,CALI,PARTICULAR,NO APLICA,,
HERIDOS,05/11/2020 12:00:00 AM,2020,1899-12-31T13:45:00.000,TARDE,1_LUNES,DANUBIO,CARRERA 23 CALLE 34,URBANA,TECNICO,353.057,-7.629.415,DESOBEDECER SEÑAL,NO APLICA,CHOQUE,NO APLICA,NO APLICA,NO APLICA,NO APLICA,AUTOMOVIL,MAZDA,SABANETA,PARTICULAR,NO APLICA,,