GRAVEDAD,FECHA,AÑO,HORA,JORNADA,DIA_SEMANA,BARRIOS-COREGIMIENTO- VIA,DIRECCION,ZONA,AUTORIDAD,LAT,LONG,HIPOTESIS,CONDICION DE LA VICTIMA,CLASE DE SINIESTRO,LESIONADO,HOMICIDIOS,CLINICA,SITIO,CLASE VEHICULO,MARCA,MATRICULA,TIPO DE SERVICIO,EMPRESA, , 
HERIDOS,05/28/2020 12:00:00 AM,2020,1899-12-31T14:30:00.000,TARDE,4_JUEVES,URIBE,CALLE 33 CARRERA 23,URBANA,TECNICO,352.971,-7.629.427,DESOBEDECER SEÑAL,MOTOCICLISTA,CHOQUE,1,NO APLICA,PALMIRA,NO APLICA,MOTO,HERO,FLORIDA,PARTICULAR,NO APLICA,,
HERIDOS,05/28/2020 12:00:00 AM,2020,1899-12-31T14:30:00.000,TARDE,4_JUEVES,URIBE,CALLE 33 CARRERA 23,URBANA,TECNICO,352.971,-7.629.427,DESOBEDECER SEÑAL,NO APLICA,CHOQUE,NO APLICA,NO APLICA,NO APLICA,NO APLICA,MOTO,YAMAHA,TULUA,PARTICULAR,NO APLICA,,
HERIDOS,05/28/2020 12:00:00 AM,2020,1899-12-31T17:30:00.000,TARDE,4_JUEVES,COLOMBINA,CALLE 29 CARRERA 13,URBANA,TECNICO,352.457,-7.628.664,DESOBEDECER SEÑAL,MOTOCICLISTA,CHOQUE,1,NO APLICA,PALMIRA,NO APLICA,MOTO,SUZUKI,PRADERA,PARTICULAR,NO APLICA,,
HERIDOS,05/28/2020 12:00:00 AM,2020,1899-12-31T17:30:00.000,TARDE,4_JUEVES,COLOMBINA,CALLE 29 CARRERA 13,URBANA,TECNICO,352.457,-7.628.664,DESOBEDECER SEÑAL,NO APLICA,CHOQUE,NO APLICA,NO APLICA,NO APLICA,NO APLICA,CAMIONETA,CHEVROLET,PALMIRA,OFICIAL,NO APLICA,,
DAÑOS,05/29/2020 12:00:00 AM,2020,1899-12-31T18:00:00.000,NOCHE,4_JUEVES,SESQUI,CARRERA 32 CALLE 8,URBANA,TECNICO,350.673,-7.631.264,NO MANTENER DISTANCIA,NO APLICA,CHOQUE,NO APLICA,NO APLICA,NO APLICA,NO APLICA,AUTOMOVIL,NISSAN,CALI,PARTICULAR,NO APLICA,,
DAÑOS,05/29/2020 12:00:00 AM,2020,1899-12-31T18:00:00.000,NOCHE,4_JUEVES,SESQUI,CARRERA 32 CALLE 8,URBANA,TECNICO,350.673,-7.631.264,NO MANTENER DISTANCIA,NO APLICA,CHOQUE,NO APLICA,NO APLICA,NO APLICA,NO APLICA,MOTO,SUZUKI,PALMIRA,PARTICULAR,NO APLICA,,
HERIDOS,05/29/2020 12:00:00 AM,2020,1899-12-31T12:50:00.000,TARDE,4_JUEVES,ALAMEDA,CARRERA 26 CALLE 69 D,URBANA,TECNICO,355.522,-7.628.904,TRANSITAR EN CONTRA VIA,MOTOCICLISTA,CHOQUE,1,NO APLICA,PALMIRA,NO APLICA,MOTO,BAJAJ,PALMIRA,PARTICULAR,NO APLICA,,
HERIDOS,05/29/2020 12:00:00 AM,2020,1899-12-31T12:50:00.000,TARDE,4_JUEVES,ALAMEDA,CARRERA 26 CALLE 69 D,URBANA,TECNICO,355.522,-7.628.904,TRANSITAR EN CONTRA VIA,MOTOCICLISTA,CHOQUE,1,NO APLICA,PALMA,NO APLICA,MOTO,AKT,BUENAVENTURA,PARTICULAR,NO APLICA,,
HERIDOS,05/29/2020 12:00:00 AM,2020,1899-12-31T12:50:00.000,TARDE,4_JUEVES,ALAMEDA,CARRERA 26 CALLE 69 D,URBANA,TECNICO,355.522,-7.628.904,TRANSITAR EN CONTRA VIA,ACOMPAÑANTE MOTOCICLISTA,CHOQUE,1,NO APLICA,PALMIRA,NO APLICA,NO APLICA,NO APLICA,NO APLICA,NO APLICA,NO APLICA,,
DAÑOS,05/31/2020 12:00:00 AM,2020,1899-12-31T20:45:00.000,NOCHE,7_DOMINGO,NUEVO,CALLE 23 CARRERA 33A-34,URBANA,TECNICO,352.166,-7.630.497,NO MANTENER DISTANCIA,NO APLICA,CHOQUE,NO APLICA,NO APLICA,NO APLICA,NO APLICA,AUTOMOVIL,MAZDA,BOGOTA,PARTICULAR,NO APLICA,,
DAÑOS,05/31/2020 12:00:00 AM,2020,1899-12-31T20:45:00.000,NOCHE,7_DOMINGO,NUEVO,CALLE 23 CARRERA 33A-34,URBANA,TECNICO,352.166,-7.630.497,NO MANTENER DISTANCIA,NO APLICA,CHOQUE,NO APLICA,NO APLICA,NO APLICA,NO APLICA,CAMIONETA,RENAULT,CALI,PARTICULAR,NO APLICA,,
DAÑOS,05/31/2020 12:00:00 AM,2020,1899-12-31T13:20:00.000,TARDE,7_DOMINGO,ESPERANZA,CALLE 58B CARRERA 34C,URBANA,TECNICO,354.912,-763.049,TRANSITAR EN CONTRA VIA,NO APLICA,CHOQUE,NO APLICA,NO APLICA,NO APLICA,NO APLICA,BUS,HINO,GUACARI,PARTICULAR,NO APLICA,,
DAÑOS,05/31/2020 12:00:00 AM,2020,1899-12-31T13:20:00.000,TARDE,7_DOMINGO,ESPERANZA,CALLE 58B CARRERA 34C,URBANA,TECNICO,354.912,-763.049,TRANSITAR EN CONTRA VIA,NO APLICA,CHOQUE,NO APLICA,NO APLICA,NO APLICA,NO APLICA,AUTOMOVIL,CHEVROLET,EL CERRITO,PARTICULAR,NO APLICA,,
HERIDOS,05/24/2020 12:00:00 AM,2020,1899-12-31T18:45:00.000,NOCHE,7_DOMINGO,RECREO,CALLE 22 CARRERA 25,URBANA,TECNICO,351.993,-762.974,DESOBEDECER SEÑAL,NO APLICA,CHOQUE,NO APLICA,NO APLICA,NO APLICA,NO APLICA,CAMIONETA,FORD,BUGA,PARTICULAR,NO APLICA,,
HERIDOS,05/24/2020 12:00:00 AM,2020,1899-12-31T18:45:00.000,NOCHE,7_DOMINGO,RECREO,CALLE 22 CARRERA 25,URBANA,TECNICO,351.993,-762.974,DESOBEDECER SEÑAL,MOTOCICLISTA,CHOQUE,1,NO APLICA,PALMIRA,NO APLICA,MOTO,NO APLICA,NO APLICA,PARTICULAR,NO APLICA,,
DAÑOS,05/30/2020 12:00:00 AM,2020,1899-12-31T17:30:00.000,TARDE,6_SABADO,ITALIA,CALLE 6A CARRERA 29C,URBANA,TECNICO,350.523,-7.630.328,SOBRE PASR UN VEHICULO,NO APLICA,CHOQUE,NO APLICA,NO APLICA,NO APLICA,NO APLICA,AUTOMOVIL,SUZUKI,CALI,PARTICULAR,NO APLICA,,
DAÑOS,05/30/2020 12:00:00 AM,2020,1899-12-31T15:40:00.000,TARDE,6_SABADO,URIBE,CALLE 35 CARRERA 20,URBANA,TECNICO,353.109,-7.629.158,DESOBEDECER SEÑAL,NO APLICA,CHOQUE,NO APLICA,NO APLICA,NO APLICA,NO APLICA,CAMIONETA,CHEVROLET,PALMIRA,PARTICULAR,NO APLICA,,
DAÑOS,05/30/2020 12:00:00 AM,2020,1899-12-31T15:40:00.000,TARDE,6_SABADO,URIBE,CALLE 35 CARRERA 20,URBANA,TECNICO,353.109,-7.629.158,DESOBEDECER SEÑAL,NO APLICA,CHOQUE,NO APLICA,NO APLICA,NO APLICA,NO APLICA,AUTOMOVIL,VOLKWAGEN,BOGOTA,PARTICULAR,NO APLICA,,
HERIDOS,06/01/2020 12:00:00 AM,2020,1:45,MADRUGADA,1_LUNES,CENTRO,CALLE 29 CARRERA 28,URBANA,TECNICO,352.604,-7.629.906,NO RESPETAR PRELACION,NO APLICA,CHOQUE,NO APLICA,NO APLICA,NO APLICA,NO APLICA,AUTOMOVIL,CHEVROLET,PALMIRA,PUBLICO,VILLA DE LAS PALMAS,,
HERIDOS,06/01/2020 12:00:00 AM,2020,1:45,MADRUGADA,1_LUNES,CENTRO,CALLE 29 CARRERA 28,URBANA,TECNICO,352.604,-7.629.906,NO RESPETAR PRELACION,MOTOCICLISTA,CHOQUE,1,NO APLICA,PALMA,NO APLICA,MOTO,HONDA,PALMIRA,PARTICULAR,NO APLICA,,
HERIDOS,06/01/2020 12:00:00 AM,2020,1:45,MADRUGADA,1_LUNES,CENTRO,CALLE 29 CARRERA 28,URBANA,TECNICO,352.604,-7.629.906,NO RESPETAR PRELACION,ACOMPAÑANTE MOTOCICLISTA,CHOQUE,NO APLICA,NO APLICA,PALMA,NO APLICA,NO APLICA,NO APLICA,NO APLICA,NO APLICA,NO APLICA,,
DAÑOS,06/01/2020 12:00:00 AM,2020,1899-12-31T08:00:00.000,MAÑANA,1_LUNES,INDUSTRIAL,CARRERA 35 CALLE 46-47,URBANA,TECNICO,354.174,-7.630.729,NO MANTENER DISTANCIA,NO APLICA,CHOQUE,NO APLICA,NO APLICA,NO APLICA,NO APLICA,CAMIONETA,CHEVROLET,GUACARI,PARTICULAR,NO APLICA,,
HERIDOS,06/01/2020 12:00:00 AM,2020,1899-12-31T17:30:00.000,TARDE,1_LUNES,SAN PEDRO,CALLE 37 CARRERA 17,URBANA,TECNICO,353.292,-7.628.903,GIRAR BRUSCAMENTE,MOTOCICLISTA,CHOQUE,1,NO APLICA,PALMA,NO APLICA,MOTO,HERO,PRADERA,PARTICULAR,NO APLICA,,
HERIDOS,06/01/2020 12:00:00 AM,2020,1899-12-31T18:30:00.000,NOCHE,1_LUNES,SAN PEDRO,CALLE 37 CARRERA 17,URBANA,TECNICO,353.292,-7.628.903,GIRAR BRUSCAMENTE,MOTOCICLISTA,CHOQUE,1,NO APLICA,RAUL,NO APLICA,MOTO,SUZUKI,CHINCHINA,PARTICULAR,NO APLICA,,
DAÑOS,06/02/2020 12:00:00 AM,2020,1899-12-31T07:40:00.000,MAÑANA,2_MARTES,FRAY LUIS,CALLE 42 CARRERA 49,URBANA,TECNICO,353.873,-7.631.779,FALLAS EN LAS LLANTA,NO APLICA,CHOQUE OBJETO FIJO,NO APLICA,NO APLICA,NO APLICA,NO APLICA,AUTOMOVIL,CHEVROLET,CALI,PARTICULAR,NO APLICA,,
HERIDOS,06/02/2020 12:00:00 AM,2020,1899-12-31T08:40:00.000,MAÑANA,2_MARTES,EMILIA,CARRERA 38 CALLE 40,URBANA,TECNICO,353.673,-7.630.879,DESOBEDECER SEÑALES,MOTOCICLISTA,CHOQUE,1,NO APLICA,RAUL,NO APLICA,MOTO,TONGKO,CALI,PARTICULAR,NO APLICA,,
HERIDOS,06/02/2020 12:00:00 AM,2020,1899-12-31T08:40:00.000,MAÑANA,2_MARTES,EMILIA,CARRERA 38 CALLE 40,URBANA,TECNICO,353.673,-7.630.879,DESOBEDECER SEÑALES,MOTOCICLISTA,CHOQUE,1,NO APLICA,RAUL,NO APLICA,MOTO,AKT,FLORIDA,PARTICULAR,NO APLICA,,
DAÑOS,06/02/2020 12:00:00 AM,2020,1899-12-31T16:00:00.000,TARDE,2_MARTES,BIZERTA,CALLE 37 CARRERA 23,URBANA,TECNICO,353.307,-762.937,DESOBEDECER SEÑALES,NO APLICA,CHOQUE,NO APLICA,NO APLICA,NO APLICA,NO APLICA,CAMIONETA,KIA,CALI,PARTICULAR,NO APLICA,,
HERIDOS,06/05/2020 12:00:00 AM,2020,1899-12-31T09:30:00.000,MAÑANA,5_VIERNES,COLOMBINA,CALLE 28 CARRERA15,URBANA,TECNICO,352.403,-7.628.808,DESOBEDECER SEÑALES,MOTOCICLISTA,CHOQUE,1,NO APLICA,PALMA,NO APLICA,MOTO,HONDA,JAMUNDI,PARTICULAR,NO APLICA,,
DAÑOS,06/02/2020 12:00:00 AM,2020,1899-12-31T16:00:00.000,TARDE,2_MARTES,BIZERTA,CALLE 37 CARRERA 23,URBANA,TECNICO,353.307,-762.937,DESOBEDECER SEÑALES,NO APLICA,CHOQUE,NO APLICA,NO APLICA,NO APLICA,NO APLICA,MOTO,SUZUKI,JAMUNDI,PARTICULAR,NO APLICA,,
DAÑOS,06/01/2020 12:00:00 AM,2020,1899-12-31T16:00:00.000,TARDE,1_LUNES,NUEVO,CALLE 23 CARRERA31,URBANA,TECNICO,352.143,-7.630.264,ARRANCAR SIN PRECAUCION,NO APLICA,CHOQUE,NO APLICA,NO APLICA,NO APLICA,NO APLICA,CAMPERO,TOYOTA,PALMIRA,PARTICULAR,NO APLICA,,
DAÑOS,06/01/2020 12:00:00 AM,2020,1899-12-31T16:00:00.000,TARDE,1_LUNES,NUEVO,CALLE 23 CARRERA31,URBANA,TECNICO,352.143,-7.630.264,ARRANCAR SIN PRECAUCION,NO APLICA,CHOQUE,NO APLICA,NO APLICA,NO APLICA,NO APLICA,BUS,YOTONG,TURBACO,PUBLICO,TRANS SOTRANCE,,
HERIDOS,06/02/2020 12:00:00 AM,2020,1899-12-31T18:50:00.000,NOCHE,2_MARTES,LOS PINOS,CALLE 42 CAEERA 25,URBANA,TECNICO,353.755,-762.945,SEMAFORO EN ROJO,MOTOCICLISTA,CHOQUE,1,NO APLICA,PALMA,NO APLICA,MOTO,AUTECO,PALMIRA,PARTICULAR,NO APLICA,,
HERIDOS,06/02/2020 12:00:00 AM,2020,1899-12-31T18:50:00.000,NOCHE,2_MARTES,LOS PINOS,CALLE 42 CAEERA 25,URBANA,TECNICO,353.755,-762.945,SEMAFORO EN ROJO,NO APLICA,CHOQUE,NO APLICA,NO APLICA,NO APLICA,NO APLICA,MOTO,HONDA,DOSQUEBRADAS,PARTICULAR,NO APLICA,,
HERIDOS,06/02/2020 12:00:00 AM,2020,1899-12-31T18:50:00.000,NOCHE,2_MARTES,LOS PINOS,CALLE 42 CAEERA 25,URBANA,TECNICO,353.755,-762.945,SEMAFORO EN ROJO,ACOMPAÑANTE MOTOCICLISTA,CHOQUE,1,NO APLICA,PALMA,NO APLICA,NO APLICA,NO APLICA,NO APLICA,NO APLICA,NO APLICA,,
DAÑOS,06/02/2020 12:00:00 AM,2020,1899-12-31T15:50:00.000,TARDE,2_MARTES,COLOMBIA,CALLE 33 CARRERA 34,URBANA,TECNICO,3.5312,-7.630.407,ADELANTAR POR  LA DERECHA,NO APLICA,CHOQUE,NO APLICA,NO APLICA,NO APLICA,NO APLICA,MOTO,YAMAHA,PALMIRA,PARTICULAR,NO APLICA,,
DAÑOS,06/02/2020 12:00:00 AM,2020,1899-12-31T15:50:00.000,TARDE,2_MARTES,COLOMBIA,CALLE 33 CARRERA 34,URBANA,TECNICO,3.5312,-7.630.407,ADELANTAR POR  LA DERECHA,NO APLICA,CHOQUE,NO APLICA,NO APLICA,NO APLICA,NO APLICA,MOTO,AKT,CALI,PARTICULAR,NO APLICA,,
HERIDOS,06/02/2020 12:00:00 AM,2020,1899-12-31T22:20:00.000,NOCHE,2_MARTES,SANTA RITA,CALLE 36 CARRERA 27,URBANA,TECNICO,3.5326,-7.629.703,NO  RESPETAR PRELACION,MOTOCICLISTA,CHOQUE,1,NO APLICA,PALMIRA,NO APLICA,MOTO,HERO,FLORIDA,PARTICULAR,NO APLICA,,
HERIDOS,06/02/2020 12:00:00 AM,2020,1899-12-31T22:20:00.000,NOCHE,2_MARTES,SANTA RITA,CALLE 36 CARRERA 27,URBANA,TECNICO,3.5326,-7.629.703,NO  RESPETAR PRELACION,CONDUCTOR,CHOQUE,1,NO APLICA,PALMIRA,NO APLICA,AUTOMOVIL,RENAULT,CALI,PARTICULAR,NO APLICA,,
DAÑOS,06/03/2020 12:00:00 AM,2020,1899-12-31T17:40:00.000,TARDE,3_MIERCOLES,SANTA BARBARA,PUENTE LA Y,URBANA,TECNICO,352.813,-7.632.621,INVADIR CARRIL DE SENTIDO CONTRARIO,NO APLICA,CHOQUE,NO APLICA,NO APLICA,NO APLICA,NO APLICA,AUTOMOVIL,CHEVROLET,EL CERRITO,PARTICULAR,NO APLICA,,
DAÑOS,06/03/2020 12:00:00 AM,2020,1899-12-31T17:40:00.000,TARDE,3_MIERCOLES,SANTA BARBARA,PUENTE LA Y,URBANA,TECNICO,352.813,-7.632.621,INVADIR CARRIL DE SENTIDO CONTRARIO,NO APLICA,CHOQUE,NO APLICA,NO APLICA,NO APLICA,NO APLICA,MOTO,AKT,CALI,PARTICULAR,NO APLICA,,
HERIDOS,06/03/2020 12:00:00 AM,2020,1899-12-31T18:40:00.000,NOCHE,3_MIERCOLES,ALTAMIRA,CALLE 46 CARRERA 27-58,URBANA,TECNICO,354.118,-7.629.604,IMPERICIA EN EL MANEJO,MOTOCICLISTA,CHOQUE,1,NO APLICA,PALMA,NO APLICA,MOTO,YAMAHA,MIRANDA,PARTICULAR,NO APLICA,,
HERIDOS,06/03/2020 12:00:00 AM,2020,1899-12-31T18:40:00.000,NOCHE,3_MIERCOLES,ALTAMIRA,CALLE 46 CARRERA 27-58,URBANA,TECNICO,354.118,-7.629.604,IMPERICIA EN EL MANEJO,NO APLICA,CHOQUE,NO APLICA,NO APLICA,NO APLICA,NO APLICA,AUTOMOVIL,VOLKWAGEN,CALI,PARTICULAR,NO APLICA,,
DAÑOS,06/04/2020 12:00:00 AM,2020,1899-12-31T13:50:00.000,TARDE,4_JUEVES,INDUSTRIAL,CALLE 42 CARRERA 35 SUR,URBANA,TECNICO,353.875,-7.630.632,NO MANTENER DISTANCIA,NO APLICA,CHOQUE,NO APLICA,NO APLICA,NO APLICA,NO APLICA,CAMIONETA,CHEVROLET,GUACARI,PARTICULAR,NO APLICA,,
DAÑOS,06/04/2020 12:00:00 AM,2020,1899-12-31T13:50:00.000,TARDE,4_JUEVES,INDUSTRIAL,CALLE 42 CARRERA 35 SUR,URBANA,TECNICO,353.875,-7.630.632,NO MANTENER DISTANCIA,NO APLICA,CHOQUE,NO APLICA,NO APLICA,NO APLICA,NO APLICA,AUTOMOVIL,RENAULT,PALMIRA,PARTICULAR,NO APLICA,,
DAÑOS,06/04/2020 12:00:00 AM,2020,1899-12-31T16:10:00.000,TARDE,4_JUEVES,CENTRO,CALLE 31 CARRERA 23,URBANA,TECNICO,352.743,-7.629.461,ARRANCAR SIN PRECAUCION,NO APLICA,CHOQUE,NO APLICA,NO APLICA,NO APLICA,NO APLICA,MOTO,KIMCO,PRADERA,PARTICULAR,NO APLICA,,
DAÑOS,06/04/2020 12:00:00 AM,2020,1899-12-31T16:10:00.000,TARDE,4_JUEVES,CENTRO,CALLE 31 CARRERA 23,URBANA,TECNICO,352.743,-7.629.461,ARRANCAR SIN PRECAUCION,NO APLICA,CHOQUE,NO APLICA,NO APLICA,NO APLICA,NO APLICA,AUTOMOVIL,CHEVROLET,CALI,PARTICULAR,NO APLICA,,
HERIDOS,06/04/2020 12:00:00 AM,2020,1899-12-31T15:40:00.000,TARDE,4_JUEVES,COLOMBIA,CALLE 33 CARRERA 30,URBANA,TECNICO,353.059,-7.630.011,DESOBEDECER SEÑALES,MOTOCICLISTA,CHOQUE,1,NO APLICA,RAUL,NO APLICA,MOTO,SUZUKI,CARTAGO,PARTICULAR,NO APLICA,,
HERIDOS,06/04/2020 12:00:00 AM,2020,1899-12-31T15:40:00.000,TARDE,4_JUEVES,COLOMBIA,CALLE 33 CARRERA 30,URBANA,TECNICO,353.059,-7.630.011,DESOBEDECER SEÑALES,NO APLICA,CHOQUE,NO APLICA,NO APLICA,NO APLICA,NO APLICA,NO APLICA,NO APLICA,NO APLICA,NO APLICA,NO APLICA,,
HERIDOS,06/04/2020 12:00:00 AM,2020,1899-12-31T16:30:00.000,TARDE,4_JUEVES,ZAMORANO,CALLE 69 CARRERA 29,URBANA,TECNICO,3.5563,-7.629.375,NO RESPETAR PRELACION,MOTOCICLISTA,CHOQUE,1,NO APLICA,PALMA,NO APLICA,MOTO,SUZUKI,MIRANDA,PARTICULAR,NO APLICA,,
HERIDOS,06/04/2020 12:00:00 AM,2020,1899-12-31T16:30:00.000,TARDE,4_JUEVES,ZAMORANO,CALLE 69 CARRERA 29,URBANA,TECNICO,3.5563,-7.629.375,NO RESPETAR PRELACION,NO APLICA,CHOQUE,NO APLICA,NO APLICA,NO APLICA,NO APLICA,AUTOMOVIL,CHEVROLET,IBAGUE,PARTICULAR,NO APLICA,,
HERIDOS,06/04/2020 12:00:00 AM,2020,1899-12-31T17:50:00.000,TARDE,4_JUEVES,POBLADO,CALLE 43 CARRERA 14-16,URBANA,TECNICO,353.775,-762.873,HUECOS,NO APLICA,VOLCAMIENTO,NO APLICA,NO APLICA,NO APLICA,NO APLICA,MOTO,SUZUKI,CARTAGO,PARTICULAR,NO APLICA,,
HERIDOS,06/04/2020 12:00:00 AM,2020,1899-12-31T17:50:00.000,TARDE,4_JUEVES,POBLADO,CALLE 43 CARRERA 14-16,URBANA,TECNICO,353.775,-762.873,HUECOS,ACOMPAÑANTE MOTOCICLISTA,VOLCAMIENTO,1,NO APLICA,FRACTURAS,NO APLICA,NO APLICA,NO APLICA,NO APLICA,NO APLICA,NO APLICA,,
HERIDOS,06/05/2020 12:00:00 AM,2020,1899-12-31T14:30:00.000,TARDE,5_VIERNES,CUIDAD DEL CAMPO,CALLE 93 N 7M-322,RURAL,TECNICO,345.234,-7.647.446,EXCESO DE VELOCIDAD,NO APLICA,ATROPELLO,NO APLICA,NO APLICA,NO APLICA,NO APLICA,MOTO,SUZUKI,PRADERA,PARTICULAR,NO APLICA,,
HERIDOS,06/05/2020 12:00:00 AM,2020,1899-12-31T14:30:00.000,TARDE,5_VIERNES,CUIDAD DEL CAMPO,CALLE 93 N 7M-322,RURAL,TECNICO,345.234,-7.647.446,EXCESO DE VELOCIDAD,PEATON,ATROPELLO,1,NO APLICA,REY DAVID,NO APLICA,NO APLICA,NO APLICA,NO APLICA,NO APLICA,NO APLICA,,
HERIDOS,06/05/2020 12:00:00 AM,2020,1899-12-31T09:30:00.000,MAÑANA,5_VIERNES,COLOMBINA,CALLE 28 CARRERA15,URBANA,TECNICO,352.403,-7.628.808,DESOBEDECER SEÑALES,NO APLICA,CHOQUE,NO APLICA,NO APLICA,NO APLICA,NO APLICA,AUTOMOVIL,CHEVROLET,EL CERRITO,PARTICULAR,NO APLICA,,
DAÑOS,06/07/2020 12:00:00 AM,2020,1899-12-31T08:30:00.000,MAÑANA,7_DOMINGO,CENTRO,CALLE 29 CARRERA 31,URBANA,TECNICO,3.5265,-7.630.182,SEMAFORO EN ROJO,NO APLICA,CHOQUE,NO APLICA,NO APLICA,NO APLICA,NO APLICA,AUTOMOVIL,CHEVROLET,PALMIRA,PUBLICO,VILLA DE LAS PALMAS,,
HERIDOS,06/07/2020 12:00:00 AM,2020,1899-12-31T09:30:00.000,MAÑANA,7_DOMINGO,ZAMORANO,DIAGONAL 65 CARRERA 30-114,URBANA,TECNICO,3.554,-7.629.682,NO ESTAR PNDIENTE DE LA VIA Y DEMAS CONDUCTORES,MOTOCICLISTA,ATROPELLO,1,NO APLICA,RAUL,NO APLICA,MOTO,HONDA,FLORIDA,PARTICULAR,NO APLICA,,
HERIDOS,06/07/2020 12:00:00 AM,2020,1899-12-31T09:30:00.000,MAÑANA,7_DOMINGO,ZAMORANO,DIAGONAL 65 CARRERA 30-114,URBANA,TECNICO,3.554,-7.629.682,NO ESTAR PNDIENTE DE LA VIA Y DEMAS CONDUCTORES,PEATON,ATROPELLO,1,NO APLICA,RAUL,NO APLICA,NO APLICA,NO APLICA,NO APLICA,NO APLICA,NO APLICA,,
HERIDOS,06/07/2020 12:00:00 AM,2020,1899-12-31T11:30:00.000,MAÑANA,7_DOMINGO,SAN PEDRO,CALLE 34A CARRERA 13,URBANA,TECNICO,353.111,-7.628.549,GIRAR BRUSCAMENTE,MOTOCICLISTA,CHOQUE,1,NO APLICA,PALMIRA,NO APLICA,MOTO,HERO,FLORIDA,PARTICULAR,NO APLICA,,
HERIDOS,06/07/2020 12:00:00 AM,2020,1899-12-31T11:30:00.000,MAÑANA,7_DOMINGO,SAN PEDRO,CALLE 34A CARRERA 13,URBANA,TECNICO,353.111,-7.628.549,GIRAR BRUSCAMENTE,MOTOCICLISTA,CHOQUE,1,NO APLICA,PALMIRA,NO APLICA,MOTO,SUZUKI,PALMIRA,PARTICULAR,NO APLICA,,
HERIDOS,06/07/2020 12:00:00 AM,2020,1899-12-31T11:30:00.000,MAÑANA,7_DOMINGO,SAN PEDRO,CALLE 34A CARRERA 13,URBANA,TECNICO,353.111,-7.628.549,GIRAR BRUSCAMENTE,ACOMPAÑANTE MOTOCICLISTA,CHOQUE,1,NO APLICA,PALMIRA,NO APLICA,NO APLICA,NO APLICA,NO APLICA,NO APLICA,NO APLICA,,
DAÑOS,06/07/2020 12:00:00 AM,2020,1899-12-31T13:30:00.000,TARDE,7_DOMINGO,CENTRO,CALLE 28 CARRERA 28-29,URBANA,TECNICO,352.537,-7.629.967,ARRANCAR SIN PRECAUCION,NO APLICA,CHOQUE,NO APLICA,NO APLICA,NO APLICA,NO APLICA,AUTOMOVIL,CHEVROLET,CALI,PARTICULAR,NO APLICA,,
DAÑOS,06/07/2020 12:00:00 AM,2020,1899-12-31T13:30:00.000,TARDE,7_DOMINGO,CENTRO,CALLE 28 CARRERA 28-29,URBANA,TECNICO,352.537,-7.629.967,ARRANCAR SIN PRECAUCION,NO APLICA,CHOQUE,NO APLICA,NO APLICA,NO APLICA,NO APLICA,AUTOMOVIL,JAC,PALMIRA,PUBLICO,NO APLICA,,
DAÑOS,06/07/2020 12:00:00 AM,2020,1899-12-31T03:50:00.000,MADRUGADA,7_DOMINGO,LA EMILIA,CALLE 36 CARRERA 37,URBANA,TECNICO,353.377,-7.630.737,DESOBEDECER SEÑALES,NO APLICA,CHOQUE,NO APLICA,NO APLICA,NO APLICA,NO APLICA,AUTOMOVIL,KIA,CALI,PARTICULAR,NO APLICA,,
DAÑOS,06/08/2020 12:00:00 AM,2020,1899-12-31T10:15:00.000,MAÑANA,1_LUNES,SANTA ISABEL,CARRERA 28 CALLE 46-48,URBANA,TECNICO,354.171,-7.629.661,ARRANCAR SIN PRECAUCION,NO APLICA,CHOQUE,NO APLICA,NO APLICA,NO APLICA,NO APLICA,CAMIONETA,NISSAN,CALI,PARTICULAR,NO APLICA,,
DAÑOS,06/08/2020 12:00:00 AM,2020,1899-12-31T10:15:00.000,MAÑANA,1_LUNES,SANTA ISABEL,CARRERA 28 CALLE 46-48,URBANA,TECNICO,354.171,-7.629.661,ARRANCAR SIN PRECAUCION,NO APLICA,CHOQUE,NO APLICA,NO APLICA,NO APLICA,NO APLICA,CAMIONETA,CHEVROLET,GUACARI,PARTICULAR,NO APLICA,,
MUERTO,06/08/2020 12:00:00 AM,2020,1899-12-31T13:30:00.000,TARDE,1_LUNES,PRADO,CALLE 42 CARRERA 41-42NORTE,URBANA,TECNICO,3.5389,-7.631.224,INVADIR CARRIL DE SENTIDO CONTRARIO,CONDUCTOR,CHOQUE,NO APLICA,1,NO APLICA,NO APLICA,AUTOMOVIL,CHEVROLET,CALI,PARTICULAR,NO APLICA,,
HERIDOS,06/08/2020 12:00:00 AM,2020,1899-12-31T13:30:00.000,TARDE,1_LUNES,PRADO,CALLE 42 CARRERA 41-42NORTE,URBANA,TECNICO,3.5389,-7.631.224,INVADIR CARRIL DE SENTIDO CONTRARIO,CONDUCTOR,CHOQUE,1,NO APLICA,PALMA,NO APLICA,CAMION,HINO,EL CERRITO,PUBLICO,NO APLICA,,
HERIDOS,06/08/2020 12:00:00 AM,2020,1899-12-31T13:30:00.000,TARDE,1_LUNES,PRADO,CALLE 42 CARRERA 41-42NORTE,URBANA,TECNICO,3.5389,-7.631.224,INVADIR CARRIL DE SENTIDO CONTRARIO,ACOMPAÑANTE CONDUCTOR,CHOQUE,1,NO APLICA,PALMIRA,NO APLICA,NO APLICA,NO APLICA,NO APLICA,NO APLICA,NO APLICA,,