GRAVEDAD,FECHA,AÑO,HORA,JORNADA,DIA_SEMANA,BARRIOS-COREGIMIENTO- VIA,DIRECCION,ZONA,AUTORIDAD,LAT,LONG,HIPOTESIS,CONDICION DE LA VICTIMA,CLASE DE SINIESTRO,LESIONADO,HOMICIDIOS,CLINICA,SITIO,CLASE VEHICULO,MARCA,MATRICULA,TIPO DE SERVICIO,EMPRESA, , 
HERIDOS,06/08/2020 12:00:00 AM,2020,1899-12-31T13:30:00.000,TARDE,1_LUNES,PRADO,CALLE 42 CARRERA 41-42NORTE,URBANA,TECNICO,3.5389,-7.631.224,INVADIR CARRIL DE SENTIDO CONTRARIO,NO APLICA,CHOQUE,NO APLICA,NO APLICA,NO APLICA,NO APLICA,AUTOMOVIL,CHEVROLET,MINISTERIO,PARTICULAR,NO APLICA,,
HERIDOS,06/08/2020 12:00:00 AM,2020,1899-12-31T13:30:00.000,TARDE,1_LUNES,PRADO,CALLE 42 CARRERA 41-42NORTE,URBANA,TECNICO,3.5389,-7.631.224,INVADIR CARRIL DE SENTIDO CONTRARIO,ACOMPAÑANTE CONDUCTOR,CHOQUE,1,NO APLICA,PALMA,NO APLICA,NO APLICA,NO APLICA,NO APLICA,NO APLICA,NO APLICA,,
HERIDOS,06/08/2020 12:00:00 AM,2020,1899-12-31T13:30:00.000,TARDE,1_LUNES,PRADO,CALLE 42 CARRERA 41-42NORTE,URBANA,TECNICO,3.5389,-7.631.224,INVADIR CARRIL DE SENTIDO CONTRARIO,ACOMPAÑANTE CONDUCTOR,CHOQUE,1,NO APLICA,PALMA,NO APLICA,NO APLICA,NO APLICA,NO APLICA,NO APLICA,NO APLICA,,
HERIDOS,06/08/2020 12:00:00 AM,2020,1899-12-31T13:30:00.000,TARDE,1_LUNES,PRADO,CALLE 42 CARRERA 41-42NORTE,URBANA,TECNICO,3.5389,-7.631.224,INVADIR CARRIL DE SENTIDO CONTRARIO,ACOMPAÑANTE CONDUCTOR,CHOQUE,1,NO APLICA,PALMIRA,NO APLICA,NO APLICA,NO APLICA,NO APLICA,NO APLICA,NO APLICA,,
HERIDOS,06/08/2020 12:00:00 AM,2020,1899-12-31T12:15:00.000,TARDE,1_LUNES,SEMBRADOR,CARRERA 21 CALLE 21A,URBANA,TECNICO,351.913,-7.629.344,NO ESTAR PNDIENTE DE LA VIA Y DEMAS CONDUCTORES,MOTOCICLISTA,CHOQUE,1,NO APLICA,PALMA,NO APLICA,MOTO,HONDA,CALI,PARTICULAR,NO APLICA,,
HERIDOS,06/08/2020 12:00:00 AM,2020,1899-12-31T12:15:00.000,TARDE,1_LUNES,SEMBRADOR,CARRERA 21 CALLE 21A,URBANA,TECNICO,351.913,-7.629.344,NO ESTAR PNDIENTE DE LA VIA Y DEMAS CONDUCTORES,NO APLICA,CHOQUE,NO APLICA,NO APLICA,NO APLICA,NO APLICA,MOTO,YAMAHA,MEDELLIN,PARTICULAR,NO APLICA,,
HERIDOS,06/06/2020 12:00:00 AM,2020,1899-12-31T16:20:00.000,TARDE,6_SABADO,INDUSTRIAL,CALLE 42 CARRERA 34,URBANA,TECNICO,353.851,-7.630.279,GIRAR BRUSCAMENTE,MOTOCICLISTA,CHOQUE,1,NO APLICA,FRACTURAS,NO APLICA,MOTO,YAMAHA,CIRCASIA,PARTICULAR,NO APLICA,,
HERIDOS,06/06/2020 12:00:00 AM,2020,1899-12-31T16:20:00.000,TARDE,6_SABADO,INDUSTRIAL,CALLE 42 CARRERA 34,URBANA,TECNICO,353.851,-7.630.279,GIRAR BRUSCAMENTE,MOTOCICLISTA,CHOQUE,1,NO APLICA,FRACTURAS,NO APLICA,MOTO,HONDA,GUACARI,PARTICULAR,NO APLICA,,
HERIDOS,06/09/2020 12:00:00 AM,2020,1899-12-31T21:00:00.000,NOCHE,2_MARTES,URIBE,CALLE 35 CARRERA 23,URBANA,TECNICO,3.5314,-76.294,DESOBEDECER SEÑALES,MOTOCICLISTA,CHOQUE,1,NO APLICA,PALMIRA,NO APLICA,MOTO,AKT,PRADERA,PARTICULAR,NO APLICA,,
HERIDOS,06/09/2020 12:00:00 AM,2020,1899-12-31T21:00:00.000,NOCHE,2_MARTES,URIBE,CALLE 35 CARRERA 23,URBANA,TECNICO,3.5314,-76.294,DESOBEDECER SEÑALES,NO APLICA,CHOQUE,NO APLICA,NO APLICA,NO APLICA,NO APLICA,AUTOMOVIL,NISSAN,CALI,PARTICULAR,NO APLICA,,
DAÑOS,06/10/2020 12:00:00 AM,2020,1899-12-31T16:00:00.000,TARDE,3_MIERCOLES,EL BOSQUE,CALLE 31 CARRERA 1-2,URBANA,TECNICO,352.516,-7.627.857,NO MANTENER DISTANCIA,NO APLICA,CHOQUE,NO APLICA,NO APLICA,NO APLICA,NO APLICA,AUTOMOVIL,CHEVROLET,PALMIRA,PARTICULAR,NO APLICA,,
DAÑOS,06/10/2020 12:00:00 AM,2020,1899-12-31T16:00:00.000,TARDE,3_MIERCOLES,EL BOSQUE,CALLE 31 CARRERA 1-2,URBANA,TECNICO,352.516,-7.627.857,NO MANTENER DISTANCIA,NO APLICA,CHOQUE,NO APLICA,NO APLICA,NO APLICA,NO APLICA,AUTOMOVIL,CHEVROLET,CALI,PARTICULAR,NO APLICA,,
DAÑOS,06/10/2020 12:00:00 AM,2020,1899-12-31T21:30:00.000,NOCHE,3_MIERCOLES,SAMANES,CALLE 47 CARRERA 30-32,URBANA,TECNICO,354.228,-7.629.829,NO MANTENER DISTANCIA,NO APLICA,CHOQUE,NO APLICA,NO APLICA,NO APLICA,NO APLICA,AUTOMOVIL,KIA,CALI,PARTICULAR,NO APLICA,,
DAÑOS,06/10/2020 12:00:00 AM,2020,1899-12-31T21:30:00.000,NOCHE,3_MIERCOLES,SAMANES,CALLE 47 CARRERA 30-32,URBANA,TECNICO,354.228,-7.629.829,NO MANTENER DISTANCIA,NO APLICA,CHOQUE,NO APLICA,NO APLICA,NO APLICA,NO APLICA,CAMPERO,SUZUKI,PALMIRA,PARTICULAR,NO APLICA,,
HERIDOS,06/09/2020 12:00:00 AM,2020,1899-12-31T13:10:00.000,TARDE,2_MARTES,ITALIA,CALLE 6 CARRERA 28,URBANA,TECNICO,350.554,-7.629.915,DESOBEDECER SEÑALES,MOTOCICLISTA,CHOQUE,1,NO APLICA,PALMIRA,NO APLICA,MOTO,YAMAHA,TULUA,PARTICULAR,NO APLICA,,
HERIDOS,06/09/2020 12:00:00 AM,2020,1899-12-31T13:10:00.000,TARDE,2_MARTES,ITALIA,CALLE 6 CARRERA 28,URBANA,TECNICO,350.554,-7.629.915,DESOBEDECER SEÑALES,NO APLICA,CHOQUE,NO APLICA,NO APLICA,NO APLICA,NO APLICA,CAMIONETA,MAZDA,CALI,PARTICULAR,NO APLICA,,
HERIDOS,06/09/2020 12:00:00 AM,2020,1899-12-31T09:30:00.000,MAÑANA,2_MARTES,TRINIDAD,CARRERA 23 CALLE 27,URBANA,TECNICO,352.387,-7.629.507,DESOBEDECER SEÑALES,MOTOCICLISTA,CHOQUE,1,NO APLICA,PALMA,NO APLICA,MOTO,HONDA,FLORIDA,PARTICULAR,NO APLICA,,
HERIDOS,06/09/2020 12:00:00 AM,2020,1899-12-31T09:30:00.000,MAÑANA,2_MARTES,TRINIDAD,CARRERA 23 CALLE 27,URBANA,TECNICO,352.387,-7.629.507,DESOBEDECER SEÑALES,NO APLICA,CHOQUE,NO APLICA,NO APLICA,NO APLICA,NO APLICA,CAMIONETA,DODGE,JAMUNDI,PARTICULAR,NO APLICA,,
HERIDOS,06/10/2020 12:00:00 AM,2020,1899-12-31T09:30:00.000,MAÑANA,3_MIERCOLES,COLOMBINA,CALLE29 CARRERA 20,URBANA,TECNICO,352.517,-7.629.231,DESOBEDECER SEÑALES,MOTOCICLISTA,CHOQUE,1,NO APLICA,PALMIRA,NO APLICA,MOTO,AKT,PRADERA,PARTICULAR,NO APLICA,,
HERIDOS,06/10/2020 12:00:00 AM,2020,1899-12-31T09:30:00.000,MAÑANA,3_MIERCOLES,COLOMBINA,CALLE29 CARRERA 20,URBANA,TECNICO,352.517,-7.629.231,DESOBEDECER SEÑALES,ACOMPAÑANTE MOTOCICLISTA,CHOQUE,1,NO APLICA,PALMIRA,NO APLICA,NO APLICA,NO APLICA,NO APLICA,NO APLICA,NO APLICA,,
HERIDOS,06/10/2020 12:00:00 AM,2020,1899-12-31T09:30:00.000,MAÑANA,3_MIERCOLES,COLOMBINA,CALLE29 CARRERA 20,URBANA,TECNICO,352.517,-7.629.231,DESOBEDECER SEÑALES,NO APLICA,CHOQUE,NO APLICA,NO APLICA,NO APLICA,NO APLICA,CAMIONETA,CHNGUN,BOGOTA,PARTICULAR,NO APLICA,,
HERIDOS,06/11/2020 12:00:00 AM,2020,1899-12-31T08:50:00.000,MAÑANA,4_JUEVES,CENTRO,CALLE 31 CARRERA 25,URBANA,TECNICO,3.5276,-7.629.619,SEMAFORO EN ROJO,MOTOCICLISTA,CHOQUE,1,NO APLICA,RAUL,NO APLICA,MOTO,YAMAHA,CALI,PARTICULAR,NO APLICA,,
HERIDOS,06/11/2020 12:00:00 AM,2020,1899-12-31T08:50:00.000,MAÑANA,4_JUEVES,CENTRO,CALLE 31 CARRERA 25,URBANA,TECNICO,3.5276,-7.629.619,SEMAFORO EN ROJO,NO APLICA,CHOQUE,NO APLICA,NO APLICA,NO APLICA,NO APLICA,CAMIONETA,CHEVROLET,CALI,PARTICULAR,NO APLICA,,
HERIDOS,06/11/2020 12:00:00 AM,2020,1899-12-31T13:45:00.000,TARDE,4_JUEVES,EMILIA,CALLE 36 CARRERA 23,URBANA,TECNICO,3.5323,-7.629.386,DESOBEDECER SEÑALES,MOTOCICLISTA,CHOQUE,1,NO APLICA,RAUL,NO APLICA,MOTO,SUZUKI,LA VIRGINIA,PARTICULAR,NO APLICA,,
HERIDOS,06/11/2020 12:00:00 AM,2020,1899-12-31T13:45:00.000,TARDE,4_JUEVES,EMILIA,CALLE 36 CARRERA 23,URBANA,TECNICO,3.5323,-7.629.386,DESOBEDECER SEÑALES,NO APLICA,CHOQUE,NO APLICA,NO APLICA,NO APLICA,NO APLICA,MOTO,SYM,PALMIRA,PARTICULAR,NO APLICA,,
HERIDOS,06/11/2020 12:00:00 AM,2020,1899-12-31T13:45:00.000,TARDE,4_JUEVES,EMILIA,CALLE 36 CARRERA 23,URBANA,TECNICO,3.5323,-7.629.386,DESOBEDECER SEÑALES,ACOMPAÑANTE MOTOCICLISTA,CHOQUE,1,NO APLICA,RAUL,NO APLICA,NO APLICA,NO APLICA,NO APLICA,NO APLICA,NO APLICA,,
DAÑOS,06/12/2020 12:00:00 AM,2020,1899-12-31T09:10:00.000,MAÑANA,5_VIERNES,VERSALLE S,CALLE 42 CARRERA 28,URBANA,TECNICO,353.784,-762.972,MAL USO DEL CARRIL,NO APLICA,CHOQUE,NO APLICA,NO APLICA,NO APLICA,NO APLICA,AUTOMOVIL,KIA,PALMIRA,PARTICULAR,NO APLICA,,
DAÑOS,06/12/2020 12:00:00 AM,2020,1899-12-31T09:10:00.000,MAÑANA,5_VIERNES,VERSALLE S,CALLE 42 CARRERA 28,URBANA,TECNICO,353.784,-762.972,MAL USO DEL CARRIL,NO APLICA,CHOQUE,NO APLICA,NO APLICA,NO APLICA,NO APLICA,AUTOMOVIL,RENAULT,ENVIGADO,PARTICULAR,NO APLICA,,
HERIDOS,06/13/2020 12:00:00 AM,2020,1899-12-31T10:20:00.000,MAÑANA,6_SABADO,OBRERO,CARRERA 27 CALLE 35,URBANA,TECNICO,353.183,-7.629.716,DESOBEDECER SEÑALES,NO APLICA,CHOQUE,NO APLICA,NO APLICA,NO APLICA,NO APLICA,AUTOMOVIL,RENAULT,PALMIRA,PARTICULAR,NO APLICA,,
HERIDOS,06/13/2020 12:00:00 AM,2020,1899-12-31T10:20:00.000,MAÑANA,6_SABADO,OBRERO,CARRERA 27 CALLE 35,URBANA,TECNICO,353.183,-7.629.716,DESOBEDECER SEÑALES,MOTOCICLISTA,CHOQUE,1,NO APLICA,FRACTURAS,NO APLICA,MOTO,YAMAHA,PALMIRA,PARTICULAR,NO APLICA,,
HERIDOS,06/13/2020 12:00:00 AM,2020,1899-12-31T21:00:00.000,NOCHE,6_SABADO,COLOMBINA,CALLE 29 CARRERA 21,URBANA,TECNICO,352.529,-7.629.316,DESOBEDECER SEÑALES,NO APLICA,CHOQUE,NO APLICA,NO APLICA,NO APLICA,NO APLICA,MOTO,HONDA,GUACARI,PARTICULAR,NO APLICA,,
HERIDOS,06/13/2020 12:00:00 AM,2020,1899-12-31T21:00:00.000,NOCHE,6_SABADO,COLOMBINA,CALLE 29 CARRERA 21,URBANA,TECNICO,352.529,-7.629.316,DESOBEDECER SEÑALES,MOTOCICLISTA,CHOQUE,1,NO APLICA,PALMIRA,NO APLICA,MOTO,BAJAJ,PRADERA,PARTICULAR,NO APLICA,,
HERIDOS,06/14/2020 12:00:00 AM,2020,1899-12-31T13:00:00.000,TARDE,7_DOMINGO,COLOMBIA,CALLE 36 CARRERA 29,URBANA,TECNICO,353.293,-7.629.887,SEMAFORO EN ROJO,MOTOCICLISTA,CHOQUE,1,NO APLICA,PALMA,NO APLICA,MOTO,YAMAHA,PALMIRA,PARTICULAR,NO APLICA,,
HERIDOS,06/14/2020 12:00:00 AM,2020,1899-12-31T13:00:00.000,TARDE,7_DOMINGO,COLOMBIA,CALLE 36 CARRERA 29,URBANA,TECNICO,353.293,-7.629.887,SEMAFORO EN ROJO,NO APLICA,CHOQUE,NO APLICA,NO APLICA,NO APLICA,NO APLICA,CAMIONETA,ISUZU,CANDELARIA,PARTICULAR,NO APLICA,,
HERIDOS,06/13/2020 12:00:00 AM,2020,1899-12-31T16:00:00.000,TARDE,6_SABADO,URIBE,CALLE 34 CARRERA 22,URBANA,TECNICO,353.045,-7.629.337,DESOBEDECER SEÑALES,MOTOCICLISTA,CHOQUE,1,NO APLICA,PALMA,NO APLICA,MOTO,HERO,GUACARI,PARTICULAR,NO APLICA,,
HERIDOS,06/13/2020 12:00:00 AM,2020,1899-12-31T16:00:00.000,TARDE,6_SABADO,URIBE,CALLE 34 CARRERA 22,URBANA,TECNICO,353.045,-7.629.337,DESOBEDECER SEÑALES,NO APLICA,CHOQUE,NO APLICA,NO APLICA,NO APLICA,NO APLICA,CAMIONETA,NISSAN,BOGOTA,PARTICULAR,NO APLICA,,
HERIDOS,06/13/2020 12:00:00 AM,2020,1899-12-31T14:00:00.000,TARDE,6_SABADO,BIZERTA,CALLE 36 CARRERA 22,URBANA,TECNICO,353.219,-7.629.315,DESOBEDECER SEÑALES,MOTOCICLISTA,CHOQUE,1,NO APLICA,PALMA,NO APLICA,MOTO,YAMAHA,PRADERA,PARTICULAR,NO APLICA,,
HERIDOS,06/13/2020 12:00:00 AM,2020,1899-12-31T14:00:00.000,TARDE,6_SABADO,BIZERTA,CALLE 36 CARRERA 22,URBANA,TECNICO,353.219,-7.629.315,DESOBEDECER SEÑALES,NO APLICA,CHOQUE,NO APLICA,NO APLICA,NO APLICA,NO APLICA,AUTOMOVIL,CHEVROLET,CALI,PARTICULAR,NO APLICA,,
DAÑOS,06/16/2020 12:00:00 AM,2020,1899-12-31T13:30:00.000,TARDE,2_MARTES,CENTRO,CALLE 28 CARRERA 33A,URBANA,TECNICO,352.603,-7.630.442,ARRANCAR SIN PRECAUCION,NO APLICA,CHOQUE,NO APLICA,NO APLICA,NO APLICA,NO APLICA,AUTOMOVIL,CHEVROLET,PALMIRA,PARTICULAR,NO APLICA,,
DAÑOS,06/16/2020 12:00:00 AM,2020,1899-12-31T13:30:00.000,TARDE,2_MARTES,CENTRO,CALLE 28 CARRERA 33A,URBANA,TECNICO,352.603,-7.630.442,ARRANCAR SIN PRECAUCION,NO APLICA,CHOQUE,NO APLICA,NO APLICA,NO APLICA,NO APLICA,MOTO,YAMAHA,FLORIDA,PARTICULAR,NO APLICA,,
DAÑOS,06/12/2020 12:00:00 AM,2020,1899-12-31T20:20:00.000,NOCHE,5_VIERNES,CENTRO POBLADO BOLO ALIZAL,KM 9,RURAL,TECNICO,346.729,-7.636.368,PERDIDA DEL CONTROL,NO APLICA,CHOQUE OBJETO FIJO,NO APLICA,NO APLICA,NO APLICA,NO APLICA,CAMIONETA,CHEVROLET,CALI,PARTICULAR,NO APLICA,,
HERIDOS,06/15/2020 12:00:00 AM,2020,1899-12-31T14:30:00.000,TARDE,1_LUNES,PALMERAS,CARRERA 1 CALLE 35,URBANA,TECNICO,353.217,-7.627.731,SEMAFORO EN ROJO,MOTOCICLISTA,CHOQUE,1,NO APLICA,RAUL,NO APLICA,MOTO,AUTECO,BUGA,PARTICULAR,NO APLICA,,
HERIDOS,06/15/2020 12:00:00 AM,2020,1899-12-31T14:30:00.000,TARDE,1_LUNES,PALMERAS,CARRERA 1 CALLE 35,URBANA,TECNICO,353.217,-7.627.731,SEMAFORO EN ROJO,MOTOCICLISTA,CHOQUE,1,NO APLICA,RAUL,NO APLICA,MOTO,AKT,DOSQUEBRADAS,PARTICULAR,NO APLICA,,
HERIDOS,06/15/2020 12:00:00 AM,2020,1899-12-31T14:30:00.000,TARDE,1_LUNES,PALMERAS,CARRERA 1 CALLE 35,URBANA,TECNICO,353.217,-7.627.731,SEMAFORO EN ROJO,ACOMPAÑANTE MOTOCICLISTA,CHOQUE,1,NO APLICA,RAUL,NO APLICA,NO APLICA,NO APLICA,NO APLICA,NO APLICA,NO APLICA,,
HERIDOS,06/15/2020 12:00:00 AM,2020,1899-12-31T15:00:00.000,TARDE,1_LUNES,PRADO,CALLE 35 CARRERA 40-26,URBANA,TECNICO,353.238,-7.630.992,PERDIDA DEL CONTROL,CONDUCTOR,CHOQUE OBJETO FIJO,1,NO APLICA,PALMIRA,NO APLICA,CAMIONETA,NISSAN,CALI,PARTICULAR,NO APLICA,,
HERIDOS,06/15/2020 12:00:00 AM,2020,1899-12-31T15:00:00.000,TARDE,1_LUNES,PRADO,CALLE 35 CARRERA 40-26,URBANA,TECNICO,353.238,-7.630.992,PERDIDA DEL CONTROL,ACOMPAÑANTE CONDUCTOR,CHOQUE OBJETO FIJO,1,NO APLICA,PALMIRA,NO APLICA,NO APLICA,NO APLICA,NO APLICA,NO APLICA,NO APLICA,,
HERIDOS,06/15/2020 12:00:00 AM,2020,1899-12-31T15:00:00.000,TARDE,1_LUNES,PRADO,CALLE 35 CARRERA 40-26,URBANA,TECNICO,353.238,-7.630.992,PERDIDA DEL CONTROL,ACOMPAÑANTE CONDUCTOR,CHOQUE OBJETO FIJO,1,NO APLICA,PALMIRA,NO APLICA,NO APLICA,NO APLICA,NO APLICA,NO APLICA,NO APLICA,,
DAÑOS,06/15/2020 12:00:00 AM,2020,1899-12-31T20:20:00.000,NOCHE,1_LUNES,SANTA RITA,CALLE 33 CARRERA 27,URBANA,TECNICO,353.016,-7.629.745,SEMAFORO EN ROJO,NO APLICA,CHOQUE,NO APLICA,NO APLICA,NO APLICA,NO APLICA,MOTO,YAMAHA,PRADERA,PARTICULAR,NO APLICA,,
DAÑOS,06/15/2020 12:00:00 AM,2020,1899-12-31T20:20:00.000,NOCHE,1_LUNES,SANTA RITA,CALLE 33 CARRERA 27,URBANA,TECNICO,353.016,-7.629.745,SEMAFORO EN ROJO,NO APLICA,CHOQUE,NO APLICA,NO APLICA,NO APLICA,NO APLICA,AUTOMOVIL,KIA,CALI,PARTICULAR,NO APLICA,,
DAÑOS,06/15/2020 12:00:00 AM,2020,1899-12-31T18:00:00.000,NOCHE,1_LUNES,URIBE,CALLE 31 CARRERA 20,URBANA,TECNICO,352.708,-7.629.207,DESOBEDECER SEÑALES,NO APLICA,CHOQUE,NO APLICA,NO APLICA,NO APLICA,NO APLICA,MOTO,BAJAJ,CALI,PARTICULAR,NO APLICA,,
DAÑOS,06/15/2020 12:00:00 AM,2020,1899-12-31T18:00:00.000,NOCHE,1_LUNES,URIBE,CALLE 31 CARRERA 20,URBANA,TECNICO,352.708,-7.629.207,DESOBEDECER SEÑALES,NO APLICA,CHOQUE,NO APLICA,NO APLICA,NO APLICA,NO APLICA,AUTOMOVIL,CHEVROLET,CALI,PARTICULAR,NO APLICA,,
HERIDOS,06/16/2020 12:00:00 AM,2020,1899-12-31T17:30:00.000,TARDE,2_MARTES,INDUSTRIAL,CARRERA 35 CALLE 44-36,URBANA,TECNICO,354.041,-7.630.704,POR ESTABLECER,MOTOCICLISTA,ATROPELLO,1,NO APLICA,RAUL,NO APLICA,MOTO,HONDA,GUACARI,PARTICULAR,NO APLICA,,
HERIDOS,06/16/2020 12:00:00 AM,2020,1899-12-31T17:30:00.000,TARDE,2_MARTES,INDUSTRIAL,CARRERA 35 CALLE 44-36,URBANA,TECNICO,354.041,-7.630.704,POR ESTABLECER,ACOMPAÑANTE MOTOCICLISTA,ATROPELLO,1,NO APLICA,RAUL,NO APLICA,NO APLICA,NO APLICA,NO APLICA,NO APLICA,NO APLICA,,
HERIDOS,06/16/2020 12:00:00 AM,2020,1899-12-31T17:30:00.000,TARDE,2_MARTES,INDUSTRIAL,CARRERA 35 CALLE 44-36,URBANA,TECNICO,354.041,-7.630.704,POR ESTABLECER,PEATON,ATROPELLO,1,NO APLICA,RAUL,NO APLICA,NO APLICA,NO APLICA,NO APLICA,NO APLICA,NO APLICA,,
HERIDOS,06/17/2020 12:00:00 AM,2020,1899-12-31T14:30:00.000,TARDE,3_MIERCOLES,SAN CAYETANO,CARRERA 24 CALLE 40,URBANA,TECNICO,353.585,-7.629.415,DESOBEDECER SEÑALES,MOTOCICLISTA,CHOQUE,1,NO APLICA,PALMA,NO APLICA,MOTO,TVS,FLORIDA,PARTICULAR,NO APLICA,,
HERIDOS,06/17/2020 12:00:00 AM,2020,1899-12-31T14:30:00.000,TARDE,3_MIERCOLES,SAN CAYETANO,CARRERA 24 CALLE 40,URBANA,TECNICO,353.585,-7.629.415,DESOBEDECER SEÑALES,MOTOCICLISTA,CHOQUE,1,NO APLICA,PALMA,NO APLICA,MOTO,KIMCO,GUACARI,PARTICULAR,NO APLICA,,
HERIDOS,06/18/2020 12:00:00 AM,2020,1899-12-31T12:35:00.000,TARDE,4_JUEVES,MERCEDES,CARRERA 25 CALLE 57,URBANA,TECNICO,3.5477,-7.628.962,NO RESPETAR PRELACION,MOTOCICLISTA,CHOQUE,1,NO APLICA,PALMA,NO APLICA,MOTO,AKT,PALMIRA,PARTICULAR,NO APLICA,,
HERIDOS,06/18/2020 12:00:00 AM,2020,1899-12-31T12:35:00.000,TARDE,4_JUEVES,MERCEDES,CARRERA 25 CALLE 57,URBANA,TECNICO,3.5477,-7.628.962,NO RESPETAR PRELACION,NO APLICA,CHOQUE,NO APLICA,NO APLICA,NO APLICA,NO APLICA,AUTOMOVIL,CHEVROLET,CARTAGENA,PARTICULAR,NO APLICA,,
DAÑOS,06/18/2020 12:00:00 AM,2020,1899-12-31T17:20:00.000,TARDE,4_JUEVES,COLOMBIA,CALLE 38 CARRERA 31,URBANA,TECNICO,353.521,-7.630.036,TRANSITAR EN CONTRAVIA,NO APLICA,CHOQUE,NO APLICA,NO APLICA,NO APLICA,NO APLICA,AUTOMOVIL,KIA,PALMIRA,PARTICULAR,NO APLICA,,
DAÑOS,06/18/2020 12:00:00 AM,2020,1899-12-31T17:20:00.000,TARDE,4_JUEVES,COLOMBIA,CALLE 38 CARRERA 31,URBANA,TECNICO,353.521,-7.630.036,TRANSITAR EN CONTRAVIA,NO APLICA,CHOQUE,NO APLICA,NO APLICA,NO APLICA,NO APLICA,BICICLETA,NO APLICA,NO APLICA,PARTICULAR,NO APLICA,,
DAÑOS,06/18/2020 12:00:00 AM,2020,1899-12-31T07:00:00.000,MAÑANA,4_JUEVES,NUEVO,CARRERA 30A CALLE 20,URBANA,TECNICO,351.884,-7.630.262,PONER EN MARCHA UN VEHICULO SIN PRECAUCION,NO APLICA,CHOQUE,NO APLICA,NO APLICA,NO APLICA,NO APLICA,CAMIONETA,CHEVROLET,CALI,PARTICULAR,NO APLICA,,
DAÑOS,06/18/2020 12:00:00 AM,2020,1899-12-31T07:00:00.000,MAÑANA,4_JUEVES,NUEVO,CARRERA 30A CALLE 20,URBANA,TECNICO,351.884,-7.630.262,PONER EN MARCHA UN VEHICULO SIN PRECAUCION,NO APLICA,CHOQUE,NO APLICA,NO APLICA,NO APLICA,NO APLICA,AUTOMOVIL,KIA,PALMIRA,PARTICULAR,NO APLICA,,
HERIDOS,06/19/2020 12:00:00 AM,2020,1899-12-31T10:40:00.000,MAÑANA,5_VIERNES,NUEVO,CARRERA 30 CALLE 26,URBANA,TECNICO,352.382,-7.630.132,DESOBEDECER SEÑALES,NO APLICA,CHOQUE,NO APLICA,NO APLICA,NO APLICA,NO APLICA,AUTOMOVIL,KIA,CALI,PARTICULAR,NO APLICA,,
HERIDOS,06/19/2020 12:00:00 AM,2020,1899-12-31T10:40:00.000,MAÑANA,5_VIERNES,NUEVO,CARRERA 30 CALLE 26,URBANA,TECNICO,352.382,-7.630.132,DESOBEDECER SEÑALES,CICLISTA,CHOQUE,1,NO APLICA,PALMIRA,NO APLICA,CICLISTA,CONRIS,NO APLICA,PARTICULAR,NO APLICA,,
DAÑOS,06/19/2020 12:00:00 AM,2020,1899-12-31T12:15:00.000,TARDE,5_VIERNES,ESTONIA,CALLE 46 CARRERA 32,URBANA,TECNICO,354.149,-763.007,PONER EN MARCHA UN VEHICULO SIN PRECAUCION,NO APLICA,CHOQUE,NO APLICA,NO APLICA,NO APLICA,NO APLICA,AUTOMOVIL,CHEVROLET,CALI,PARTICULAR,NO APLICA,,
DAÑOS,06/19/2020 12:00:00 AM,2020,1899-12-31T12:15:00.000,TARDE,5_VIERNES,ESTONIA,CALLE 46 CARRERA 32,URBANA,TECNICO,354.149,-763.007,PONER EN MARCHA UN VEHICULO SIN PRECAUCION,NO APLICA,CHOQUE,NO APLICA,NO APLICA,NO APLICA,NO APLICA,AUTOMOVIL,HYUNDAI,PALMIRA,PARTICULAR,NO APLICA,,
DAÑOS,06/20/2020 12:00:00 AM,2020,1899-12-31T17:10:00.000,TARDE,6_SABADO,URIBE,CALLE 35 CARRERA 22,URBANA,TECNICO,353.132,-7.629.326,DESOBEDECER SEÑALES,NO APLICA,CHOQUE,NO APLICA,NO APLICA,NO APLICA,NO APLICA,AUTOMOVIL,RENAULT,PALMIRA,PARTICULAR,NO APLICA,,
DAÑOS,06/20/2020 12:00:00 AM,2020,1899-12-31T17:10:00.000,TARDE,6_SABADO,URIBE,CALLE 35 CARRERA 22,URBANA,TECNICO,353.132,-7.629.326,DESOBEDECER SEÑALES,NO APLICA,CHOQUE,NO APLICA,NO APLICA,NO APLICA,NO APLICA,MOTO,BAJAJ,FUNZA,PARTICULAR,NO APLICA,,
DAÑOS,06/20/2020 12:00:00 AM,2020,1899-12-31T17:10:00.000,TARDE,6_SABADO,URIBE,CALLE 35 CARRERA 22,URBANA,TECNICO,353.132,-7.629.326,DESOBEDECER SEÑALES,NO APLICA,CHOQUE,NO APLICA,NO APLICA,NO APLICA,NO APLICA,MOTO,SUZUKI,CALI,PARTICULAR,NO APLICA,,
DAÑOS,06/21/2020 12:00:00 AM,2020,1899-12-31T21:15:00.000,NOCHE,7_DOMINGO,OLIMPICO,CARRERA 35 CALLE 27-01,URBANA,TECNICO,352.721,-7.630.583,ADELANTAR POR LA DERECHA,NO APLICA,CHOQUE,NO APLICA,NO APLICA,NO APLICA,NO APLICA,CAMIONETA,SSANGYONE,CALI,PARTICULAR,NO APLICA,,
DAÑOS,06/21/2020 12:00:00 AM,2020,1899-12-31T21:15:00.000,NOCHE,7_DOMINGO,OLIMPICO,CARRERA 35 CALLE 27-01,URBANA,TECNICO,352.721,-7.630.583,ADELANTAR POR LA DERECHA,NO APLICA,CHOQUE,NO APLICA,NO APLICA,NO APLICA,NO APLICA,AUTOMOVIL,CHEVROLET,ENVIGADO,PARTICULAR,NO APLICA,,