GRAVEDAD,FECHA,AÑO,HORA,JORNADA,DIA_SEMANA,BARRIOS-COREGIMIENTO- VIA,DIRECCION,ZONA,AUTORIDAD,LAT,LONG,HIPOTESIS,CONDICION DE LA VICTIMA,CLASE DE SINIESTRO,LESIONADO,HOMICIDIOS,CLINICA,SITIO,CLASE VEHICULO,MARCA,MATRICULA,TIPO DE SERVICIO,EMPRESA, , 
HERIDOS,07/16/2020 12:00:00 AM,2020,1899-12-31T21:10:00.000,NOCHE,4_JUEVES,BUENOS AIRES,CALLE 35 CARRERA 5E,URBANA,TECNICO,353.149,-7.627.416,PROHIBIDO ADELANTAR EN INTERSECCION,MOTOCICLISTA,CHOQUE,1,NO APLICA,PALMA,NO APLICA,MOTO,HONDA,CALI,PARTICULAR,NO APLICA,,
HERIDOS,07/16/2020 12:00:00 AM,2020,1899-12-31T21:10:00.000,NOCHE,4_JUEVES,BUENOS AIRES,CALLE 35 CARRERA 5E,URBANA,TECNICO,353.149,-7.627.416,PROHIBIDO ADELANTAR EN INTERSECCION,MOTOCICLISTA,CHOQUE,1,NO APLICA,PALMIRA,NO APLICA,MOTO,AKT,PALMIRA,PARTICULAR,NO APLICA,,
DAÑOS,07/16/2020 12:00:00 AM,2020,1899-12-31T10:30:00.000,MAÑANA,4_JUEVES,VERSALLE S,CALLE 42 CARRERA 28,URBANA,TECNICO,353.785,-762.971,NO MANTENER DISTANCIA DE SEGURIDAD,NO APLICA,CHOQUE,NO APLICA,NO APLICA,NO APLICA,NO APLICA,CAMION,DONEFREG,CANDELARIA,PUBLICO,NO APLICA,,
DAÑOS,07/16/2020 12:00:00 AM,2020,1899-12-31T10:30:00.000,MAÑANA,4_JUEVES,VERSALLE S,CALLE 42 CARRERA 28,URBANA,TECNICO,353.785,-762.971,NO MANTENER DISTANCIA DE SEGURIDAD,NO APLICA,CHOQUE,NO APLICA,NO APLICA,NO APLICA,NO APLICA,CAMION,JAC,GUACARI,PUBLICO,NO APLICA,,
HERIDOS,07/16/2020 12:00:00 AM,2020,1899-12-31T12:30:00.000,TARDE,4_JUEVES,RECREO,CALLE 22 CARRERA 28,URBANA,TECNICO,353.785,-762.971,NO RESPETAR PRELACION,MOTOCICLISTA,CHOQUE,1,NO APLICA,PALMIRA,NO APLICA,MOTO,KIMCO,PALMIRA,PARTICULAR,NO APLICA,,
HERIDOS,07/16/2020 12:00:00 AM,2020,1899-12-31T12:30:00.000,TARDE,4_JUEVES,RECREO,CALLE 22 CARRERA 28,URBANA,TECNICO,353.785,-762.971,NO RESPETAR PRELACION,NO APLICA,CHOQUE,NO APLICA,NO APLICA,NO APLICA,NO APLICA,CAMPERO,CHEVROLET,BOGOTA,PARTICULAR,NO APLICA,,
MUERTO,07/18/2020 12:00:00 AM,2020,1899-12-31T11:17:00.000,MAÑANA,6_SABADO,MERCEDES,CARRERA 28 CALLE 52-51,URBANA,TECNICO,354.605,-7.629.602,CAMBIO DE CARRIL SIN INDICACION,NO APLICA,CHOQUE,NO APLICA,NO APLICA,NO APLICA,NO APLICA,AUTOMOVIL,KIA,CALI,PARTICULAR,NO APLICA,,
HERIDOS,07/18/2020 12:00:00 AM,2020,1899-12-31T11:17:00.000,MAÑANA,6_SABADO,MERCEDES,CARRERA 28 CALLE 52-51,URBANA,TECNICO,354.605,-7.629.602,CAMBIO DE CARRIL SIN INDICACION,CICLISTA,CHOQUE,NO APLICA,1,PALMA,NO APLICA,BICICLETA,TURISMO,NO APLICA,PARTICULAR,NO APLICA,,
HERIDOS,07/18/2020 12:00:00 AM,2020,1899-12-31T12:20:00.000,TARDE,6_SABADO,URIBE,CALLE 30 CARRERA 20,URBANA,TECNICO,352.613,-7.629.221,DESOBEDECER SEÑALES,MOTOCICLISTA,CHOQUE,1,NO APLICA,RAUL,NO APLICA,MOTO,YAMAHA,PALMIRA,PARTICULAR,NO APLICA,,
HERIDOS,07/18/2020 12:00:00 AM,2020,1899-12-31T12:20:00.000,TARDE,6_SABADO,URIBE,CALLE 30 CARRERA 20,URBANA,TECNICO,352.613,-7.629.221,DESOBEDECER SEÑALES,NO APLICA,CHOQUE,NO APLICA,NO APLICA,NO APLICA,NO APLICA,AUTOMOVIL,RENAULT,PALMIRA,PARTICULAR,NO APLICA,,
HERIDOS,07/18/2020 12:00:00 AM,2020,1899-12-31T12:20:00.000,TARDE,6_SABADO,URIBE,CALLE 30 CARRERA 20,URBANA,TECNICO,352.613,-7.629.221,DESOBEDECER SEÑALES,NO APLICA,CHOQUE,NO APLICA,NO APLICA,NO APLICA,NO APLICA,AUTOMOVIL,KIA,PALMIRA,PARTICULAR,NO APLICA,,
HERIDOS,07/18/2020 12:00:00 AM,2020,1899-12-31T12:20:00.000,TARDE,6_SABADO,URIBE,CALLE 30 CARRERA 20,URBANA,TECNICO,352.613,-7.629.221,DESOBEDECER SEÑALES,NO APLICA,CHOQUE,NO APLICA,NO APLICA,NO APLICA,NO APLICA,AUTOMOVIL,RENAULT,EL CERRITO,PARTICULAR,NO APLICA,,
HERIDOS,07/18/2020 12:00:00 AM,2020,1899-12-31T12:20:00.000,TARDE,6_SABADO,URIBE,CALLE 30 CARRERA 20,URBANA,TECNICO,352.613,-7.629.221,DESOBEDECER SEÑALES,NO APLICA,CHOQUE,NO APLICA,NO APLICA,NO APLICA,NO APLICA,AUTOMOVIL,CHEVROLET,PALMIRA,PARTICULAR,NO APLICA,,
HERIDOS,07/20/2020 12:00:00 AM,2020,1899-12-31T09:30:00.000,MAÑANA,1_LUNES,SAMANES,CARRERA 28 CALLE 47,URBANA,TECNICO,354.223,-7.629.664,SEMAFORO EN ROJO,MOTOCICLISTA,CHOQUE,1,NO APLICA,PALMA,NO APLICA,MOTO,HONDA,GUACARI,PARTICULAR,NO APLICA,,
HERIDOS,07/20/2020 12:00:00 AM,2020,1899-12-31T09:30:00.000,MAÑANA,1_LUNES,SAMANES,CARRERA 28 CALLE 47,URBANA,TECNICO,354.223,-7.629.664,SEMAFORO EN ROJO,MOTOCICLISTA,CHOQUE,1,NO APLICA,PALMA,NO APLICA,MOTO,YAMAHA,PRADERA,PARTICULAR,NO APLICA,,
HERIDOS,07/20/2020 12:00:00 AM,2020,1899-12-31T09:30:00.000,MAÑANA,1_LUNES,SAMANES,CARRERA 28 CALLE 47,URBANA,TECNICO,354.223,-7.629.664,SEMAFORO EN ROJO,ACOMPAÑANTE MOTOCICLISTA,CHOQUE,1,NO APLICA,PALMA,NO APLICA,NO APLICA,NO APLICA,NO APLICA,NO APLICA,NO APLICA,,
HERIDOS,07/20/2020 12:00:00 AM,2020,1899-12-31T09:30:00.000,MAÑANA,1_LUNES,SAMANES,CARRERA 28 CALLE 47,URBANA,TECNICO,354.223,-7.629.664,SEMAFORO EN ROJO,PEATON,CHOQUE,1,NO APLICA,PALMA,NO APLICA,NO APLICA,NO APLICA,NO APLICA,NO APLICA,NO APLICA,,
HERIDOS,07/18/2020 12:00:00 AM,2020,1899-12-31T13:50:00.000,TARDE,1_LUNES,RICON BOSQUE,CALLE 31 CARRERA 7,URBANA,TECNICO,352.558,-7.628.129,NO RESPETAR PRELACION,MOTOCICLISTA,CHOQUE,1,NO APLICA,PALMIRA,NO APLICA,MOTO,YAMAHA,PALMIRA,PARTICULAR,NO APLICA,,
HERIDOS,07/18/2020 12:00:00 AM,2020,1899-12-31T13:50:00.000,TARDE,1_LUNES,RICON BOSQUE,CALLE 31 CARRERA 7,URBANA,TECNICO,352.558,-7.628.129,NO RESPETAR PRELACION,MOTOCICLISTA,CHOQUE,1,NO APLICA,PALMIRA,NO APLICA,MOTO,HONDA,FLORIDA,PARTICULAR,NO APLICA,,
HERIDOS,07/18/2020 12:00:00 AM,2020,1899-12-31T13:50:00.000,TARDE,1_LUNES,RICON BOSQUE,CALLE 31 CARRERA 7,URBANA,TECNICO,352.558,-7.628.129,NO RESPETAR PRELACION,NO APLICA,CHOQUE,NO APLICA,NO APLICA,NO APLICA,NO APLICA,CAMIONETA,ZAYTE,ENVIGADO,PARTICULAR,NO APLICA,,
HERIDOS,07/17/2020 12:00:00 AM,2020,1899-12-31T10:40:00.000,MAÑANA,5_VIERNES,URIBE,CALE 35 CARRERA 22,URBANA,TECNICO,353.133,-7.629.329,DESOBEDECER SEÑALES,NO APLICA,CHOQUE,NO APLICA,NO APLICA,NO APLICA,NO APLICA,AUTOMOVIL,CHEVROLET,PALMIRA,PARTICULAR,NO APLICA,,
HERIDOS,07/17/2020 12:00:00 AM,2020,1899-12-31T10:40:00.000,MAÑANA,5_VIERNES,URIBE,CALE 35 CARRERA 22,URBANA,TECNICO,353.133,-7.629.329,DESOBEDECER SEÑALES,MOTOCICLISTA,CHOQUE,1,NO APLICA,FRACTURAS,NO APLICA,MOTO,AKT,PRADERA,PARTICULAR,NO APLICA,,
HERIDOS,07/19/2020 12:00:00 AM,2020,1899-12-31T04:20:00.000,MADRUGADA,7_DOMINGO,CENTRO,CARRERA 29 CALLE 32,URBANA,TECNICO,352.894,-7.629.947,SEMAFORO EN ROJO,NO APLICA,CHOQUE,NO APLICA,NO APLICA,NO APLICA,NO APLICA,AUTOMOVIL,HYUNDAI,PALMIRA,PARTICULAR,NO APLICA,,
HERIDOS,07/19/2020 12:00:00 AM,2020,1899-12-31T04:20:00.000,MADRUGADA,7_DOMINGO,CENTRO,CARRERA 29 CALLE 32,URBANA,TECNICO,352.894,-7.629.947,SEMAFORO EN ROJO,MOTOCICLISTA,CHOQUE,1,NO APLICA,RAUL,NO APLICA,MOTO,HONDA,FLORIDA,PARTICULAR,NO APLICA,,
DAÑOS,07/18/2020 12:00:00 AM,2020,1899-12-31T16:30:00.000,TARDE,6_SABADO,MERCEDES,DIAGONAL 28 CALLE 57,URBANA,TECNICO,354.795,-7.629.334,DESOBEDECER SEÑALES,NO APLICA,CHOQUE,NO APLICA,NO APLICA,NO APLICA,NO APLICA,AUTOMOVIL,CHEVROLET,CALI,PARTICULAR,NO APLICA,,
DAÑOS,07/18/2020 12:00:00 AM,2020,1899-12-31T16:30:00.000,TARDE,6_SABADO,MERCEDES,DIAGONAL 28 CALLE 57,URBANA,TECNICO,354.795,-7.629.334,DESOBEDECER SEÑALES,NO APLICA,CHOQUE,NO APLICA,NO APLICA,NO APLICA,NO APLICA,MOTO,SUZUKI,CALI,PARTICULAR,NO APLICA,,
HERIDOS,07/18/2020 12:00:00 AM,2020,1899-12-31T10:30:00.000,MAÑANA,6_SABADO,COLOMBIA,CALLE 28 CARRERA13,URBANA,TECNICO,352.389,-762.867,NO ESTAR PENDIENTE DE LA VIA,MOTOCICLISTA,CHOQUE,1,NO APLICA,PALMIRA,NO APLICA,MOTO,AKT,PRADERA,PARTICULAR,NO APLICA,,
HERIDOS,07/18/2020 12:00:00 AM,2020,1899-12-31T10:30:00.000,MAÑANA,6_SABADO,COLOMBIA,CALLE 28 CARRERA13,URBANA,TECNICO,352.389,-762.867,NO ESTAR PENDIENTE DE LA VIA,MOTOCICLISTA,CHOQUE,1,NO APLICA,PALMIRA,NO APLICA,MOTO,HONDA,PRADERA,PARTICULAR,NO APLICA,,
HERIDOS,07/20/2020 12:00:00 AM,2020,1899-12-31T09:30:00.000,MAÑANA,1_LUNES,LA EMILIA,CARRERA 35 CALLE40-22,URBANA,TECNICO,353.759,-7.630.639,NO MANTENER DISTANCIA DE SEGURIDAD,NO APLICA,CHOQUE,NO APLICA,NO APLICA,NO APLICA,NO APLICA,AUTOMOVIL,BMW,BOGOTA,PARTICULAR,NO APLICA,,
HERIDOS,07/20/2020 12:00:00 AM,2020,1899-12-31T09:30:00.000,MAÑANA,1_LUNES,LA EMILIA,CARRERA 35 CALLE40-22,URBANA,TECNICO,353.759,-7.630.639,NO MANTENER DISTANCIA DE SEGURIDAD,MOTOCICLISTA,CHOQUE,1,NO APLICA,PALMA,NO APLICA,MOTO,AKT,PRADERA,PARTICULAR,NO APLICA,,
HERIDOS,07/21/2020 12:00:00 AM,2020,1899-12-31T10:30:00.000,MAÑANA,2_MARTES,CUIDAD DEL CAMPO,CALLE 100 CARRERA 16,RURAL,TECNICO,3.4563,-7.646.925,NO RESPETAR PRELACION,MOTOCICLISTA,CHOQUE,1,NO APLICA,VALLE SALUD,NO APLICA,MOTO,AKT,PRADERA,PARTICULAR,NO APLICA,,
HERIDOS,07/21/2020 12:00:00 AM,2020,1899-12-31T10:30:00.000,MAÑANA,2_MARTES,CUIDAD DEL CAMPO,CALLE 100 CARRERA 16,RURAL,TECNICO,3.4563,-7.646.925,NO RESPETAR PRELACION,NO APLICA,CHOQUE,NO APLICA,NO APLICA,NO APLICA,NO APLICA,AUTOMOVIL,KIA,CALI,PARTICULAR,NO APLICA,,
DAÑOS,07/21/2020 12:00:00 AM,2020,1899-12-31T17:00:00.000,TARDE,2_MARTES,NUEVO,CARRERA 32 CALLE 26,URBANA,TECNICO,352.404,-7.630.296,DESOBEDECER SEÑALES,NO APLICA,CHOQUE,NO APLICA,NO APLICA,NO APLICA,NO APLICA,AUTOMOVIL,MAZDA,SANTANDER,PARTICULAR,NO APLICA,,
DAÑOS,07/21/2020 12:00:00 AM,2020,1899-12-31T17:00:00.000,TARDE,2_MARTES,NUEVO,CARRERA 32 CALLE 26,URBANA,TECNICO,352.404,-7.630.296,DESOBEDECER SEÑALES,NO APLICA,CHOQUE,NO APLICA,NO APLICA,NO APLICA,NO APLICA,CAMPERO,KIA,BOGOTA,PARTICULAR,NO APLICA,,
HERIDOS,08/20/2020 12:00:00 AM,2020,1899-12-31T13:15:00.000,TARDE,4_JUEVES,CHAPINERO,CARRERA 31 CALLE 18,URBANA,TECNICO,351.708,-7.630.349,DESOBEDECER SEÑALES,MOTOCICLISTA,CHOQUE,1,NO APLICA,PALMIRA,NO APLICA,MOTO,BAJAJ,PALMIRA,PARTICULAR,NO APLICA,,
HERIDOS,07/22/2020 12:00:00 AM,2020,1899-12-31T17:50:00.000,TARDE,3_MIERCOLES,SESQUI,CARRERA 32 CALLE 12-13,URBANA,TECNICO,351.174,-7.630.661,NO MANTENER DISTANCIA DE SEGURIDAD,NO APLICA,CHOQUE,NO APLICA,NO APLICA,NO APLICA,NO APLICA,AUTOMOVIL,RENAULT,PALMIRA,PARTICULAR,NO APLICA,,
HERIDOS,07/22/2020 12:00:00 AM,2020,1899-12-31T17:50:00.000,TARDE,3_MIERCOLES,SESQUI,CARRERA 32 CALLE 12-13,URBANA,TECNICO,351.174,-7.630.661,NO MANTENER DISTANCIA DE SEGURIDAD,MOTOCICLISTA,CHOQUE,1,NO APLICA,PALMIRA,NO APLICA,MOTO,HONDA,FLORIDA,PARTICULAR,NO APLICA,,
HERIDOS,07/22/2020 12:00:00 AM,2020,1899-12-31T18:30:00.000,NOCHE,3_MIERCOLES,BIZERTA,CALLE 37 CARRERA 20,URBANA,TECNICO,353.282,-7.629.138,DESOBEDECER SEÑALES,MOTOCICLISTA,CHOQUE,1,NO APLICA,PALMIRA,NO APLICA,MOTO,HONDA,CALI,PARTICULAR,NO APLICA,,
HERIDOS,07/22/2020 12:00:00 AM,2020,1899-12-31T18:30:00.000,NOCHE,3_MIERCOLES,BIZERTA,CALLE 37 CARRERA 20,URBANA,TECNICO,353.282,-7.629.138,DESOBEDECER SEÑALES,NO APLICA,CHOQUE,NO APLICA,NO APLICA,NO APLICA,NO APLICA,MOTO,AKT,CALI,PARTICULAR,NO APLICA,,
HERIDOS,07/22/2020 12:00:00 AM,2020,1899-12-31T19:30:00.000,NOCHE,3_MIERCOLES,URIBE,CARRERA 21 CALLE 32-52,URBANA,TECNICO,352.828,-7.629.277,POR ESTABLECER,MOTOCICLISTA,CHOQUE,1,NO APLICA,PALMIRA,NO APLICA,MOTO,TVS,PALMIRA,PARTICULAR,NO APLICA,,
DAÑOS,07/22/2020 12:00:00 AM,2020,1899-12-31T19:50:00.000,NOCHE,3_MIERCOLES,LLANO GRANDE,CARRERA 43 CALLE 47A-49,URBANA,TECNICO,354.272,-7.631.492,IMPERICIA EN MANEJO,NO APLICA,CHOQUE,NO APLICA,NO APLICA,NO APLICA,NO APLICA,AUTOMOVIL,KIA,PALMIRA,PUBLICO,PALMERAS,,
DAÑOS,07/22/2020 12:00:00 AM,2020,1899-12-31T19:50:00.000,NOCHE,3_MIERCOLES,LLANO GRANDE,CARRERA 43 CALLE 47A-49,URBANA,TECNICO,354.272,-7.631.492,IMPERICIA EN MANEJO,NO APLICA,CHOQUE,NO APLICA,NO APLICA,NO APLICA,NO APLICA,BUSETA,CHEVROLET,LETICIA,PUBLICO,TRANSUCOL,,
HERIDOS,07/22/2020 12:00:00 AM,2020,1899-12-31T11:30:00.000,MAÑANA,3_MIERCOLES,VIA CORONA ROZO,KM 8 + 72 MTS,RURAL,TECNICO,358.557,-7.633.807,ADELANTAR EN CURVA,MOTOCICLISTA,CHOQUE,1,NO APLICA,PALMA,NO APLICA,MOTO,AKT,PRADERA,PARTICULAR,NO APLICA,,
HERIDOS,07/22/2020 12:00:00 AM,2020,1899-12-31T11:30:00.000,MAÑANA,3_MIERCOLES,VIA CORONA ROZO,KM 8 + 72 MTS,RURAL,TECNICO,358.557,-7.633.807,ADELANTAR EN CURVA,CONDUCTOR,CHOQUE,1,NO APLICA,PALMIRA,NO APLICA,CAMIONETA,NISSAN,BOGOTA,PARTICULAR,NO APLICA,,
HERIDOS,07/22/2020 12:00:00 AM,2020,1899-12-31T11:30:00.000,MAÑANA,3_MIERCOLES,VIA CORONA ROZO,KM 8 + 72 MTS,RURAL,TECNICO,358.557,-7.633.807,ADELANTAR EN CURVA,ACOMPAÑANTE MOTOCICLISTA,CHOQUE,1,NO APLICA,PALMA,NO APLICA,NO APLICA,NO APLICA,NO APLICA,NO APLICA,NO APLICA,,
HERIDOS,07/22/2020 12:00:00 AM,2020,1899-12-31T11:30:00.000,MAÑANA,3_MIERCOLES,VIA CORONA ROZO,KM 8 + 72 MTS,RURAL,TECNICO,358.557,-7.633.807,ADELANTAR EN CURVA,ACOMPAÑANTE MOTOCICLISTA,CHOQUE,1,NO APLICA,PALMA,NO APLICA,NO APLICA,NO APLICA,NO APLICA,NO APLICA,NO APLICA,,
DAÑOS,07/24/2020 12:00:00 AM,2020,1899-12-31T08:00:00.000,MAÑANA,5_VIERNES,OBRERO,CALLE 35 CARRERA 24,URBANA,TECNICO,353.155,-7.629.498,DESOBEDECER SEÑALES,NO APLICA,CHOQUE,NO APLICA,NO APLICA,NO APLICA,NO APLICA,AUTOMOVIL,MAZDA,CALI,PARTICULAR,NO APLICA,,
DAÑOS,07/24/2020 12:00:00 AM,2020,1899-12-31T08:00:00.000,MAÑANA,5_VIERNES,OBRERO,CALLE 35 CARRERA 24,URBANA,TECNICO,353.155,-7.629.498,DESOBEDECER SEÑALES,NO APLICA,CHOQUE,NO APLICA,NO APLICA,NO APLICA,NO APLICA,AUTOMOVIL,HYUNDAI,PALMIRA,PUBLICO,NO APLICA,,
DAÑOS,07/24/2020 12:00:00 AM,2020,1899-12-31T16:30:00.000,TARDE,5_VIERNES,CENTRO,CALLE 29 CARRERA 31,URBANA,TECNICO,353.155,-7.629.498,SEMAFORO EN ROJO,NO APLICA,CHOQUE,NO APLICA,NO APLICA,NO APLICA,NO APLICA,AUTOMOVIL,CHEVROLET,GUACARI,PARTICULAR,NO APLICA,,
DAÑOS,07/24/2020 12:00:00 AM,2020,1899-12-31T16:30:00.000,TARDE,5_VIERNES,CENTRO,CALLE 29 CARRERA 31,URBANA,TECNICO,353.155,-7.629.498,SEMAFORO EN ROJO,NO APLICA,CHOQUE,NO APLICA,NO APLICA,NO APLICA,NO APLICA,MOTO,AKT,PRADERA,PARTICULAR,NO APLICA,,
HERIDOS,07/24/2020 12:00:00 AM,2020,1899-12-31T20:30:00.000,NOCHE,5_VIERNES,URIBE,CALLE 34 CARRERA 23,URBANA,TECNICO,353.057,-7.629.416,DESOBEDECER SEÑALES,NO APLICA,CHOQUE,NO APLICA,NO APLICA,NO APLICA,NO APLICA,AUTOMOVIL,CHEVROLET,CALI,PARTICULAR,NO APLICA,,
HERIDOS,07/24/2020 12:00:00 AM,2020,1899-12-31T20:30:00.000,NOCHE,5_VIERNES,URIBE,CALLE 34 CARRERA 23,URBANA,TECNICO,353.057,-7.629.416,DESOBEDECER SEÑALES,CICLISTA,CHOQUE,1,NO APLICA,RAUL,NO APLICA,BICICLETA,SUPER,NO APLICA,PARTICULAR,NO APLICA,,
HERIDOS,07/24/2020 12:00:00 AM,2020,1899-12-31T20:30:00.000,NOCHE,5_VIERNES,URIBE,CALLE 34 CARRERA 23,URBANA,TECNICO,353.057,-7.629.416,DESOBEDECER SEÑALES,ACOMPAÑANTE CICLISTA,CHOQUE,1,NO APLICA,RAUL,NO APLICA,NO APLICA,NO APLICA,NO APLICA,NO APLICA,NO APLICA,,
DAÑOS,07/25/2020 12:00:00 AM,2020,1899-12-31T06:30:00.000,MAÑANA,6_SABADO,CENTRO,CALLE 31 CARRERA 33,URBANA,TECNICO,352.859,-763.032,SEMAFORO EN ROJO,NO APLICA,CHOQUE,NO APLICA,NO APLICA,NO APLICA,NO APLICA,MOTO,BAJAJ,GUACARI,PARTICULAR,NO APLICA,,
DAÑOS,07/25/2020 12:00:00 AM,2020,1899-12-31T06:30:00.000,MAÑANA,6_SABADO,CENTRO,CALLE 31 CARRERA 33,URBANA,TECNICO,352.859,-763.032,SEMAFORO EN ROJO,NO APLICA,CHOQUE,NO APLICA,NO APLICA,NO APLICA,NO APLICA,AUTOMOVIL,CHEVROLET,GUACARI,PARTICULAR,NO APLICA,,
HERIDOS,07/25/2020 12:00:00 AM,2020,1899-12-31T17:00:00.000,TARDE,6_SABADO,LOS SAUSES,CALLE 35 CARRERA 2-11,URBANA,TECNICO,353.112,-7.627.854,EMBRIAGUEZ,NO APLICA,CHOQUE,NO APLICA,NO APLICA,NO APLICA,NO APLICA,AUTOMOVIL,CHEVROLET,CALI,PARTICULAR,NO APLICA,,
HERIDOS,07/25/2020 12:00:00 AM,2020,1899-12-31T17:00:00.000,TARDE,6_SABADO,LOS SAUSES,CALLE 35 CARRERA 2-11,URBANA,TECNICO,353.112,-7.627.854,EMBRIAGUEZ,MOTOCICLISTA,CHOQUE,1,NO APLICA,PALMIRA,NO APLICA,MOTO,TVS,PALMIRA,PARTICULAR,NO APLICA,,
HERIDOS,07/27/2020 12:00:00 AM,2020,1899-12-31T11:05:00.000,MAÑANA,1_LUNES,URIBE,CALLE 35 CARRERA 20,URBANA,TECNICO,3.5311,-7.629.159,DESOBEDECER SEÑALES,NO APLICA,CHOQUE,NO APLICA,NO APLICA,NO APLICA,NO APLICA,AUTOMOVIL,RENAULT,TULUA,PARTICULAR,NO APLICA,,
HERIDOS,07/27/2020 12:00:00 AM,2020,1899-12-31T11:05:00.000,MAÑANA,1_LUNES,URIBE,CALLE 35 CARRERA 20,URBANA,TECNICO,3.5311,-7.629.159,DESOBEDECER SEÑALES,MOTOCICLISTA,CHOQUE,1,NO APLICA,PALMA,NO APLICA,MOTO,HONDA,MIRANDA,PARTICULAR,NO APLICA,,
DAÑOS,07/28/2020 12:00:00 AM,2020,1899-12-31T11:30:00.000,MAÑANA,2_MARTES,LOS MANGOS,CARRERA 28 CALLE 70 -33,URBANA,TECNICO,355.729,-7.629.125,NO MANTENER DISTANCIA DE SEGURIDAD,NO APLICA,CHOQUE,NO APLICA,NO APLICA,NO APLICA,NO APLICA,CAMION,JAC,GUACARI,PUBLICO,NO APLICA,,
DAÑOS,07/28/2020 12:00:00 AM,2020,1899-12-31T11:30:00.000,MAÑANA,2_MARTES,LOS MANGOS,CARRERA 28 CALLE 70 -33,URBANA,TECNICO,355.729,-7.629.125,NO MANTENER DISTANCIA DE SEGURIDAD,NO APLICA,CHOQUE,NO APLICA,NO APLICA,NO APLICA,NO APLICA,CAMIONETA,CHEVROLET,GINEBRA,PARTICULAR,NO APLICA,,
DAÑOS,07/28/2020 12:00:00 AM,2020,1899-12-31T12:05:00.000,TARDE,2_MARTES,PRADO,CARRERA 41 CALLE 35-14,URBANA,TECNICO,353.213,-7.631.136,ARRANCAR SIN PRECAUCION,NO APLICA,CHOQUE,NO APLICA,NO APLICA,NO APLICA,NO APLICA,CAMION,FORD,CALI,PUBLICO,NO APLICA,,
DAÑOS,07/28/2020 12:00:00 AM,2020,1899-12-31T12:05:00.000,TARDE,2_MARTES,PRADO,CARRERA 41 CALLE 35-14,URBANA,TECNICO,353.213,-7.631.136,ARRANCAR SIN PRECAUCION,NO APLICA,CHOQUE,NO APLICA,NO APLICA,NO APLICA,NO APLICA,AUTOMOVIL,MAZDA,ZARZAL,PARTICULAR,NO APLICA,,
DAÑOS,07/28/2020 12:00:00 AM,2020,1899-12-31T11:10:00.000,MAÑANA,2_MARTES,CENTRO,CALLE 28 CARRRA 28-29,URBANA,TECNICO,352.532,-7.629.939,DEJAR PASAJEROS EN LA VIA,NO APLICA,CHOQUE,NO APLICA,NO APLICA,NO APLICA,NO APLICA,AUTOMOVIL,DAEWOO,PALMIRA,PUBLICO,UNITAX,,
DAÑOS,07/28/2020 12:00:00 AM,2020,1899-12-31T11:10:00.000,MAÑANA,2_MARTES,CENTRO,CALLE 28 CARRRA 28-29,URBANA,TECNICO,352.532,-7.629.939,DEJAR PASAJEROS EN LA VIA,NO APLICA,CHOQUE,NO APLICA,NO APLICA,NO APLICA,NO APLICA,CAMIONETA,TOYOTA,CALI,PARTICULAR,NO APLICA,,
DAÑOS,07/29/2020 12:00:00 AM,2020,1899-12-31T11:00:00.000,MAÑANA,3_MIERCOLES,VIA PALMIRA TIENDA NUEVA,KM 3 + 800 MTS,RURAL,TECNICO,354.798,-7.625.897,NO MANTENER DISTANCIA DE SEGURIDAD,NO APLICA,CHOQUE,NO APLICA,NO APLICA,NO APLICA,NO APLICA,CAMIONETA,FORD,CALI,PARTICULAR,NO APLICA,,
DAÑOS,07/29/2020 12:00:00 AM,2020,1899-12-31T11:00:00.000,MAÑANA,3_MIERCOLES,VIA PALMIRA TIENDA NUEVA,KM 3 + 800 MTS,RURAL,TECNICO,354.798,-7.625.897,NO MANTENER DISTANCIA DE SEGURIDAD,NO APLICA,CHOQUE,NO APLICA,NO APLICA,NO APLICA,NO APLICA,CAMPERO,RENAULT,PALMIRA,PARTICULAR,NO APLICA,,
DAÑOS,07/30/2020 12:00:00 AM,2020,1899-12-31T10:00:00.000,MAÑANA,4_JUEVES,CENTRO,CARRERA 27 CALLE 26,URBANA,TECNICO,352.324,-7.629.869,NO MANTENER DISTANCIA DE SEGURIDAD,NO APLICA,CHOQUE,NO APLICA,NO APLICA,NO APLICA,NO APLICA,AUTOMOVIL,CHEVROLET,CALI,PARTICULAR,NO APLICA,,
DAÑOS,07/30/2020 12:00:00 AM,2020,1899-12-31T10:00:00.000,MAÑANA,4_JUEVES,CENTRO,CARRERA 27 CALLE 26,URBANA,TECNICO,352.324,-7.629.869,NO MANTENER DISTANCIA DE SEGURIDAD,NO APLICA,CHOQUE,NO APLICA,NO APLICA,NO APLICA,NO APLICA,CAMIONETA,FORD,BOGOTA,PARTICULAR,NO APLICA,,
DAÑOS,07/29/2020 12:00:00 AM,2020,1899-12-31T16:00:00.000,TARDE,3_MIERCOLES,SANTA BARBARA,CALLE 44 CARRERA 26-31,URBANA,TECNICO,353.904,-7.629.561,REVERSA INPRUDENTE,NO APLICA,CHOQUE,NO APLICA,NO APLICA,NO APLICA,NO APLICA,AUTOMOVIL,MAZDA,BOGOTA,PARTICULAR,NO APLICA,,