GRAVEDAD,FECHA,AÑO,HORA,JORNADA,DIA_SEMANA,BARRIOS-COREGIMIENTO- VIA,DIRECCION,ZONA,AUTORIDAD,LAT,LONG,HIPOTESIS,CONDICION DE LA VICTIMA,CLASE DE SINIESTRO,LESIONADO,HOMICIDIOS,CLINICA,SITIO,CLASE VEHICULO,MARCA,MATRICULA,TIPO DE SERVICIO,EMPRESA, , 
DAÑOS,08/25/2020 12:00:00 AM,2020,1899-12-31T17:15:00.000,TARDE,2_MARTES,CENTRO,CARRERA 32 CALLE 28 -56,URBANA,TECNICO,352.596,-7.630.267,NO MANTENER  DISTANCIA DE SEGURIDAD,NO APLICA,CHOQUE,NO APLICA,NO APLICA,NO APLICA,NO APLICA,AUTOMOVIL,NISSAN,CALI,PARTICULAR,NO APLICA,,
DAÑOS,08/25/2020 12:00:00 AM,2020,1899-12-31T17:15:00.000,TARDE,2_MARTES,CENTRO,CARRERA 32 CALLE 28 -56,URBANA,TECNICO,352.596,-7.630.267,NO MANTENER  DISTANCIA DE SEGURIDAD,NO APLICA,CHOQUE,NO APLICA,NO APLICA,NO APLICA,NO APLICA,AUTOMOVIL,CHEVROLET,PALMIRA,PARTICULAR,NO APLICA,,
HERIDOS,08/25/2020 12:00:00 AM,2020,1899-12-31T17:05:00.000,TARDE,2_MARTES,EMILIA,CARRERA 35 CALLE 41-06,URBANA,TECNICO,353.823,-7.630.659,IMPERICIA EN EL MANEJO,MOTOCICLISTA,CHOQUE,1,NO APLICA,PALMA,NO APLICA,MOTO,HONDA,PALMIRA,PARTICULAR,NO APLICA,,
HERIDOS,08/25/2020 12:00:00 AM,2020,1899-12-31T17:05:00.000,TARDE,2_MARTES,EMILIA,CARRERA 35 CALLE 41-06,URBANA,TECNICO,353.823,-7.630.659,IMPERICIA EN EL MANEJO,NO APLICA,CHOQUE,NO APLICA,NO APLICA,NO APLICA,NO APLICA,MOTO,JIANLIGN,CALI,PARTICULAR,NO APLICA,,
HERIDOS,08/25/2020 12:00:00 AM,2020,1899-12-31T17:05:00.000,TARDE,2_MARTES,EMILIA,CARRERA 35 CALLE 41-06,URBANA,TECNICO,353.823,-7.630.659,IMPERICIA EN EL MANEJO,ACOMPAÑANTE MOTOCICLISTA,CHOQUE,1,NO APLICA,PALMA,NO APLICA,NO APLICA,NO APLICA,NO APLICA,NO APLICA,NO APLICA,,
DAÑOS,08/26/2020 12:00:00 AM,2020,1899-12-31T14:30:00.000,TARDE,3_MIERCOLES,CENTRO,CALLE 29 CARRERA 31,URBANA,TECNICO,352.651,-7.630.183,SEMAFORO EN ROJO,NO APLICA,CHOQUE,NO APLICA,NO APLICA,NO APLICA,NO APLICA,MOTO,KIMCO,PRADERA,PARTICULAR,NO APLICA,,
DAÑOS,08/26/2020 12:00:00 AM,2020,1899-12-31T14:30:00.000,TARDE,3_MIERCOLES,CENTRO,CALLE 29 CARRERA 31,URBANA,TECNICO,352.651,-7.630.183,SEMAFORO EN ROJO,NO APLICA,CHOQUE,NO APLICA,NO APLICA,NO APLICA,NO APLICA,AUTOMOVIL,VOLKWAGEN,CALI,PARTICULAR,NO APLICA,,
DAÑOS,08/20/2020 12:00:00 AM,2020,1899-12-31T21:00:00.000,NOCHE,4_JUEVES,CENTRO,CARRERA 32 CALLE28,URBANA,TECNICO,352.582,-7.630.268,SEMAFORO EN ROJO,NO APLICA,CHOQUE,NO APLICA,NO APLICA,NO APLICA,NO APLICA,BUS,CHEVROLET,PALMIRA,PUBLICO,NO APLICA,,
DAÑOS,08/20/2020 12:00:00 AM,2020,1899-12-31T21:00:00.000,NOCHE,4_JUEVES,CENTRO,CARRERA 32 CALLE28,URBANA,TECNICO,352.582,-7.630.268,SEMAFORO EN ROJO,NO APLICA,CHOQUE,NO APLICA,NO APLICA,NO APLICA,NO APLICA,AUTOMOVIL,VOLKWAGEN,CALI,PARTICULAR,NO APLICA,,
HERIDOS,08/23/2020 12:00:00 AM,2020,1899-12-31T11:00:00.000,MAÑANA,7_DOMINGO,NUEVO,CARRERA 32 CALLE 20,URBANA,TECNICO,351.905,-7.630.382,SEMAFORO EN ROJO,MOTOCICLISTA,CHOQUE,1,NO APLICA,RAUL,NO APLICA,MOTO,HONDA,FLORIDA,PARTICULAR,NO APLICA,,
HERIDOS,08/23/2020 12:00:00 AM,2020,1899-12-31T11:00:00.000,MAÑANA,7_DOMINGO,NUEVO,CARRERA 32 CALLE 20,URBANA,TECNICO,351.905,-7.630.382,SEMAFORO EN ROJO,MOTOCICLISTA,CHOQUE,1,NO APLICA,RAUL,NO APLICA,MOTO,HONDA,GUACARI,PARTICULAR,NO APLICA,,
HERIDOS,08/23/2020 12:00:00 AM,2020,1899-12-31T11:00:00.000,MAÑANA,7_DOMINGO,NUEVO,CARRERA 32 CALLE 20,URBANA,TECNICO,351.905,-7.630.382,SEMAFORO EN ROJO,ACOMPAÑANTE MOTOCICLISTA,CHOQUE,1,NO APLICA,RAUL,NO APLICA,NO APLICA,NO APLICA,NO APLICA,NO APLICA,NO APLICA,,
HERIDOS,08/25/2020 12:00:00 AM,2020,1899-12-31T10:20:00.000,MAÑANA,2_MARTES,NUEVO,CARRERA 30 CALLE 25,URBANA,TECNICO,352.299,-7.630.146,DESOBEDECER SEÑALES,NO APLICA,ATROPELLO,NO APLICA,NO APLICA,NO APLICA,NO APLICA,MOTO,HONDA,FLORIDA,PARTICULAR,NO APLICA,,
HERIDOS,08/25/2020 12:00:00 AM,2020,1899-12-31T10:20:00.000,MAÑANA,2_MARTES,NUEVO,CARRERA 30 CALLE 25,URBANA,TECNICO,352.299,-7.630.146,DESOBEDECER SEÑALES,NO APLICA,ATROPELLO,1,NO APLICA,PALMIRA,NO APLICA,NO APLICA,NO APLICA,NO APLICA,NO APLICA,NO APLICA,,
DAÑOS,08/25/2020 12:00:00 AM,2020,1899-12-31T11:00:00.000,MAÑANA,2_MARTES,DELICIAS,CARRERA 26 CALLE 27-18,URBANA,TECNICO,352.445,-7.629.764,NO ESTAR PENDIENTE DE LA VIA,NO APLICA,CHOQUE,NO APLICA,NO APLICA,NO APLICA,NO APLICA,AUTOMOVIL,MAZDA,CALI,PARTICULAR,NO APLICA,,
DAÑOS,08/25/2020 12:00:00 AM,2020,1899-12-31T11:00:00.000,MAÑANA,2_MARTES,DELICIAS,CARRERA 26 CALLE 27-18,URBANA,TECNICO,352.445,-7.629.764,NO ESTAR PENDIENTE DE LA VIA,NO APLICA,CHOQUE,NO APLICA,NO APLICA,NO APLICA,NO APLICA,MOTO,YAMAHA,PRADERA,PARTICULAR,NO APLICA,,
HERIDOS,08/25/2020 12:00:00 AM,2020,1899-12-31T12:10:00.000,TARDE,2_MARTES,TRINIDAD,CALLE 28 CARRERA 23,URBANA,TECNICO,352.473,-7.629.501,DESOBEDECER SEÑALES,MOTOCICLISTA,CHOQUE,1,NO APLICA,RAUL,NO APLICA,MOTO,AUTECO,GUACARI,PARTICULAR,NO APLICA,,
HERIDOS,08/25/2020 12:00:00 AM,2020,1899-12-31T12:10:00.000,TARDE,2_MARTES,TRINIDAD,CALLE 28 CARRERA 23,URBANA,TECNICO,352.473,-7.629.501,DESOBEDECER SEÑALES,NO APLICA,CHOQUE,NO APLICA,NO APLICA,NO APLICA,NO APLICA,CAMIONETA,VOLKWAGEN,CALI,PARTICULAR,NO APLICA,,
DAÑOS,08/26/2020 12:00:00 AM,2020,1899-12-31T12:10:00.000,TARDE,3_MIERCOLES,URIBE,CALLE 33 CARRERA 23,URBANA,TECNICO,352.969,-7.629.427,DESOBEDECER SEÑALES,NO APLICA,CHOQUE,NO APLICA,NO APLICA,NO APLICA,NO APLICA,AUTOMOVIL,RENAULT,CALI,PARTICULAR,NO APLICA,,
DAÑOS,08/26/2020 12:00:00 AM,2020,1899-12-31T12:10:00.000,TARDE,3_MIERCOLES,URIBE,CALLE 33 CARRERA 23,URBANA,TECNICO,352.969,-7.629.427,DESOBEDECER SEÑALES,NO APLICA,CHOQUE,NO APLICA,NO APLICA,NO APLICA,NO APLICA,MOTO,HONDA,PALMIRA,PARTICULAR,NO APLICA,,
HERIDOS,08/27/2020 12:00:00 AM,2020,1899-12-31T20:45:00.000,NOCHE,4_JUEVES,COLOMBINA,CALLE 30 CARRERA 14,URBANA,TECNICO,352.541,-7.628.736,PONER EN MARCHA UN VEHICULO SIN PRECAUCION,NO APLICA,CHOQUE,NO APLICA,NO APLICA,NO APLICA,NO APLICA,CAMIONETA,CHEVROLET,CUNDINAMARCA,PARTICULAR,NO APLICA,,
HERIDOS,08/27/2020 12:00:00 AM,2020,1899-12-31T20:45:00.000,NOCHE,4_JUEVES,COLOMBINA,CALLE 30 CARRERA 14,URBANA,TECNICO,352.541,-7.628.736,PONER EN MARCHA UN VEHICULO SIN PRECAUCION,MOTOCICLISTA,CHOQUE,1,NO APLICA,RAUL,NO APLICA,MOTO,HERO,FLORIDA,PARTICULAR,NO APLICA,,
DAÑOS,08/28/2020 12:00:00 AM,2020,1899-12-31T13:50:00.000,TARDE,5_VIERNES,ZAMORANO,CALLE 60 CARRERA 28,URBANA,TECNICO,355.073,-7.629.418,NO MANTENER DISTANCIA,NO APLICA,CHOQUE,NO APLICA,NO APLICA,NO APLICA,NO APLICA,AUTOMOVIL,MAZDA,PALMIRA,PARTICULAR,NO APLICA,,
DAÑOS,08/28/2020 12:00:00 AM,2020,1899-12-31T13:50:00.000,TARDE,5_VIERNES,ZAMORANO,CALLE 60 CARRERA 28,URBANA,TECNICO,355.073,-7.629.418,NO MANTENER DISTANCIA,NO APLICA,CHOQUE,NO APLICA,NO APLICA,NO APLICA,NO APLICA,AUTOMOVIL,CHEVROLET,CALI,PARTICULAR,NO APLICA,,
HERIDOS,08/29/2020 12:00:00 AM,2020,1899-12-31T00:05:00.000,MADRUGADA,6_SABADO,COLOMBIA,CARRERA 33 CALLE 34,URBANA,TECNICO,353.189,-7.630.293,DESOBEDECER SEÑALES,MOTOCICLISTA,CHOQUE,1,NO APLICA,PALMIRA,NO APLICA,MOTO,AKT,PALMIRA,PARTICULAR,NO APLICA,,
HERIDOS,08/29/2020 12:00:00 AM,2020,1899-12-31T00:05:00.000,MADRUGADA,6_SABADO,COLOMBIA,CARRERA 33 CALLE 34,URBANA,TECNICO,353.189,-7.630.293,DESOBEDECER SEÑALES,NO APLICA,CHOQUE,NO APLICA,NO APLICA,NO APLICA,NO APLICA,AUTOMOVIL,RENAULT,PALMIRA,PARTICULAR,NO APLICA,,
HERIDOS,08/29/2020 12:00:00 AM,2020,1899-12-31T15:15:00.000,TARDE,6_SABADO,UIRBE,CARRERA 23 CALLE 34,URBANA,TECNICO,353.057,-7.629.415,DESOBEDECER SEÑALES,MOTOCICLISTA,CHOQUE,1,NO APLICA,PALMIRA,NO APLICA,MOTO,TVS,PALMIRA,PARTICULAR,NO APLICA,,
HERIDOS,08/29/2020 12:00:00 AM,2020,1899-12-31T15:15:00.000,TARDE,6_SABADO,UIRBE,CARRERA 23 CALLE 34,URBANA,TECNICO,353.057,-7.629.415,DESOBEDECER SEÑALES,MOTOCICLISTA,CHOQUE,1,NO APLICA,PALMIRA,NO APLICA,MOTO,AKT,PRADERA,PARTICULAR,NO APLICA,,
HERIDOS,08/29/2020 12:00:00 AM,2020,1899-12-31T15:15:00.000,TARDE,6_SABADO,UIRBE,CARRERA 23 CALLE 34,URBANA,TECNICO,353.057,-7.629.415,DESOBEDECER SEÑALES,ACOMPAÑANTE MOTOCICLISTA,CHOQUE,1,NO APLICA,PALMIRA,NO APLICA,NO APLICA,NO APLICA,NO APLICA,NO APLICA,NO APLICA,,
HERIDOS,08/29/2020 12:00:00 AM,2020,1899-12-31T21:30:00.000,NOCHE,6_SABADO,VERSALLE S,CALLE 42 CARRERA 30-29,URBANA,TECNICO,353.807,-7.629.899,SEMAFORO EN ROJO,MOTOCICLISTA,CHOQUE,1,NO APLICA,RAUL,NO APLICA,MOTO,HERO,PRADERA,PARTICULAR,NO APLICA,,
HERIDOS,08/29/2020 12:00:00 AM,2020,1899-12-31T21:30:00.000,NOCHE,6_SABADO,VERSALLE S,CALLE 42 CARRERA 30-29,URBANA,TECNICO,353.807,-7.629.899,SEMAFORO EN ROJO,CICLISTA,CHOQUE,1,NO APLICA,RAUL,NO APLICA,BICICLETA,NO APLICA,NO APLICA,PARTICULAR,NO APLICA,,
HERIDOS,08/29/2020 12:00:00 AM,2020,1899-12-31T12:30:00.000,TARDE,6_SABADO,TRINIDAD,CALLE 28 CARRERA 24,URBANA,TECNICO,352.481,-7.629.579,DESOBEDECER SEÑALES,MOTOCICLISTA,CHOQUE,1,NO APLICA,PALMIRA,NO APLICA,MOTO,BAJAJ,PALMIRA,PARTICULAR,NO APLICA,,
HERIDOS,08/29/2020 12:00:00 AM,2020,1899-12-31T12:30:00.000,TARDE,6_SABADO,TRINIDAD,CALLE 28 CARRERA 24,URBANA,TECNICO,352.481,-7.629.579,DESOBEDECER SEÑALES,NO APLICA,CHOQUE,NO APLICA,NO APLICA,NO APLICA,NO APLICA,MOTO,BAJAJ,GINEBRA,PARTICULAR,NO APLICA,,
HERIDOS,08/29/2020 12:00:00 AM,2020,1899-12-31T12:30:00.000,TARDE,6_SABADO,TRINIDAD,CALLE 28 CARRERA 24,URBANA,TECNICO,352.481,-7.629.579,DESOBEDECER SEÑALES,ACOMPAÑANTE MOTOCICLISTA,CHOQUE,1,NO APLICA,PALMIRA,NO APLICA,NO APLICA,NO APLICA,NO APLICA,NO APLICA,NO APLICA,,
DAÑOS,08/29/2020 12:00:00 AM,2020,1899-12-31T14:00:00.000,TARDE,6_SABADO,OBRERO,CARRERA 26 CALLE 41,URBANA,TECNICO,353.692,-7.629.558,DESOBEDECER SEÑALES,NO APLICA,CHOQUE,NO APLICA,NO APLICA,NO APLICA,NO APLICA,CAMIONETA,MITSUBISHI,PUERTO LETICIA,PARTICULAR,NO APLICA,,
DAÑOS,08/29/2020 12:00:00 AM,2020,1899-12-31T14:00:00.000,TARDE,6_SABADO,OBRERO,CARRERA 26 CALLE 41,URBANA,TECNICO,353.692,-7.629.558,DESOBEDECER SEÑALES,NO APLICA,CHOQUE,NO APLICA,NO APLICA,NO APLICA,NO APLICA,AUTOMOVIL,HYUNDAI,PALMIRA,PARTICULAR,NO APLICA,,
HERIDOS,08/29/2020 12:00:00 AM,2020,1899-12-31T17:50:00.000,TARDE,6_SABADO,VIA CORONA ROZO,PUENTE MALINBU,RURAL,TECNICO,358.009,-7.632.765,INVADIR CARRIL SENTIDO CONTRARIO,NO APLICA,CHOQUE,NO APLICA,NO APLICA,NO APLICA,NO APLICA,AUTOMOVIL,KIA,SOGAMOSO,PARTICULAR,NO APLICA,,
HERIDOS,08/29/2020 12:00:00 AM,2020,1899-12-31T17:50:00.000,TARDE,6_SABADO,VIA CORONA ROZO,PUENTE MALINBU,RURAL,TECNICO,358.009,-7.632.765,INVADIR CARRIL SENTIDO CONTRARIO,CONDUCTOR,CHOQUE,1,NO APLICA,PALMA,NO APLICA,CAMIONETA,CHEVROLET,DOS QUEBRADAS,PARTICULAR,NO APLICA,,
DAÑOS,08/30/2020 12:00:00 AM,2020,1899-12-31T17:40:00.000,TARDE,7_DOMINGO,MERCEDES,CALLE 57 CARRERA 25,URBANA,TECNICO,354.774,-7.628.965,ADELANTAR PÒR LA DERECHA,NO APLICA,CHOQUE,NO APLICA,NO APLICA,NO APLICA,NO APLICA,MOTO,YAMAHA,CALI,PARTICULAR,NO APLICA,,
DAÑOS,08/30/2020 12:00:00 AM,2020,1899-12-31T17:40:00.000,TARDE,7_DOMINGO,MERCEDES,CALLE 57 CARRERA 25,URBANA,TECNICO,354.774,-7.628.965,ADELANTAR PÒR LA DERECHA,NO APLICA,CHOQUE,NO APLICA,NO APLICA,NO APLICA,NO APLICA,AUTOMOVIL,NISSAN,PALMIRA,PARTICULAR,NO APLICA,,
HERIDOS,08/30/2020 12:00:00 AM,2020,1899-12-31T17:30:00.000,TARDE,7_DOMINGO,CENTRO POBLADO LA TORRE,CALLE 10 CARRERA 18A,URBANA,TECNICO,361.842,-7.642.307,NO MANTENER DISTANCIA DE SEGURIDAD,MOTOCICLISTA,CHOQUE,1,NO APLICA,RAUL,NO APLICA,MOTO,HONDA,CALI,PARTICULAR,NO APLICA,,
HERIDOS,08/30/2020 12:00:00 AM,2020,1899-12-31T17:30:00.000,TARDE,7_DOMINGO,CENTRO POBLADO LA TORRE,CALLE 10 CARRERA 18A,URBANA,TECNICO,361.842,-7.642.307,NO MANTENER DISTANCIA DE SEGURIDAD,MOTOCICLISTA,CHOQUE,1,NO APLICA,PALMIRA,NO APLICA,MOTO,AUTECO,CANDELARIA,PARTICULAR,NO APLICA,,
HERIDOS,08/26/2020 12:00:00 AM,2020,1899-12-31T07:00:00.000,MAÑANA,3_MIERCOLES,NUEVO,CARRERA 29 CALLE 27,URBANA,TECNICO,352.456,-7.630.013,DESOBEDECER SEÑALES,NO APLICA,CHOQUE,NO APLICA,NO APLICA,NO APLICA,NO APLICA,MOTO,TVS,GUACARI,PARTICULAR,NO APLICA,,
HERIDOS,08/26/2020 12:00:00 AM,2020,1899-12-31T07:00:00.000,MAÑANA,3_MIERCOLES,NUEVO,CARRERA 29 CALLE 27,URBANA,TECNICO,352.456,-7.630.013,DESOBEDECER SEÑALES,CICLISTA,CHOQUE,1,NO APLICA,PALMIRA,NO APLICA,BICICLETA,NO APLICA,NO APLICA,PARTICULAR,NO APLICA,,
HERIDOS,08/26/2020 12:00:00 AM,2020,1899-12-31T07:00:00.000,MAÑANA,3_MIERCOLES,NUEVO,CARRERA 29 CALLE 27,URBANA,TECNICO,352.456,-7.630.013,DESOBEDECER SEÑALES,NO APLICA,CHOQUE,NO APLICA,NO APLICA,NO APLICA,NO APLICA,MOTO,HONDA,CALI,PARTICULAR,NO APLICA,,
DAÑOS,08/30/2020 12:00:00 AM,2020,1899-12-31T00:30:00.000,MADRUGADA,7_DOMINGO,ESTONIA,CALLE 42 CARRERA 32,URBANA,TECNICO,353.839,-7.630.088,NO ESTAR PENDIENTE DE LA VIA,NO APLICA,CHOQUE,NO APLICA,NO APLICA,NO APLICA,NO APLICA,CAMIONETA,FORD,CALI,PARTICULAR,NO APLICA,,
DAÑOS,08/30/2020 12:00:00 AM,2020,1899-12-31T00:30:00.000,MADRUGADA,7_DOMINGO,ESTONIA,CALLE 42 CARRERA 32,URBANA,TECNICO,353.839,-7.630.088,NO ESTAR PENDIENTE DE LA VIA,NO APLICA,CHOQUE,NO APLICA,NO APLICA,NO APLICA,NO APLICA,AUTOMOVIL,VOLKWAGEN,CALI,PARTICULAR,NO APLICA,,
HERIDOS,08/29/2020 12:00:00 AM,2020,1899-12-31T16:20:00.000,TARDE,6_SABADO,ITALIA,CARRERA 28 CALE 4b,URBANA,TECNICO,350.097,-7.629.934,CRUZAR SIN OBSERVAR,NO APLICA,ATROPELLO,NO APLICA,NO APLICA,NO APLICA,NO APLICA,AUTOMOVIL,KIA,PALMIRA,PUBLICO,NO APLICA,,
HERIDOS,08/29/2020 12:00:00 AM,2020,1899-12-31T16:20:00.000,TARDE,6_SABADO,ITALIA,CARRERA 28 CALE 4b,URBANA,TECNICO,350.097,-7.629.934,CRUZAR SIN OBSERVAR,PEATON,ATROPELLO,1,NO APLICA,RAUL,NO APLICA,NO APLICA,NO APLICA,NO APLICA,NO APLICA,NO APLICA,,
DAÑOS,08/29/2020 12:00:00 AM,2020,1899-12-31T23:00:00.000,NOCHE,6_SABADO,SAN PEDRO,CALLE 36 CARERA 19-18,URBANA,TECNICO,353.178,-7.629.088,TRANSITAR EN CONTRA VIA,NO APLICA,CHOQUE,NO APLICA,NO APLICA,NO APLICA,NO APLICA,AUTOMOVIL,MAZDA,POPAYAN,PARTICULAR,NO APLICA,,
HERIDOS,08/29/2020 12:00:00 AM,2020,13:00,TARDE,6_SABADO,GUAYACANES,CARRERA 17 CALLE 23-24,URBANA,TECNICO,352.077,-76.29,GIRAR BRUSCAMENTE,NO APLICA,ATROPELLO,NO APLICA,NO APLICA,NO APLICA,NO APLICA,MOTO,YAMAHA,CARTAGO,PARTICULAR,NO APLICA,,
HERIDOS,08/29/2020 12:00:00 AM,2020,13:00,TARDE,6_SABADO,GUAYACANES,CARRERA 17 CALLE 23-24,URBANA,TECNICO,352.077,-76.29,GIRAR BRUSCAMENTE,PEATON,ATROPELLO,1,NO APLICA,PALMIRA,NO APLICA,NO APLICA,NO APLICA,NO APLICA,NO APLICA,NO APLICA,,
MUERTO,08/21/2020 12:00:00 AM,2020,1899-12-31T14:05:00.000,TARDE,5_VIERNES,NUEVO,CARRERA 31 CALLE 22,URBANA,TECNICO,352.061,-7.630.281,NO REDUCIR LA VELOCIDA EN INTERSECCION,MOTOCICLISTA,ATROPELLO,1,NO APLICA,PALMA,NO APLICA,MOTO,HONDA,FLORIDA,PARTICULAR,NO APLICA,,
MUERTO,08/21/2020 12:00:00 AM,2020,1899-12-31T14:05:00.000,TARDE,5_VIERNES,NUEVO,CARRERA 31 CALLE 22,URBANA,TECNICO,352.061,-7.630.281,NO REDUCIR LA VELOCIDA EN INTERSECCION,PEATON,ATROPELLO,NO APLICA,1,PALMA,NO APLICA,NO APLICA,NO APLICA,NO APLICA,NO APLICA,NO APLICA,,
DAÑOS,09/01/2020 12:00:00 AM,2020,1899-12-31T10:10:00.000,TARDE,2_MARTES,SANTA ISABEL,CARRERA 28 CALLE 46-20,URBANA,TECNICO,3.5717,-762.666,NO MANTENER DISTANCIA,NO APLICA,CHOQUE,NO APLICA,NO APLICA,NO APLICA,NO APLICA,AUTOMOVIL,DAEWOO,CALI,PARTICULAR,NO APLICA,,
DAÑOS,09/01/2020 12:00:00 AM,2020,1899-12-31T10:10:00.000,TARDE,2_MARTES,SANTA ISABEL,CARRERA 28 CALLE 46-20,URBANA,TECNICO,3.5717,-762.666,NO MANTENER DISTANCIA,NO APLICA,CHOQUE,NO APLICA,NO APLICA,NO APLICA,NO APLICA,CAMPERO,SUZUKI,SABANETA,PARTICULAR,NO APLICA,,
DAÑOS,09/01/2020 12:00:00 AM,2020,1899-12-31T11:10:00.000,MAÑANA,2_MARTES,INDUSTRIAL,CALLE 42 CARRERA 35 SUR,URBANA,TECNICO,3.5383,-763.064,ADELANTAR PÒR LA DERECHA,NO APLICA,CHOQUE,NO APLICA,NO APLICA,NO APLICA,NO APLICA,CAMPERO,CHEVROLET,GUACARI,PARTICULAR,NO APLICA,,
DAÑOS,09/01/2020 12:00:00 AM,2020,1899-12-31T11:10:00.000,MAÑANA,2_MARTES,INDUSTRIAL,CALLE 42 CARRERA 35 SUR,URBANA,TECNICO,3.5383,-763.064,ADELANTAR PÒR LA DERECHA,NO APLICA,CHOQUE,NO APLICA,NO APLICA,NO APLICA,NO APLICA,CAMIONETA,TOYOTA,EL CERRITO,PARTICULAR,NO APLICA,,
DAÑOS,09/01/2020 12:00:00 AM,2020,1899-12-31T12:00:00.000,TARDE,2_MARTES,COLOMBIA,CALLE 33 CARRERA 31,URBANA,TECNICO,3.5307,-763.009,SEMAFORO EN ROJO,NO APLICA,CHOQUE,NO APLICA,NO APLICA,NO APLICA,NO APLICA,AUTOMOVIL,MAZDA,PALMIRA,PARTICULAR,NO APLICA,,
HERIDOS,09/01/2020 12:00:00 AM,2020,1899-12-31T10:50:00.000,MAÑANA,2_MARTES,NUEVO,CALLE 27 CARRERA 33,URBANA,TECNICO,3.5252,-763.035,DESOBEDECER SEÑALES,NO APLICA,CHOQUE,NO APLICA,NO APLICA,NO APLICA,NO APLICA,AUTOMOVIL,KIA,CALI,PARTICULAR,NO APLICA,,
HERIDOS,09/01/2020 12:00:00 AM,2020,1899-12-31T10:50:00.000,MAÑANA,2_MARTES,NUEVO,CALLE 27 CARRERA 33,URBANA,TECNICO,3.5252,-763.035,DESOBEDECER SEÑALES,MOTOCICLISTA,CHOQUE,1,NO APLICA,PALMIRA,NO APLICA,MOTO,HONDA,FLORIDA,PARTICULAR,NO APLICA,,
HERIDOS,09/01/2020 12:00:00 AM,2020,1899-12-31T10:50:00.000,MAÑANA,2_MARTES,NUEVO,CALLE 27 CARRERA 33,URBANA,TECNICO,3.5252,-763.035,DESOBEDECER SEÑALES,ACOMPAÑANTE MOTOCICLISTA,CHOQUE,1,NO APLICA,PALMIRA,NO APLICA,NO APLICA,NO APLICA,NO APLICA,NO APLICA,NO APLICA,,
DAÑOS,08/01/2020 12:00:00 AM,2020,1899-12-31T15:30:00.000,TARDE,2_MARTES,URIBE,CALLE 30 CARRERA 21-50,URBANA,TECNICO,352.626,-7.629.332,ARRANCAR SIN PRECAUCION,NO APLICA,CHOQUE,NO APLICA,NO APLICA,NO APLICA,NO APLICA,CAMION,JMC,TULUA,PARTICULAR,NO APLICA,,
DAÑOS,08/01/2020 12:00:00 AM,2020,1899-12-31T15:30:00.000,TARDE,2_MARTES,URIBE,CALLE 30 CARRERA 21-50,URBANA,TECNICO,352.626,-7.629.332,ARRANCAR SIN PRECAUCION,NO APLICA,CHOQUE,NO APLICA,NO APLICA,NO APLICA,NO APLICA,AUTOMOVIL,MAZDA,CALI,PARTICULAR,NO APLICA,,
HERIDOS,09/01/2020 12:00:00 AM,2020,1899-12-31T20:00:00.000,NOCHE,2_MARTES,LAS FLORES,CALLE 30 CARRERA 1,URBANA,TECNICO,352.096,-7.627.796,NO RESPETAR PRELACION,MOTOCICLISTA,CHOQUE,1,NO APLICA,PALMA,NO APLICA,MOTO,YAMAHA,CALI,PARTICULAR,NO APLICA,,
HERIDOS,09/01/2020 12:00:00 AM,2020,1899-12-31T20:00:00.000,NOCHE,2_MARTES,LAS FLORES,CALLE 30 CARRERA 1,URBANA,TECNICO,352.096,-7.627.796,NO RESPETAR PRELACION,MOTOCICLISTA,CHOQUE,1,NO APLICA,PALMA,NO APLICA,MOTO,SUZUKI,PALMIRA,PARTICULAR,NO APLICA,,
HERIDOS,09/02/2020 12:00:00 AM,2020,1899-12-31T21:07:00.000,NOCHE,3_MIERCOLES,SESQUI,CALLE 11 CARRERA 27,URBANA,TECNICO,351.028,-7.630.021,DESOBEDECER SEÑALES,MOTOCICLISTA,CHOQUE,1,NO APLICA,PALMIRA,NO APLICA,MOTO,HONDA,FLORIDA,PARTICULAR,NO APLICA,,
HERIDOS,09/02/2020 12:00:00 AM,2020,1899-12-31T21:07:00.000,NOCHE,3_MIERCOLES,SESQUI,CALLE 11 CARRERA 27,URBANA,TECNICO,351.028,-7.630.021,DESOBEDECER SEÑALES,NO APLICA,CHOQUE,NO APLICA,NO APLICA,NO APLICA,NO APLICA,AUTOMOVIL,KIA,PALMIRA,PUBLICO,PALMERAS,,
HERIDOS,09/03/2020 12:00:00 AM,2020,1899-12-31T16:20:00.000,TARDE,4_JUEVES,URIBE,CARRERA 23 CALLE 34,URBANA,TECNICO,353.057,-7.629.415,DESOBEDECER SEÑALES,NO APLICA,CHOQUE,NO APLICA,NO APLICA,NO APLICA,NO APLICA,CAMIONETA,CHEVROLET,PALMIRA,PARTICULAR,NO APLICA,,
HERIDOS,09/03/2020 12:00:00 AM,2020,1899-12-31T16:20:00.000,TARDE,4_JUEVES,URIBE,CARRERA 23 CALLE 34,URBANA,TECNICO,353.057,-7.629.415,DESOBEDECER SEÑALES,MOTOCICLISTA,CHOQUE,1,NO APLICA,PALMIRA,NO APLICA,MOTO,HONDA,IBAGUE,PARTICULAR,NO APLICA,,
HERIDOS,09/04/2020 12:00:00 AM,2020,1899-12-31T15:50:00.000,TARDE,5_VIERNES,URIBE,CALLE 34 CARRERA 23,URBANA,TECNICO,353.057,-7.629.415,DESOBEDECER SEÑALES,NO APLICA,CHOQUE,NO APLICA,NO APLICA,NO APLICA,NO APLICA,CAMIONETA,KIA,FLORIDA,PARTICULAR,NO APLICA,,