GRAVEDAD,FECHA,AÑO,HORA,JORNADA,DIA_SEMANA,BARRIOS-COREGIMIENTO- VIA,DIRECCION,ZONA,AUTORIDAD,LAT,LONG,HIPOTESIS,CONDICION DE LA VICTIMA,CLASE DE SINIESTRO,LESIONADO,HOMICIDIOS,CLINICA,SITIO,CLASE VEHICULO,MARCA,MATRICULA,TIPO DE SERVICIO,EMPRESA, , 
HERIDOS,09/04/2020 12:00:00 AM,2020,1899-12-31T15:50:00.000,TARDE,5_VIERNES,URIBE,CALLE 34 CARRERA 23,URBANA,TECNICO,353.057,-7.629.415,DESOBEDECER SEÑALES,MOTOCICLISTA,CHOQUE,1,NO APLICA,RAUL,NO APLICA,MOTO,AUTECO,PRADERA,PARTICULAR,NO APLICA,,
HERIDOS,09/03/2020 12:00:00 AM,2020,1899-12-31T18:50:00.000,NOCHE,4_JUEVES,PRADO,CALLE 36 CARRERA 41,URBANA,TECNICO,353.324,-7.631.136,ARRANCAR SIN PRECAUCION,MOTOCICLISTA,CHOQUE,1,NO APLICA,PALMA,NO APLICA,MOTO,HONDA,FLORIDA,PARTICULAR,NO APLICA,,
HERIDOS,09/03/2020 12:00:00 AM,2020,1899-12-31T18:50:00.000,NOCHE,4_JUEVES,PRADO,CALLE 36 CARRERA 41,URBANA,TECNICO,353.324,-7.631.136,ARRANCAR SIN PRECAUCION,NO APLICA,CHOQUE,NO APLICA,NO APLICA,NO APLICA,NO APLICA,AUTOMOVIL,MAZDA,PALMIRA,PUBLICO,UNION  TAXIS,,
HERIDOS,09/03/2020 12:00:00 AM,2020,1899-12-31T18:50:00.000,NOCHE,4_JUEVES,PRADO,CALLE 36 CARRERA 41,URBANA,TECNICO,353.324,-7.631.136,ARRANCAR SIN PRECAUCION,ACOMPAÑANTE MOTOCICLISTA,CHOQUE,1,NO APLICA,PALMA,NO APLICA,NO APLICA,NO APLICA,NO APLICA,NO APLICA,NO APLICA,,
HERIDOS,09/05/2020 12:00:00 AM,2020,1899-12-31T06:15:00.000,MAÑANA,6_SABADO,SANTA ISABEL,CARRERA 28 CALLE 43,URBANA,TECNICO,353.884,-7.629.721,NO MANTENER DISTANCIA,MOTOCICLISTA,CHOQUE,1,NO APLICA,FRACTURAS,NO APLICA,MOTO,AUTECO,PRADERA,PARTICULAR,NO APLICA,,
HERIDOS,09/05/2020 12:00:00 AM,2020,1899-12-31T06:15:00.000,MAÑANA,6_SABADO,SANTA ISABEL,CARRERA 28 CALLE 43,URBANA,TECNICO,353.884,-7.629.721,NO MANTENER DISTANCIA,MOTOCICLISTA,CHOQUE,1,NO APLICA,FRACTURAS,NO APLICA,MOTO,AKT,PALMIRA,PARTICULAR,NO APLICA,,
DAÑOS,09/05/2020 12:00:00 AM,2020,1899-12-31T07:50:00.000,MAÑANA,6_SABADO,SANTA RITA,CALE 33 CARRERA 26,URBANA,TECNICO,353.007,-7.629.667,ARRANCAR SIN PRECAUCION,NO APLICA,CHOQUE,NO APLICA,NO APLICA,NO APLICA,NO APLICA,MOTO,HERO,PRADERA,PARTICULAR,NO APLICA,,
DAÑOS,09/05/2020 12:00:00 AM,2020,1899-12-31T07:50:00.000,MAÑANA,6_SABADO,SANTA RITA,CALE 33 CARRERA 26,URBANA,TECNICO,353.007,-7.629.667,ARRANCAR SIN PRECAUCION,NO APLICA,CHOQUE,NO APLICA,NO APLICA,NO APLICA,NO APLICA,AUTOMOVIL,KIA,CALI,PARTICULAR,NO APLICA,,
HERIDOS,09/05/2020 12:00:00 AM,2020,1899-12-31T08:00:00.000,MAÑANA,6_SABADO,AMERICAS,CARRERA 24 CALLE 13,URBANA,TECNICO,351.216,-7.629.589,ARRANCAR SIN PRECAUCION,MOTOCICLISTA,CHOQUE,1,NO APLICA,FRACTURAS,NO APLICA,MOTO,HONDA,GUACARI,PARTICULAR,NO APLICA,,
HERIDOS,09/05/2020 12:00:00 AM,2020,1899-12-31T08:00:00.000,MAÑANA,6_SABADO,AMERICAS,CARRERA 24 CALLE 13,URBANA,TECNICO,351.216,-7.629.589,ARRANCAR SIN PRECAUCION,NO APLICA,CHOQUE,NO APLICA,NO APLICA,NO APLICA,NO APLICA,AUTOMOVIL,CHEVROLET,PRADERA,PARTICULAR,NO APLICA,,
HERIDOS,09/05/2020 12:00:00 AM,2020,1899-12-31T14:30:00.000,TARDE,6_SABADO,ESTONIA,CARRERA 32 CALLE 46,URBANA,TECNICO,3.5415,-7.630.071,ARRANCAR SIN PRECAUCION,MOTOCICLISTA,CHOQUE,1,NO APLICA,PALMA,NO APLICA,MOTO,BAJAJ,FLORIDA,PARTICULAR,NO APLICA,,
HERIDOS,09/05/2020 12:00:00 AM,2020,1899-12-31T14:30:00.000,TARDE,6_SABADO,ESTONIA,CARRERA 32 CALLE 46,URBANA,TECNICO,3.5415,-7.630.071,ARRANCAR SIN PRECAUCION,NO APLICA,CHOQUE,NO APLICA,NO APLICA,NO APLICA,NO APLICA,AUTOMOVIL,MAZDA,CALI,PARTICULAR,NO APLICA,,
HERIDOS,09/05/2020 12:00:00 AM,2020,1899-12-31T14:30:00.000,TARDE,6_SABADO,ESTONIA,CARRERA 32 CALLE 46,URBANA,TECNICO,3.5415,-7.630.071,ARRANCAR SIN PRECAUCION,ACOMPAÑANTE MOTOCICLISTA,CHOQUE,1,NO APLICA,PALMA,NO APLICA,NO APLICA,NO APLICA,NO APLICA,NO APLICA,NO APLICA,,
DAÑOS,09/05/2020 12:00:00 AM,2020,1899-12-31T19:50:00.000,NOCHE,6_SABADO,PRADO,CALLE 36 CARRERA 40,URBANA,TECNICO,353.324,-7.631.004,DESOBEDECER SEÑALES,NO APLICA,CHOQUE,NO APLICA,NO APLICA,NO APLICA,NO APLICA,MOTO,SUZUKI,PALMIRA,PARTICULAR,NO APLICA,,
DAÑOS,09/05/2020 12:00:00 AM,2020,1899-12-31T19:50:00.000,NOCHE,6_SABADO,PRADO,CALLE 36 CARRERA 40,URBANA,TECNICO,353.324,-7.631.004,DESOBEDECER SEÑALES,NO APLICA,CHOQUE,NO APLICA,NO APLICA,NO APLICA,NO APLICA,AUTOMOVIL,MAZDA,CALI,PARTICULAR,NO APLICA,,
DAÑOS,09/06/2020 12:00:00 AM,2020,1899-12-31T17:30:00.000,TARDE,7_DOMINGO,PRIMERO DE MAYO,CALLE 42 CARRERA 19-18,URBANA,TECNICO,353.703,-7.629.117,HACER MAL USO DL CARRIL,NO APLICA,CHOQUE,NO APLICA,NO APLICA,NO APLICA,NO APLICA,AUTOMOVIL,RENAULT,BOGOTA,PARTICULAR,NO APLICA,,
DAÑOS,09/06/2020 12:00:00 AM,2020,1899-12-31T17:30:00.000,TARDE,7_DOMINGO,PRIMERO DE MAYO,CALLE 42 CARRERA 19-18,URBANA,TECNICO,353.703,-7.629.117,HACER MAL USO DL CARRIL,NO APLICA,CHOQUE,NO APLICA,NO APLICA,NO APLICA,NO APLICA,AUTOMOVIL,CHEVROLET,CALI,PARTICULAR,NO APLICA,,
DAÑOS,09/04/2020 12:00:00 AM,2020,1899-12-31T11:30:00.000,MAÑANA,5_VIERNES,ESTONIA,CALLE 42 CARRERA 32,URBANA,TECNICO,3.5383,-763.008,PONERSE ALFRENTE DE OTRO VEHICULO,NO APLICA,CHOQUE,NO APLICA,NO APLICA,NO APLICA,NO APLICA,MOTO,YAMAHA,PALMIRA,PARTICULAR,NO APLICA,,
DAÑOS,09/04/2020 12:00:00 AM,2020,1899-12-31T11:30:00.000,MAÑANA,5_VIERNES,ESTONIA,CALLE 42 CARRERA 32,URBANA,TECNICO,3.5383,-763.008,PONERSE ALFRENTE DE OTRO VEHICULO,NO APLICA,CHOQUE,NO APLICA,NO APLICA,NO APLICA,NO APLICA,TRACTO CAMION,KENWORT,MIRANDA,PUBLICO,JE CASAS ASOCIADOS,,
HERIDOS,09/06/2020 12:00:00 AM,2020,1899-12-31T00:10:00.000,MADRUGADA,7_DOMINGO,NUEVO,CARRERA 32 CALLE 21,URBANA,TECNICO,3.5198,-763.035,PERDIDA DEL CONTROL,MOTOCICLISTA,VOLCAMIENTO,1,NO APLICA,PALMIRA,NO APLICA,MOTO,HONDA,PALMIRA,PARTICULAR,NO APLICA,,
HERIDOS,09/06/2020 12:00:00 AM,2020,1899-12-31T00:10:00.000,MADRUGADA,7_DOMINGO,NUEVO,CARRERA 32 CALLE 21,URBANA,TECNICO,3.5198,-763.035,PERDIDA DEL CONTROL,MOTOCICLISTA,VOLCAMIENTO,1,NO APLICA,PALMIRA,NO APLICA,NO APLICA,NO APLICA,NO APLICA,NO APLICA,NO APLICA,,
DAÑOS,09/05/2020 12:00:00 AM,2020,1899-12-31T16:20:00.000,TARDE,6_SABADO,ESTONIA,CALLE 44 CARRERA 32-33,URBANA,TECNICO,353.981,-7.630.091,NO ESTAR PENDIENTE DE VIA,NO APLICA,CHOQUE,NO APLICA,NO APLICA,NO APLICA,NO APLICA,CAMIONETA,FORD,BOGOTA,PARTICULAR,NO APLICA,,
DAÑOS,09/05/2020 12:00:00 AM,2020,1899-12-31T16:20:00.000,TARDE,6_SABADO,ESTONIA,CALLE 44 CARRERA 32-33,URBANA,TECNICO,353.981,-7.630.091,NO ESTAR PENDIENTE DE VIA,NO APLICA,CHOQUE,NO APLICA,NO APLICA,NO APLICA,NO APLICA,CAMION,JAC,GUACARI,PARTICULAR,NO APLICA,,
DAÑOS,09/07/2020 12:00:00 AM,2020,1899-12-31T03:40:00.000,MADRUGADA,1_LUNES,SANTA TERESITA,CALLE 47 CARRERA 35,URBANA,TECNICO,354.259,-763.074,ADELANTAR POR LA DERECHA,NO APLICA,CHOQUE,NO APLICA,NO APLICA,NO APLICA,NO APLICA,MOTO,HONDA,CALI,PARTICULAR,NO APLICA,,
DAÑOS,09/07/2020 12:00:00 AM,2020,1899-12-31T03:40:00.000,MADRUGADA,1_LUNES,SANTA TERESITA,CALLE 47 CARRERA 35,URBANA,TECNICO,354.259,-763.074,ADELANTAR POR LA DERECHA,NO APLICA,CHOQUE,NO APLICA,NO APLICA,NO APLICA,NO APLICA,AUTOMOVIL,KIA,PALMIRA,PARTICULAR,NO APLICA,,
HERIDOS,09/07/2020 12:00:00 AM,2020,1899-12-31T09:30:00.000,MAÑANA,1_LUNES,PRIMERO DE MAYO,CALLE 42 CARRERA 17-37,URBANA,TECNICO,353.702,-7.628.932,DISMINUCION A LA VELOCIDAD,CICLISTA,CHOQUE,1,NO APLICA,PALMA,NO APLICA,BICICLETA,NO APLICA,NO APLICA,PARTICULAR,NO APLICA,,
HERIDOS,09/07/2020 12:00:00 AM,2020,1899-12-31T09:30:00.000,MAÑANA,1_LUNES,PRIMERO DE MAYO,CALLE 42 CARRERA 17-37,URBANA,TECNICO,353.702,-7.628.932,DISMINUCION A LA VELOCIDAD,MOTOCICLISTA,CHOQUE,1,NO APLICA,PALMA,NO APLICA,MOTO,BAJAJ,PALMIRA,PARTICULAR,NO APLICA,,
DAÑOS,09/09/2020 12:00:00 AM,2020,1899-12-31T06:25:00.000,MAÑANA,3_MIERCOLES,SAN PEDRO,CALLE 42 CARRERA 19,URBANA,TECNICO,3.5371,-7.629.086,ADELANTAR EN ZON PROHIBIDA,NO APLICA,CHOQUE,NO APLICA,NO APLICA,NO APLICA,NO APLICA,AUTOMOVIL,CHEVROLET,PALMIRA,PARTICULAR,NO APLICA,,
DAÑOS,09/09/2020 12:00:00 AM,2020,1899-12-31T06:25:00.000,MAÑANA,3_MIERCOLES,SAN PEDRO,CALLE 42 CARRERA 19,URBANA,TECNICO,3.5371,-7.629.086,ADELANTAR EN ZON PROHIBIDA,NO APLICA,CHOQUE,NO APLICA,NO APLICA,NO APLICA,NO APLICA,MOTO,AKT,CALI,PARTICULAR,NO APLICA,,
HERIDOS,09/09/2020 12:00:00 AM,2020,1899-12-31T11:50:00.000,MAÑANA,3_MIERCOLES,URIBE,CALLE 35 CARRERA 21,URBANA,TECNICO,353.121,-7.629.244,DESOBEDECER SEÑALES,MOTOCICLISTA,CHOQUE,1,NO APLICA,FRACTURAS,NO APLICA,MOTO,HONDA,GUACARI,PARTICULAR,NO APLICA,,
HERIDOS,09/09/2020 12:00:00 AM,2020,1899-12-31T11:50:00.000,MAÑANA,3_MIERCOLES,URIBE,CALLE 35 CARRERA 21,URBANA,TECNICO,353.121,-7.629.244,DESOBEDECER SEÑALES,NO APLICA,CHOQUE,NO APLICA,NO APLICA,NO APLICA,NO APLICA,AUTOMOVIL,RENAULT,ARMENIA,PARTICULAR,NO APLICA,,
DAÑOS,09/09/2020 12:00:00 AM,2020,1899-12-31T13:10:00.000,TARDE,3_MIERCOLES,CENTRO,CARRERA 33A CALLE 31-24,URBANA,TECNICO,352.875,-7.630.432,NO TENER PRECAUCION,NO APLICA,CHOQUE,NO APLICA,NO APLICA,NO APLICA,NO APLICA,CAMIONETA,TOYOTA,CALI,PARTICULAR,NO APLICA,,
DAÑOS,09/09/2020 12:00:00 AM,2020,1899-12-31T13:10:00.000,TARDE,3_MIERCOLES,CENTRO,CARRERA 33A CALLE 31-24,URBANA,TECNICO,352.875,-7.630.432,NO TENER PRECAUCION,NO APLICA,CHOQUE,NO APLICA,NO APLICA,NO APLICA,NO APLICA,TRACTO CAMION,FREIGHHMER,YUMBO,PUBLICO,RTR LTDA,,
HERIDOS,09/10/2020 12:00:00 AM,2020,1899-12-31T06:30:00.000,MAÑANA,4_JUEVES,COLOMBIA,CALLE 33 CARRERA 33,URBANA,TECNICO,353.103,-76.303,SEMAFORO EN ROJO,NO APLICA,CHOQUE,NO APLICA,NO APLICA,NO APLICA,NO APLICA,AUTOMOVIL,MAZDA,CALI,PARTICULAR,NO APLICA,,
HERIDOS,09/10/2020 12:00:00 AM,2020,1899-12-31T06:30:00.000,MAÑANA,4_JUEVES,COLOMBIA,CALLE 33 CARRERA 33,URBANA,TECNICO,353.103,-76.303,SEMAFORO EN ROJO,NO APLICA,CHOQUE,NO APLICA,NO APLICA,NO APLICA,NO APLICA,MOTO,HERO,PALMIRA,PARTICULAR,NO APLICA,,
HERIDOS,09/10/2020 12:00:00 AM,2020,1899-12-31T06:30:00.000,MAÑANA,4_JUEVES,COLOMBIA,CALLE 33 CARRERA 33,URBANA,TECNICO,353.103,-76.303,SEMAFORO EN ROJO,ACOMPAÑANTE MOTOCICLISTA,CHOQUE,1,NO APLICA,NO APLICA,NO APLICA,NO APLICA,NO APLICA,NO APLICA,NO APLICA,NO APLICA,,
DAÑOS,09/10/2020 12:00:00 AM,2020,1899-12-31T09:15:00.000,MAÑANA,4_JUEVES,ESTONIA,CALLE 44 CARRERA 34C-33,URBANA,TECNICO,354.005,-7.630.238,NO ESTAR PNDIENTE DE LA VIA Y DEMAS CONDUCTORES,NO APLICA,CHOQUE,NO APLICA,NO APLICA,NO APLICA,NO APLICA,CAMIONETA,TOYOTA,CALI,PARTICULAR,NO APLICA,,
DAÑOS,09/10/2020 12:00:00 AM,2020,1899-12-31T09:15:00.000,MAÑANA,4_JUEVES,ESTONIA,CALLE 44 CARRERA 34C-33,URBANA,TECNICO,354.005,-7.630.238,NO ESTAR PNDIENTE DE LA VIA Y DEMAS CONDUCTORES,NO APLICA,CHOQUE,NO APLICA,NO APLICA,NO APLICA,NO APLICA,BUS,CHEVROLET,GUACARI,PUBLICO,ESPECIALES MEJIA,,
HERIDOS,09/10/2020 12:00:00 AM,2020,1899-12-31T09:50:00.000,MAÑANA,4_JUEVES,COLOMBIA,CALLE 33 CARRERA 33,URBANA,TECNICO,353.103,-7.630.299,NO MANTENER DISTANCIA,NO APLICA,CHOQUE,NO APLICA,NO APLICA,NO APLICA,NO APLICA,MOTO,BAJAJ,PALMIRA,PARTICULAR,NO APLICA,,
HERIDOS,09/10/2020 12:00:00 AM,2020,1899-12-31T09:50:00.000,MAÑANA,4_JUEVES,COLOMBIA,CALLE 33 CARRERA 33,URBANA,TECNICO,353.103,-7.630.299,NO MANTENER DISTANCIA,NO APLICA,CHOQUE,NO APLICA,NO APLICA,NO APLICA,NO APLICA,AUTOMOVIL,HYUNDAI,PALMIRA,PARTICULAR,NO APLICA,,
HERIDOS,09/10/2020 12:00:00 AM,2020,1899-12-31T09:50:00.000,MAÑANA,4_JUEVES,COLOMBIA,CALLE 33 CARRERA 33,URBANA,TECNICO,353.103,-7.630.299,NO MANTENER DISTANCIA,ACOMPAÑANTE MOTOCICLISTA,CHOQUE,1,NO APLICA,FRACTURAS,NO APLICA,NO APLICA,NO APLICA,NO APLICA,NO APLICA,NO APLICA,,
HERIDOS,09/09/2020 12:00:00 AM,2020,1899-12-31T15:15:00.000,TARDE,3_MIERCOLES,URIBE,CALLE 34 CARRERA 23,URBANA,TECNICO,353.058,-7.629.418,DESOBEDECER SEÑALES,NO APLICA,CHOQUE,NO APLICA,NO APLICA,NO APLICA,NO APLICA,AUTOMOVIL,HYUNDAI,PALMIRA,PUBLICO,NO APLICA,,
HERIDOS,09/09/2020 12:00:00 AM,2020,1899-12-31T15:15:00.000,TARDE,3_MIERCOLES,URIBE,CALLE 34 CARRERA 23,URBANA,TECNICO,353.058,-7.629.418,DESOBEDECER SEÑALES,NO APLICA,CHOQUE,NO APLICA,NO APLICA,NO APLICA,NO APLICA,AUTOMOVIL,CHEVROLET,PALMIRA,PARTICULAR,NO APLICA,,
HERIDOS,09/09/2020 12:00:00 AM,2020,1899-12-31T15:15:00.000,TARDE,3_MIERCOLES,URIBE,CALLE 34 CARRERA 23,URBANA,TECNICO,353.058,-7.629.418,DESOBEDECER SEÑALES,PASAJERO,CHOQUE,1,NO APLICA,RAUL,NO APLICA,NO APLICA,NO APLICA,NO APLICA,NO APLICA,NO APLICA,,
HERIDOS,09/09/2020 12:00:00 AM,2020,1899-12-31T16:30:00.000,TARDE,3_MIERCOLES,LAS VEGAS,CARRERA 13 CALLE 39,URBANA,TECNICO,353.505,-7.628.578,DESOBEDECER SEÑALES,NO APLICA,CHOQUE,NO APLICA,NO APLICA,NO APLICA,NO APLICA,CAMIONETA,TOYOTA,CALI,PARTICULAR,NO APLICA,,
HERIDOS,09/09/2020 12:00:00 AM,2020,1899-12-31T16:30:00.000,TARDE,3_MIERCOLES,LAS VEGAS,CARRERA 13 CALLE 39,URBANA,TECNICO,353.505,-7.628.578,DESOBEDECER SEÑALES,MOTOCICLISTA,CHOQUE,1,NO APLICA,PALMA,NO APLICA,MOTO,YAMAHA,GINEBRA,PARTICULAR,NO APLICA,,
HERIDOS,09/09/2020 12:00:00 AM,2020,1899-12-31T16:30:00.000,TARDE,3_MIERCOLES,LAS VEGAS,CARRERA 13 CALLE 39,URBANA,TECNICO,353.505,-7.628.578,DESOBEDECER SEÑALES,ACOMPAÑANTE MOTOCICLISTA,CHOQUE,1,NO APLICA,PALMIRA,NO APLICA,NO APLICA,NO APLICA,NO APLICA,NO APLICA,NO APLICA,,
HERIDOS,09/09/2020 12:00:00 AM,2020,1899-12-31T14:20:00.000,TARDE,3_MIERCOLES,SANTA RITA,CARRERA 28 CALLE 38,URBANA,TECNICO,3.5348,-7.629.775,NO ESTAR PENDIENTE DE LA VIA,NO APLICA,CHOQUE,NO APLICA,NO APLICA,NO APLICA,NO APLICA,AUTOMOVIL,CHEVROLET,PRADERA,PARTICULAR,NO APLICA,,
HERIDOS,09/09/2020 12:00:00 AM,2020,1899-12-31T14:20:00.000,TARDE,3_MIERCOLES,SANTA RITA,CARRERA 28 CALLE 38,URBANA,TECNICO,3.5348,-7.629.775,NO ESTAR PENDIENTE DE LA VIA,MOTOCICLISTA,CHOQUE,1,NO APLICA,RAUL,NO APLICA,MOTO,VICTORY,FLORIDA,PARTICULAR,NO APLICA,,
HERIDOS,09/10/2020 12:00:00 AM,2020,1899-12-31T05:30:00.000,MADRUGADA,4_JUEVES,SESQUI,CARRERA 24 CALLE 12B-12A,URBANA,TECNICO,351.059,-7.629.587,INVADIR CARRIL SENTIDO CONTRARIO,MOTOCICLISTA,CHOQUE,1,NO APLICA,PALMIRA,NO APLICA,MOTO,AKT,PRADERA,PARTICULAR,NO APLICA,,
HERIDOS,09/10/2020 12:00:00 AM,2020,1899-12-31T05:30:00.000,MADRUGADA,4_JUEVES,SESQUI,CARRERA 24 CALLE 12B-12A,URBANA,TECNICO,351.059,-7.629.587,INVADIR CARRIL SENTIDO CONTRARIO,MOTOCICLISTA,CHOQUE,1,NO APLICA,RAUL,NO APLICA,MOTO,AKT,PRADERA,PARTICULAR,NO APLICA,,
HERIDOS,09/10/2020 12:00:00 AM,2020,1899-12-31T05:30:00.000,MADRUGADA,4_JUEVES,SESQUI,CARRERA 24 CALLE 12B-12A,URBANA,TECNICO,351.059,-7.629.587,INVADIR CARRIL SENTIDO CONTRARIO,ACOMPAÑANTE MOTOCICLISTA,CHOQUE,1,NO APLICA,PALMIRA,NO APLICA,NO APLICA,NO APLICA,NO APLICA,NO APLICA,NO APLICA,,
DAÑOS,09/12/2020 12:00:00 AM,2020,1899-12-31T15:10:00.000,TARDE,6_SABADO,PATIO BONITO,CARRERA 19 CALLE 32,URBANA,TECNICO,352.857,-7.629.033,DESOBEDECER SEÑALES,NO APLICA,CHOQUE,NO APLICA,NO APLICA,NO APLICA,NO APLICA,AUTOMOVIL,FORD,CALI,PARTICULAR,NO APLICA,,
DAÑOS,09/12/2020 12:00:00 AM,2020,1899-12-31T15:10:00.000,TARDE,6_SABADO,PATIO BONITO,CARRERA 19 CALLE 32,URBANA,TECNICO,352.857,-7.629.033,DESOBEDECER SEÑALES,NO APLICA,CHOQUE,NO APLICA,NO APLICA,NO APLICA,NO APLICA,MOTO,BAJAJ,CALI,PARTICULAR,NO APLICA,,
DAÑOS,09/12/2020 12:00:00 AM,2020,1899-12-31T14:20:00.000,TARDE,6_SABADO,CAÑA MIEL,CALLE 44 CARRERA 20-72,URBANA,TECNICO,353.964,-762.917,NO ESTAR PENDIENTE DE LA VIA,NO APLICA,CHOQUE,NO APLICA,NO APLICA,NO APLICA,NO APLICA,AUTOMOVIL,CHEVROLET,BOGOTA,PARTICULAR,NO APLICA,,
DAÑOS,09/12/2020 12:00:00 AM,2020,1899-12-31T16:20:00.000,TARDE,6_SABADO,JARDIN,CARRERA1 CALLE 32A,URBANA,TECNICO,352.732,-7.627.757,NO RESPETAR PRELACION,NO APLICA,CHOQUE,NO APLICA,NO APLICA,NO APLICA,NO APLICA,AUTOMOVIL,HYUNDAI,PALMIRA,PUBLICO,PALMERAS,,
DAÑOS,09/12/2020 12:00:00 AM,2020,1899-12-31T16:20:00.000,TARDE,6_SABADO,JARDIN,CARRERA1 CALLE 32A,URBANA,TECNICO,352.732,-7.627.757,NO RESPETAR PRELACION,NO APLICA,CHOQUE,NO APLICA,NO APLICA,NO APLICA,NO APLICA,MOTO,YAMAHA,BUGA,PARTICULAR,NO APLICA,,
HERIDOS,09/13/2020 12:00:00 AM,2020,1899-12-31T22:00:00.000,NOCHE,7_DOMINGO,SANTA RITA,CALLE 36 CARRERA 28,URBANA,TECNICO,3.5328,-7.629.805,SEMAFORO EN ROJO,NO APLICA,CHOQUE,NO APLICA,NO APLICA,NO APLICA,NO APLICA,AUTOMOVIL,CHEVROLET,CALI,PARTICULAR,NO APLICA,,
HERIDOS,09/13/2020 12:00:00 AM,2020,1899-12-31T22:00:00.000,NOCHE,7_DOMINGO,SANTA RITA,CALLE 36 CARRERA 28,URBANA,TECNICO,3.5328,-7.629.805,SEMAFORO EN ROJO,MOTOCICLISTA,CHOQUE,1,NO APLICA,PALMIRA,NO APLICA,MOTO,SUZUKI,PALMIRA,PARTICULAR,NO APLICA,,
HERIDOS,09/14/2020 12:00:00 AM,2020,1899-12-31T00:50:00.000,MADRUGADA,3_MIERCOLES,SANTA RITA,CALLE 35 CARRERA 28-35,URBANA,TECNICO,353.203,-7.629.864,PERDIDA DEL CONTROL,MOTOCICLISTA,CHOQUE,1,NO APLICA,RAUL,NO APLICA,MOTO,YAMAHA,DSABANETA,PARTICULAR,NO APLICA,,
HERIDOS,09/13/2020 12:00:00 AM,2020,1899-12-31T19:05:00.000,NOCHE,7_DOMINGO,LOS SAUSES,CARRERA 1 CALLE 35C,URBANA,TECNICO,353.212,-7.627.732,CAMBIO DE CARRIL CON O SIN INDICACION,MOTOCICLISTA,CHOQUE,1,NO APLICA,PALMA,NO APLICA,MOTO,SUZUKI,PALMIRA,PARTICULAR,NO APLICA,,
HERIDOS,09/13/2020 12:00:00 AM,2020,1899-12-31T19:05:00.000,NOCHE,7_DOMINGO,LOS SAUSES,CARRERA 1 CALLE 35C,URBANA,TECNICO,353.212,-7.627.732,CAMBIO DE CARRIL CON O SIN INDICACION,CICLISTA,CHOQUE,1,NO APLICA,PALMA,NO APLICA,BICICLETA,NO APLICA,NO APLICA,PARTICULAR,NO APLICA,,
HERIDOS,09/14/2020 12:00:00 AM,2020,1899-12-31T06:00:00.000,MAÑANA,1_LUNES,FRAY LUIS,CALLE 42 CIRCURVALAR 49,URBANA,TECNICO,353.699,-7.631.986,TRANSITAR EN CONTRA VIA,NO APLICA,CHOQUE,NO APLICA,NO APLICA,NO APLICA,NO APLICA,AUTOMOVIL,DAEWOO,BELLO,PARTICULAR,NO APLICA,,
HERIDOS,09/14/2020 12:00:00 AM,2020,1899-12-31T06:00:00.000,MAÑANA,1_LUNES,FRAY LUIS,CALLE 42 CIRCURVALAR 49,URBANA,TECNICO,353.699,-7.631.986,TRANSITAR EN CONTRA VIA,MOTOCICLISTA,CHOQUE,1,NO APLICA,PALMIRA,NO APLICA,MOTO,HERO,FLORIDA,PARTICULAR,NO APLICA,,
HERIDOS,09/14/2020 12:00:00 AM,2020,1899-12-31T06:00:00.000,MAÑANA,1_LUNES,FRAY LUIS,CALLE 42 CIRCURVALAR 49,URBANA,TECNICO,353.699,-7.631.986,TRANSITAR EN CONTRA VIA,ACOMPAÑANTE MOTOCICLISTA,CHOQUE,1,NO APLICA,PALMIRA,NO APLICA,NO APLICA,NO APLICA,NO APLICA,NO APLICA,NO APLICA,,
DAÑOS,09/14/2020 12:00:00 AM,2020,1899-12-31T06:40:00.000,MAÑANA,1_LUNES,VERSALLE S,CALLE 42 CARRERA 29 -28,URBANA,TECNICO,353.812,-7.629.846,INVADIR CARRIL SENTIDO CONTRARIO,NO APLICA,CHOQUE,NO APLICA,NO APLICA,NO APLICA,NO APLICA,AUTOMOVIL,HYUNDAI,PALMIRA,PUBLICO,FLOTA PALMIRA,,
DAÑOS,09/14/2020 12:00:00 AM,2020,1899-12-31T06:40:00.000,MAÑANA,1_LUNES,VERSALLE S,CALLE 42 CARRERA 29 -28,URBANA,TECNICO,353.812,-7.629.846,INVADIR CARRIL SENTIDO CONTRARIO,NO APLICA,CHOQUE,NO APLICA,NO APLICA,NO APLICA,NO APLICA,VOLQUETA,CHEVROLET,CALI,PARTICULAR,NO APLICA,,
DAÑOS,09/12/2020 12:00:00 AM,2020,1899-12-31T15:10:00.000,TARDE,6_SABADO,SANTA RITA,CALLE 41 CARRERA 27-28,URBANA,TECNICO,353.711,-762.968,NO ESTAR PENDIENTE DE LA VIA,NO APLICA,CHOQUE,NO APLICA,NO APLICA,NO APLICA,NO APLICA,TRACTO CAMION,KEMWORT,MEDELLIN,PARTICULAR,NO APLICA,,
DAÑOS,09/12/2020 12:00:00 AM,2020,1899-12-31T15:10:00.000,TARDE,6_SABADO,SANTA RITA,CALLE 41 CARRERA 27-28,URBANA,TECNICO,353.711,-762.968,NO ESTAR PENDIENTE DE LA VIA,NO APLICA,CHOQUE,NO APLICA,NO APLICA,NO APLICA,NO APLICA,AUTOMOVIL,RENAULT,PALMIRA,PARTICULAR,NO APLICA,,