GRAVEDAD,FECHA,AÑO,HORA,JORNADA,DIA_SEMANA,BARRIOS-COREGIMIENTO- VIA,DIRECCION,ZONA,AUTORIDAD,LAT,LONG,HIPOTESIS,CONDICION DE LA VICTIMA,CLASE DE SINIESTRO,LESIONADO,HOMICIDIOS,CLINICA,SITIO,CLASE VEHICULO,MARCA,MATRICULA,TIPO DE SERVICIO,EMPRESA, , 
HERIDOS,10/03/2020 12:00:00 AM,2020,1899-12-31T11:30:00.000,MAÑANA,6_SABADO,NIÑO POBRE,CALLE 28 CARRERA 20-73,URBANA,TECNICO,352.443,-7.629.203,EMBRIAGUEZ,NO APLICA,CHOQUE,NO APLICA,NO APLICA,NO APLICA,NO APLICA,AUTOMOVIL,MAZDA,BUGA,PARTICULAR,NO APLICA,,
HERIDOS,10/03/2020 12:00:00 AM,2020,1899-12-31T11:30:00.000,MAÑANA,6_SABADO,NIÑO POBRE,CALLE 28 CARRERA 20-73,URBANA,TECNICO,352.443,-7.629.203,EMBRIAGUEZ,MOTOCICLISTA,CHOQUE,1,NO APLICA,PALMIRA,NO APLICA,MOTO,SUZUKI,PRADERA,PARTICULAR,NO APLICA,,
HERIDOS,10/03/2020 12:00:00 AM,2020,1899-12-31T11:30:00.000,MAÑANA,6_SABADO,NIÑO POBRE,CALLE 28 CARRERA 20-73,URBANA,TECNICO,352.443,-7.629.203,EMBRIAGUEZ,ACOMPAÑANTE MOTOCICLISTA,CHOQUE,1,NO APLICA,PALMIRA,NO APLICA,NO APLICA,NO APLICA,NO APLICA,NO APLICA,NO APLICA,,
DAÑOS,10/03/2020 12:00:00 AM,2020,1899-12-31T16:00:00.000,TARDE,6_SABADO,MERCEDES,CALLE 58 CARRERA 27,URBANA,TECNICO,354.884,-7.629.216,DESOBEDECER SEÑALES,NO APLICA,CHOQUE,NO APLICA,NO APLICA,NO APLICA,NO APLICA,CAMIONETA,SSANYON,PALMIRA,PARTICULAR,NO APLICA,,
DAÑOS,10/03/2020 12:00:00 AM,2020,1899-12-31T16:00:00.000,TARDE,6_SABADO,MERCEDES,CALLE 58 CARRERA 27,URBANA,TECNICO,354.884,-7.629.216,DESOBEDECER SEÑALES,NO APLICA,CHOQUE,NO APLICA,NO APLICA,NO APLICA,NO APLICA,CAMIONETA,MAZDA,CALI,PARTICULAR,NO APLICA,,
HERIDOS,10/03/2020 12:00:00 AM,2020,1899-12-31T15:30:00.000,TARDE,6_SABADO,JARDIN,CARRERA 1 CALLE 33-39,URBANA,TECNICO,352.846,-7.627.735,NO MANTENER DISTANCIA DE SEGURIDAD,NO APLICA,CHOQUE,NO APLICA,NO APLICA,NO APLICA,NO APLICA,AUTOMOVIL,NISSAN,FUNZA,PARTICULAR,NO APLICA,,
HERIDOS,10/03/2020 12:00:00 AM,2020,1899-12-31T15:30:00.000,TARDE,6_SABADO,JARDIN,CARRERA 1 CALLE 33-39,URBANA,TECNICO,352.846,-7.627.735,NO MANTENER DISTANCIA DE SEGURIDAD,MOTOCICLISTA,CHOQUE,1,NO APLICA,FRACTURAS,NO APLICA,MOTO,HONDA,FLORIDA,PARTICULAR,NO APLICA,,
DAÑOS,10/03/2020 12:00:00 AM,2020,1899-12-31T17:30:00.000,TARDE,6_SABADO,VIA PALMIRA TABLONES,KM 10,RURAL,TECNICO,354.607,-7.626.444,NO ESTAR PENDIENTE DE LA VIA,NO APLICA,CHOQUE,NO APLICA,NO APLICA,NO APLICA,NO APLICA,CAMIONETA,TOYOTA,EL CERRITO,PARTICULAR,NO APLICA,,
DAÑOS,10/03/2020 12:00:00 AM,2020,1899-12-31T17:30:00.000,TARDE,6_SABADO,VIA PALMIRA TABLONES,KM 10,RURAL,TECNICO,354.607,-7.626.444,NO ESTAR PENDIENTE DE LA VIA,NO APLICA,CHOQUE,NO APLICA,NO APLICA,NO APLICA,NO APLICA,MOTO,YAMAHA,CANDELARIA,PARTICULAR,NO APLICA,,
DAÑOS,10/04/2020 12:00:00 AM,2020,1899-12-31T15:40:00.000,TARDE,7_DOMINGO,SANTA MARIA,CALLE 44 CARRERA 3,URBANA,TECNICO,354.047,-7.628.053,ADELANTAR ZONA PROHIBIDAD,NO APLICA,CHOQUE,NO APLICA,NO APLICA,NO APLICA,NO APLICA,MOTO,HONDA,FLORIDA,PARTICULAR,NO APLICA,,
DAÑOS,10/04/2020 12:00:00 AM,2020,1899-12-31T15:40:00.000,TARDE,7_DOMINGO,SANTA MARIA,CALLE 44 CARRERA 3,URBANA,TECNICO,354.047,-7.628.053,ADELANTAR ZONA PROHIBIDAD,NO APLICA,CHOQUE,NO APLICA,NO APLICA,NO APLICA,NO APLICA,MOTO,YAMAHA,PRADERA,PARTICULAR,NO APLICA,,
DAÑOS,10/04/2020 12:00:00 AM,2020,1899-12-31T12:50:00.000,TARDE,7_DOMINGO,TULIPANES,CARRERA 31 CALLE 6,URBANA,TECNICO,3.5062,-7.630.985,ARRANCAR SIN PRECAUCION,NO APLICA,CHOQUE,NO APLICA,NO APLICA,NO APLICA,NO APLICA,AUTOMOVIL,RENAULT,CALI,PARTICULAR,NO APLICA,,
DAÑOS,10/04/2020 12:00:00 AM,2020,1899-12-31T12:50:00.000,TARDE,7_DOMINGO,TULIPANES,CARRERA 31 CALLE 6,URBANA,TECNICO,3.5062,-7.630.985,ARRANCAR SIN PRECAUCION,NO APLICA,CHOQUE,NO APLICA,NO APLICA,NO APLICA,NO APLICA,AUTOMOVIL,RENAULT,PALMIRA,PARTICULAR,NO APLICA,,
MUERTO,10/05/2020 12:00:00 AM,2020,1899-12-31T12:05:00.000,TARDE,1_LUNES,VIA PALMIRA TABLONES,KM 12 + 400 MTS,RURAL,TECNICO,356.591,-7.622.891,INVADIR CARRIL SENTIDO CONTRARIO,MOTOCICLISTA,CHOQUE,NO APLICA,1,NO APLICA,NO APLICA,MOTO,SUZUKI,PALMIRA,PARTICULAR,NO APLICA,,
MUERTO,10/05/2020 12:00:00 AM,2020,1899-12-31T12:05:00.000,TARDE,1_LUNES,VIA PALMIRA TABLONES,KM 12 + 400 MTS,RURAL,TECNICO,356.591,-7.622.891,INVADIR CARRIL SENTIDO CONTRARIO,NO APLICA,CHOQUE,NO APLICA,NO APLICA,NO APLICA,NO APLICA,MICROBUS,CHEVROLET,PALMIRA,PUBLICO,MONTEBELLO,,
MUERTO,10/05/2020 12:00:00 AM,2020,1899-12-31T12:05:00.000,TARDE,1_LUNES,VIA PALMIRA TABLONES,KM 12 + 400 MTS,RURAL,TECNICO,356.591,-7.622.891,INVADIR CARRIL SENTIDO CONTRARIO,ACOMPAÑANTE MOTOCICLISTA,CHOQUE,1,NO APLICA,NO APLICA,NO APLICA,NO APLICA,NO APLICA,NO APLICA,NO APLICA,NO APLICA,,
DAÑOS,10/05/2020 12:00:00 AM,2020,1899-12-31T13:30:00.000,TARDE,1_LUNES,CENTRO,CALLE 32 CARRERA 30,URBANA,TECNICO,352.909,-7.630.036,DESOBEDECER SEÑALES,NO APLICA,CHOQUE,NO APLICA,NO APLICA,NO APLICA,NO APLICA,AUTOMOVIL,SUZUKI,PALMIRA,PARTICULAR,NO APLICA,,
DAÑOS,10/05/2020 12:00:00 AM,2020,1899-12-31T13:30:00.000,TARDE,1_LUNES,CENTRO,CALLE 32 CARRERA 30,URBANA,TECNICO,352.909,-7.630.036,DESOBEDECER SEÑALES,NO APLICA,CHOQUE,NO APLICA,NO APLICA,NO APLICA,NO APLICA,AUTOMOVIL,CHEVROLET,GUACARI,PARTICULAR,NO APLICA,,
HERIDOS,10/05/2020 12:00:00 AM,2020,1899-12-31T19:00:00.000,NOCHE,1_LUNES,CAMPESTRE,CALLE 42 CARRERA 11-12,URBANA,TECNICO,3.537,-7.628.411,CRUZAR SIN OBSERVAR,MOTOCICLISTA,CHOQUE,1,NO APLICA,NO APLICA,NO APLICA,MOTO,AKT,PRADERA,PARTICULAR,NO APLICA,,
HERIDOS,10/05/2020 12:00:00 AM,2020,1899-12-31T19:00:00.000,NOCHE,1_LUNES,CAMPESTRE,CALLE 42 CARRERA 11-13,URBANA,TECNICO,3.537,-7.628.411,CRUZAR SIN OBSERVAR,ACOMPAÑANTE MOTOCICLISTA,CHOQUE,1,NO APLICA,NO APLICA,NO APLICA,NO APLICA,NO APLICA,NO APLICA,NO APLICA,NO APLICA,,
HERIDOS,10/05/2020 12:00:00 AM,2020,1899-12-31T19:00:00.000,NOCHE,1_LUNES,CAMPESTRE,CALLE 42 CARRERA 11-13,URBANA,TECNICO,3.537,-7.628.411,CRUZAR SIN OBSERVAR,MOTOCICLISTA,CHOQUE,1,NO APLICA,NO APLICA,NO APLICA,NO APLICA,NO APLICA,NO APLICA,NO APLICA,NO APLICA,,
HERIDOS,10/05/2020 12:00:00 AM,2020,1899-12-31T16:05:00.000,TARDE,1_LUNES,DELICIAS,CALLE 24 CARRERA 26,URBANA,TECNICO,352.168,-7.629.806,DESOBEDECER SEÑALES,MOTOCICLISTA,CHOQUE,1,NO APLICA,NO APLICA,NO APLICA,MOTO,HONDA,CALI,PARTICULAR,NO APLICA,,
HERIDOS,10/05/2020 12:00:00 AM,2020,1899-12-31T16:05:00.000,TARDE,1_LUNES,DELICIAS,CALLE 24 CARRERA 26,URBANA,TECNICO,352.168,-7.629.806,DESOBEDECER SEÑALES,MOTOCICLISTA,CHOQUE,1,NO APLICA,NO APLICA,NO APLICA,MOTO,HONDA,GUACARI,PARTICULAR,NO APLICA,,
DAÑOS,10/05/2020 12:00:00 AM,2020,1899-12-31T23:50:00.000,NOCHE,1_LUNES,VIA PALMIRA TABLONES,KM 10,URBANA,TECNICO,3.5554,-7.623.919,INVADIR CARRIL SENTIDO CONTRARIO,NO APLICA,CHOQUE,NO APLICA,NO APLICA,NO APLICA,NO APLICA,CAMIONETA,RENAULT,CALI,OFICIAL,NO APLICA,,
DAÑOS,10/05/2020 12:00:00 AM,2020,1899-12-31T23:50:00.000,NOCHE,1_LUNES,VIA PALMIRA TABLONES,KM 10,URBANA,TECNICO,3.5554,-7.623.919,INVADIR CARRIL SENTIDO CONTRARIO,NO APLICA,CHOQUE,NO APLICA,NO APLICA,NO APLICA,NO APLICA,MOTO,SUZUKI,FLORIDA,PARTICULAR,NO APLICA,,
HERIDOS,10/06/2020 12:00:00 AM,2020,1899-12-31T07:00:00.000,MAÑANA,2_MARTES,FRAY LUIS,CALLE 42 AV CIRCURVALR 49,URBANA,TECNICO,353.683,-7.631.964,MAL USO DEL CARRIL,MOTOCICLISTA,CHOQUE,1,NO APLICA,PALMA,NO APLICA,MOTO,BAJAJ,CALI,PARTICULAR,NO APLICA,,
HERIDOS,10/06/2020 12:00:00 AM,2020,1899-12-31T07:00:00.000,MAÑANA,2_MARTES,FRAY LUIS,CALLE 42 AV CIRCURVALR 49,URBANA,TECNICO,353.683,-7.631.964,MAL USO DEL CARRIL,NO APLICA,CHOQUE,NO APLICA,NO APLICA,NO APLICA,NO APLICA,CAMIONETA,JAC,EL CERRITO,PARTICULAR,NO APLICA,,
DAÑOS,10/08/2020 12:00:00 AM,2020,1899-12-31T19:00:00.000,NOCHE,4_JUEVES,HACIENDA BUENOA AIRES,CALLE 32 B CARRERA 6A,URBANA,TECNICO,352.886,-7.627.319,NO RESPETAR PRELACION,NO APLICA,CHOQUE,NO APLICA,NO APLICA,NO APLICA,NO APLICA,MOTO,YAMAHA,CALI,PARTICULAR,NO APLICA,,
DAÑOS,10/08/2020 12:00:00 AM,2020,1899-12-31T19:00:00.000,NOCHE,4_JUEVES,HACIENDA BUENOA AIRES,CALLE 32 B CARRERA 6A,URBANA,TECNICO,352.886,-7.627.319,NO RESPETAR PRELACION,NO APLICA,CHOQUE,NO APLICA,NO APLICA,NO APLICA,NO APLICA,MOTO,AKT,PRADERA,PARTICULAR,NO APLICA,,
DAÑOS,10/08/2020 12:00:00 AM,2020,1899-12-31T20:00:00.000,NOCHE,4_JUEVES,NUEVO,CARRERA 33A CALLE 19A-18,URBANA,TECNICO,351.844,-7.630.541,NO MANTENER DISTANCIA,NO APLICA,CHOQUE,NO APLICA,NO APLICA,NO APLICA,NO APLICA,AUTOMOVIL,CHEVROLET,PALMIRA,PARTICULAR,NO APLICA,,
DAÑOS,10/08/2020 12:00:00 AM,2020,1899-12-31T20:00:00.000,NOCHE,4_JUEVES,NUEVO,CARRERA 33A CALLE 19A-18,URBANA,TECNICO,351.844,-7.630.541,NO MANTENER DISTANCIA,NO APLICA,CHOQUE,NO APLICA,NO APLICA,NO APLICA,NO APLICA,CAMIONETA,RENAULT,PALMIRA,OFICIAL,NO APLICA,,
DAÑOS,10/09/2020 12:00:00 AM,2020,1899-12-31T09:30:00.000,MAÑANA,5_VIERNES,LOPEZ,CARRERA 29 CALLE 39,URBANA,TECNICO,353.579,-7.630.943,ARRANCAR SIN PRECAUCION,NO APLICA,CHOQUE,NO APLICA,NO APLICA,NO APLICA,NO APLICA,MOTO,AKT,PRADERA,PARTICULAR,NO APLICA,,
DAÑOS,10/09/2020 12:00:00 AM,2020,1899-12-31T09:30:00.000,MAÑANA,5_VIERNES,LOPEZ,CARRERA 29 CALLE 39,URBANA,TECNICO,353.579,-7.630.943,ARRANCAR SIN PRECAUCION,NO APLICA,CHOQUE,NO APLICA,NO APLICA,NO APLICA,NO APLICA,MOTO,SUZUKI,BUENAVENTURA,PARTICULAR,NO APLICA,,
DAÑOS,10/09/2020 12:00:00 AM,2020,1899-12-31T11:20:00.000,MAÑANA,5_VIERNES,CENTRO,CALLE 29 CARRERA 26,URBANA,TECNICO,352.587,-7.629.743,DESOBEDECER SEÑALES,NO APLICA,CHOQUE,NO APLICA,NO APLICA,NO APLICA,NO APLICA,AUTOMOVIL,CHERY,PALMIRA,PARTICULAR,NO APLICA,,
DAÑOS,10/09/2020 12:00:00 AM,2020,1899-12-31T11:20:00.000,MAÑANA,5_VIERNES,CENTRO,CALLE 29 CARRERA 26,URBANA,TECNICO,352.587,-7.629.743,DESOBEDECER SEÑALES,NO APLICA,CHOQUE,NO APLICA,NO APLICA,NO APLICA,NO APLICA,CAMIONETA,CHEVROLET,PALMIRA,PARTICULAR,NO APLICA,,
HERIDOS,10/08/2020 12:00:00 AM,2020,1899-12-31T14:20:00.000,TARDE,4_JUEVES,ESTONIA,CALLE 44 CARRERA 32,URBANA,TECNICO,353.978,-7.630.068,DESOBEDECER SEÑALES,NO APLICA,CHOQUE,NO APLICA,NO APLICA,NO APLICA,NO APLICA,MOTO,SUZUKI,PALMIRA,PARTICULAR,NO APLICA,,
HERIDOS,10/08/2020 12:00:00 AM,2020,1899-12-31T14:20:00.000,TARDE,4_JUEVES,ESTONIA,CALLE 44 CARRERA 32,URBANA,TECNICO,353.978,-7.630.068,DESOBEDECER SEÑALES,NO APLICA,CHOQUE,NO APLICA,NO APLICA,NO APLICA,NO APLICA,MOTO,YAMAHA,PRADERA,PARTICULAR,NO APLICA,,
HERIDOS,10/08/2020 12:00:00 AM,2020,1899-12-31T14:20:00.000,TARDE,4_JUEVES,ESTONIA,CALLE 44 CARRERA 32,URBANA,TECNICO,353.978,-7.630.068,DESOBEDECER SEÑALES,ACOMPAÑANTE MOTOCICLISTA,CHOQUE,1,NO APLICA,FRACTURAS,NO APLICA,NO APLICA,NO APLICA,NO APLICA,NO APLICA,NO APLICA,,
MUERTO,10/08/2020 12:00:00 AM,2020,1899-12-31T19:20:00.000,NOCHE,4_JUEVES,VIA PALMIRA ROZO,KM 1 + 200MTS,RURAL,TECNICO,356.571,-763.118,INVADIR CARRIL SENTIDO CONTRARIO,MOTOCICLISTA,CHOQUE,NO APLICA,1,NO APLICA,NO APLICA,MOTO,KAWASAKI,BOGOTA,PARTICULAR,NO APLICA,,
MUERTO,10/08/2020 12:00:00 AM,2020,1899-12-31T19:20:00.000,NOCHE,4_JUEVES,VIA PALMIRA ROZO,KM 1 + 200MTS,RURAL,TECNICO,356.571,-763.118,INVADIR CARRIL SENTIDO CONTRARIO,CONDUCTOR,CHOQUE,1,NO APLICA,PALMIRA,NO APLICA,AUTOMOVIL,MAZDA,CALI,PARTICULAR,NO APLICA,,
MUERTO,10/08/2020 12:00:00 AM,2020,1899-12-31T19:20:00.000,NOCHE,4_JUEVES,VIA PALMIRA ROZO,KM 1 + 200MTS,RURAL,TECNICO,356.571,-763.118,INVADIR CARRIL SENTIDO CONTRARIO,ACOMPAÑANTE MOTOCICLISTA,CHOQUE,1,NO APLICA,PALMIRA,NO APLICA,NO APLICA,NO APLICA,NO APLICA,NO APLICA,NO APLICA,,
DAÑOS,10/10/2020 12:00:00 AM,2020,1899-12-31T12:40:00.000,TARDE,6_SABADO,GUAYACANES,CALLE 10 CARRERA 14A-12,URBANA,TECNICO,351.765,-7.628.691,VEHICULO ESTACIONADO,NO APLICA,CHOQUE,NO APLICA,NO APLICA,NO APLICA,NO APLICA,CAMION,FORD,CALI,PARTICULAR,NO APLICA,,
DAÑOS,10/10/2020 12:00:00 AM,2020,1899-12-31T12:40:00.000,TARDE,6_SABADO,GUAYACANES,CALLE 10 CARRERA 14A-12,URBANA,TECNICO,351.765,-7.628.691,VEHICULO ESTACIONADO,NO APLICA,CHOQUE,NO APLICA,NO APLICA,NO APLICA,NO APLICA,CAMIONETA,TOYOTA,ENVIGADO,PARTICULAR,NO APLICA,,
HERIDOS,10/09/2020 12:00:00 AM,2020,1899-12-31T07:30:00.000,MAÑANA,5_VIERNES,PRADO,CARRERA 41 CALLE 41,URBANA,TECNICO,353.783,-7.631.146,DESOBEDECER SEÑALES,MOTOCICLISTA,CHOQUE,1,NO APLICA,PALMA,NO APLICA,MOTO,HONDA,PRADERA,PARTICULAR,NO APLICA,,
HERIDOS,10/09/2020 12:00:00 AM,2020,1899-12-31T07:30:00.000,MAÑANA,5_VIERNES,PRADO,CARRERA 41 CALLE 41,URBANA,TECNICO,353.783,-7.631.146,DESOBEDECER SEÑALES,NO APLICA,CHOQUE,NO APLICA,NO APLICA,NO APLICA,NO APLICA,AUTOMOVIL,NISSAN,CALI,PARTICULAR,NO APLICA,,
HERIDOS,10/09/2020 12:00:00 AM,2020,1899-12-31T11:40:00.000,MAÑANA,5_VIERNES,CENTRO,CALLE 28 CARRERA 29-64,URBANA,TECNICO,352.553,-7.630.063,DESOBEDECER SEÑALES,MOTOCICLISTA,CHOQUE,1,NO APLICA,FRACTURAS,NO APLICA,MOTO,AKT,PALMIRA,PARTICULAR,NO APLICA,,
HERIDOS,10/09/2020 12:00:00 AM,2020,1899-12-31T11:40:00.000,MAÑANA,5_VIERNES,CENTRO,CALLE 28 CARRERA 29-64,URBANA,TECNICO,352.553,-7.630.063,DESOBEDECER SEÑALES,NO APLICA,CHOQUE,NO APLICA,NO APLICA,NO APLICA,NO APLICA,AUTOMOVIL,RENAULT,MANIZALEZ,PARTICULAR,NO APLICA,,
DAÑOS,10/11/2020 12:00:00 AM,2020,1899-12-31T12:10:00.000,TARDE,7_DOMINGO,SEMBRADOR,CALLE 17A CARRERA 19-98,URBANA,TECNICO,351.589,-7.629.097,NO ESTAR PENDIENTE DE LA VIA,NO APLICA,CHOQUE,NO APLICA,NO APLICA,NO APLICA,NO APLICA,MOTO,AKT,PALMIRA,PARTICULAR,NO APLICA,,
DAÑOS,10/11/2020 12:00:00 AM,2020,1899-12-31T12:10:00.000,TARDE,7_DOMINGO,SEMBRADOR,CALLE 17A CARRERA 19-98,URBANA,TECNICO,351.589,-7.629.097,NO ESTAR PENDIENTE DE LA VIA,NO APLICA,CHOQUE,NO APLICA,NO APLICA,NO APLICA,NO APLICA,CAMIONETA,HYUNDAI,PALMIRA,PARTICULAR,NO APLICA,,
HERIDOS,10/11/2020 12:00:00 AM,2020,1899-12-31T06:40:00.000,MAÑANA,7_DOMINGO,SEMBRADOR,CALLE 23 CARRERA 23,URBANA,TECNICO,352.072,-7.629.499,DESOBEDECER SEÑALES,MOTOCICLISTA,CHOQUE,1,NO APLICA,RAUL,NO APLICA,MOTO,YAMAHA,PRADERA,PARTICULAR,NO APLICA,,
HERIDOS,10/11/2020 12:00:00 AM,2020,1899-12-31T06:40:00.000,MAÑANA,7_DOMINGO,SEMBRADOR,CALLE 23 CARRERA 23,URBANA,TECNICO,352.072,-7.629.499,DESOBEDECER SEÑALES,NO APLICA,CHOQUE,NO APLICA,NO APLICA,NO APLICA,NO APLICA,MOTO,HERO,FLORIDA,PARTICULAR,NO APLICA,,
HERIDOS,10/11/2020 12:00:00 AM,2020,1899-12-31T06:40:00.000,MAÑANA,7_DOMINGO,SEMBRADOR,CALLE 23 CARRERA 23,URBANA,TECNICO,352.072,-7.629.499,DESOBEDECER SEÑALES,ACOMPAÑANTE MOTOCICLISTA,CHOQUE,1,NO APLICA,SANTA BARBARA,NO APLICA,NO APLICA,NO APLICA,NO APLICA,NO APLICA,NO APLICA,,
DAÑOS,10/10/2020 12:00:00 AM,2020,1899-12-31T17:50:00.000,TARDE,6_SABADO,EL JARDIN,CARRERA 7 CALLE 32C,URBANA,TECNICO,352.813,-7.628.119,NO RESPETAR PRELACION,NO APLICA,CHOQUE,NO APLICA,NO APLICA,NO APLICA,NO APLICA,MOTO,HONDA,FLORIDA,PARTICULAR,NO APLICA,,
DAÑOS,10/10/2020 12:00:00 AM,2020,1899-12-31T17:50:00.000,TARDE,6_SABADO,EL JARDIN,CARRERA 7 CALLE 32C,URBANA,TECNICO,352.813,-7.628.119,NO RESPETAR PRELACION,NO APLICA,CHOQUE,NO APLICA,NO APLICA,NO APLICA,NO APLICA,AUTOMOVIL,SUZUKI,CALI,PARTICULAR,NO APLICA,,
HERIDOS,10/10/2020 12:00:00 AM,2020,1899-12-31T21:05:00.000,NOCHE,6_SABADO,CORONADO,TRNSVERSAL 39 CALLE 51-28,URBANA,TECNICO,354.471,-7.630.821,ADELANTAR INVADIENDO CARRIL,MOTOCICLISTA,CHOQUE,1,NO APLICA,PALMA,NO APLICA,MOTO,HONDA,PALMIRA,PARTICULAR,NO APLICA,,
HERIDOS,10/10/2020 12:00:00 AM,2020,1899-12-31T21:05:00.000,NOCHE,6_SABADO,CORONADO,TRNSVERSAL 39 CALLE 51-28,URBANA,TECNICO,354.471,-7.630.821,ADELANTAR INVADIENDO CARRIL,MOTOCICLISTA,CHOQUE,1,NO APLICA,PALMA,NO APLICA,MOTO,SUZUKI,PALMIRA,PARTICULAR,NO APLICA,,
DAÑOS,10/11/2020 12:00:00 AM,2020,1899-12-31T10:50:00.000,MAÑANA,7_DOMINGO,MUINICIPAL,CARRERA 1 CALLE 31-30,URBANA,TECNICO,352.473,-7.627.819,NO MANTENER DISTANCIA,NO APLICA,CHOQUE,NO APLICA,NO APLICA,NO APLICA,NO APLICA,CAMPERO,TOYOTA,CALI,PARTICULAR,NO APLICA,,
DAÑOS,10/11/2020 12:00:00 AM,2020,1899-12-31T10:50:00.000,MAÑANA,7_DOMINGO,MUINICIPAL,CARRERA 1 CALLE 31-30,URBANA,TECNICO,352.473,-7.627.819,NO MANTENER DISTANCIA,NO APLICA,CHOQUE,NO APLICA,NO APLICA,NO APLICA,NO APLICA,AUTOMOVIL,CHEVROLET,MEDELLIN,PARTICULAR,NO APLICA,,
DAÑOS,10/13/2020 12:00:00 AM,2020,1899-12-31T07:20:00.000,MAÑANA,2_MARTES,VIA PALMIRA ROZO CORONADO,KM 3 + 300 MTS PUENTE MALIBU,URBANA,TECNICO,358.003,-7.632.759,NO RESPETAR PRELACION,NO APLICA,CHOQUE,NO APLICA,NO APLICA,NO APLICA,NO APLICA,AUTOMOVIL,CHEVROLET,CALI,PARTICULAR,NO APLICA,,
DAÑOS,10/13/2020 12:00:00 AM,2020,1899-12-31T07:20:00.000,MAÑANA,2_MARTES,VIA PALMIRA ROZO CORONADO,KM 3 + 300 MTS PUENTE MALIBU,URBANA,TECNICO,358.003,-7.632.759,NO RESPETAR PRELACION,NO APLICA,CHOQUE,NO APLICA,NO APLICA,NO APLICA,NO APLICA,MOTO,JIALING,PRADERA,PARTICULAR,NO APLICA,,
HERIDOS,10/12/2020 12:00:00 AM,2020,1899-12-31T14:50:00.000,TARDE,1_LUNES,DANUBIO,CARRERA 17 CALLE 32A,URBANA,TECNICO,352.867,-7.628.935,DESOBEDECER SEÑALES,NO APLICA,CHOQUE,NO APLICA,NO APLICA,NO APLICA,NO APLICA,MOTO,BAJAJ,PALMIRA,PARTICULAR,NO APLICA,,
HERIDOS,10/12/2020 12:00:00 AM,2020,1899-12-31T14:50:00.000,TARDE,1_LUNES,DANUBIO,CARRERA 17 CALLE 32A,URBANA,TECNICO,352.867,-7.628.935,DESOBEDECER SEÑALES,NO APLICA,CHOQUE,NO APLICA,NO APLICA,NO APLICA,NO APLICA,MOTO,HONDA,PALMIRA,PARTICULAR,NO APLICA,,
HERIDOS,10/12/2020 12:00:00 AM,2020,1899-12-31T14:50:00.000,TARDE,1_LUNES,DANUBIO,CARRERA 17 CALLE 32A,URBANA,TECNICO,352.867,-7.628.935,DESOBEDECER SEÑALES,ACOMPAÑANTE MOTOCICLISTA,CHOQUE,1,NO APLICA,RAUL,NO APLICA,NO APLICA,NO APLICA,NO APLICA,NO APLICA,NO APLICA,,
MUERTO,10/12/2020 12:00:00 AM,2020,1899-12-31T23:00:00.000,NOCHE,1_LUNES,CHAPINERO SUR,CARRERA 31M CALLE 5 E,URBANA,TECNICO,350.351,-7.631.076,POR ESTABLECER,MOTOCICLISTA,VOLCAMIENTO,NO APLICA,1,NO APLICA,NO APLICA,MOTO,HERO,GUACARI,PARTICULAR,NO APLICA,,
DAÑOS,10/12/2020 12:00:00 AM,2020,1899-12-31T09:30:00.000,MAÑANA,1_LUNES,COLOMBIA,CARRERA 31 CALLE 33,URBANA,TECNICO,354.705,-7.629.876,ADELANTAR CERRANDO,NO APLICA,CHOQUE,NO APLICA,NO APLICA,NO APLICA,NO APLICA,MOTO,HONDA,FLORIDA,PARTICULAR,NO APLICA,,
DAÑOS,10/12/2020 12:00:00 AM,2020,1899-12-31T09:30:00.000,MAÑANA,1_LUNES,COLOMBIA,CARRERA 31 CALLE 33,URBANA,TECNICO,354.705,-7.629.876,ADELANTAR CERRANDO,NO APLICA,CHOQUE,NO APLICA,NO APLICA,NO APLICA,NO APLICA,MOTO,BAJAJ,FLORIDA,PARTICULAR,NO APLICA,,
DAÑOS,10/13/2020 12:00:00 AM,2020,1899-12-31T21:15:00.000,NOCHE,2_MARTES,EMILIA,CALLE 35 CARRERA 38,URBANA,TECNICO,353.282,-76.308,DESOBEDECER SEÑALES,NO APLICA,CHOQUE,NO APLICA,NO APLICA,NO APLICA,NO APLICA,MOTO,HONDA,PALMIRA,PARTICULAR,NO APLICA,,
DAÑOS,10/13/2020 12:00:00 AM,2020,1899-12-31T21:15:00.000,NOCHE,2_MARTES,EMILIA,CALLE 35 CARRERA 38,URBANA,TECNICO,353.282,-76.308,DESOBEDECER SEÑALES,NO APLICA,CHOQUE,NO APLICA,NO APLICA,NO APLICA,NO APLICA,CAMION,MAZDA,CALI,PUBLICO,NO APLICA,,
DAÑOS,10/13/2020 12:00:00 AM,2020,1899-12-31T18:00:00.000,NOCHE,2_MARTES,INDUSTRIAL,CALLE 42 CARRERA 34B-10 NORTE,URBANA,TECNICO,353.871,-7.630.382,NO MANTENER DISATANCIA,NO APLICA,CHOQUE,NO APLICA,NO APLICA,NO APLICA,NO APLICA,CAMIONETA,TOYOTA,CALI,PARTICULAR,NO APLICA,,
DAÑOS,10/13/2020 12:00:00 AM,2020,1899-12-31T18:00:00.000,NOCHE,2_MARTES,INDUSTRIAL,CALLE 42 CARRERA 34B-10 NORTE,URBANA,TECNICO,353.871,-7.630.382,NO MANTENER DISATANCIA,NO APLICA,CHOQUE,NO APLICA,NO APLICA,NO APLICA,NO APLICA,AUTOMOVIL,HYUNDAI,CALI,PARTICULAR,NO APLICA,,