GRAVEDAD,FECHA,AÑO,HORA,JORNADA,DIA_SEMANA,BARRIOS-COREGIMIENTO- VIA,DIRECCION,ZONA,AUTORIDAD,LAT,LONG,HIPOTESIS,CONDICION DE LA VICTIMA,CLASE DE SINIESTRO,LESIONADO,HOMICIDIOS,CLINICA,SITIO,CLASE VEHICULO,MARCA,MATRICULA,TIPO DE SERVICIO,EMPRESA, , 
DAÑOS,10/13/2020 12:00:00 AM,2020,1899-12-31T18:00:00.000,NOCHE,2_MARTES,INDUSTRIAL,CALLE 42 CARRERA 34B-10 NORTE,URBANA,TECNICO,353.871,-7.630.382,NO MANTENER DISATANCIA,NO APLICA,CHOQUE,NO APLICA,NO APLICA,NO APLICA,NO APLICA,AUTOMOVIL,MAZDA,CALI,PARTICULAR,NO APLICA,,
DAÑOS,10/15/2020 12:00:00 AM,2020,1899-12-31T17:30:00.000,TARDE,4_JUEVES,CENTRO,CALLE 32A CARRERA 25-42,URBANA,TECNICO,352.911,-7.629.601,NO SABER MANIOBRAR EN UNA SITUACION DE PELIGRO,NO APLICA,CHOQUE,NO APLICA,NO APLICA,NO APLICA,NO APLICA,CAMIONETA,FORD,CALI,PARTICULAR,NO APLICA,,
DAÑOS,10/15/2020 12:00:00 AM,2020,1899-12-31T17:30:00.000,TARDE,4_JUEVES,CENTRO,CALLE 32A CARRERA 25-42,URBANA,TECNICO,352.911,-7.629.601,NO SABER MANIOBRAR EN UNA SITUACION DE PELIGRO,NO APLICA,CHOQUE,NO APLICA,NO APLICA,NO APLICA,NO APLICA,CAMIONETA,RENAULT,PALMIRA,PARTICULAR,NO APLICA,,
HERIDOS,10/15/2020 12:00:00 AM,2020,1899-12-31T17:40:00.000,TARDE,4_JUEVES,JUAN PABLO,CALLE 57 CARRERA 41,URBANA,TECNICO,354.783,-7.631.195,DESOBEDECER SEÑALES,CONDUCTOR,CHOQUE,1,NO APLICA,PALMIRA,NO APLICA,AUTOMOVIL,MAZDA,ENVIGADO,PARTICULAR,NO APLICA,,
HERIDOS,10/15/2020 12:00:00 AM,2020,1899-12-31T17:40:00.000,TARDE,4_JUEVES,JUAN PABLO,CALLE 57 CARRERA 41,URBANA,TECNICO,354.783,-7.631.195,DESOBEDECER SEÑALES,MOTOCICLISTA,CHOQUE,1,NO APLICA,PALMIRA,NO APLICA,MOTO,AKT,PRADERA,PARTICULAR,NO APLICA,,
HERIDOS,10/15/2020 12:00:00 AM,2020,1899-12-31T17:40:00.000,TARDE,4_JUEVES,JUAN PABLO,CALLE 57 CARRERA 41,URBANA,TECNICO,354.783,-7.631.195,DESOBEDECER SEÑALES,ACOMPAÑANTE MOTOCICLISTA,CHOQUE,1,NO APLICA,PALMIRA,NO APLICA,NO APLICA,NO APLICA,NO APLICA,NO APLICA,NO APLICA,,
HERIDOS,10/15/2020 12:00:00 AM,2020,1899-12-31T21:15:00.000,NOCHE,4_JUEVES,LORETO,CALLE 35 CARRERA 35,URBANA,TECNICO,353.327,-7.630.557,TRANSITAR EN CONTRA VIA,NO APLICA,CHOQUE,NO APLICA,NO APLICA,NO APLICA,NO APLICA,BICICLETA,NO APLICA,NO APLICA,PARTICULAR,NO APLICA,,
HERIDOS,10/15/2020 12:00:00 AM,2020,1899-12-31T21:15:00.000,NOCHE,4_JUEVES,LORETO,CALLE 35 CARRERA 35,URBANA,TECNICO,353.327,-7.630.557,TRANSITAR EN CONTRA VIA,MOTOCICLISTA,CHOQUE,1,NO APLICA,PALMIRA,NO APLICA,MOTO,BAJAJ,FLORIDA,PARTICULAR,NO APLICA,,
HERIDOS,10/16/2020 12:00:00 AM,2020,1899-12-31T17:30:00.000,TARDE,5_VIERNES,CORONADO,CARRERA 35 CALLE 50,URBANA,TECNICO,354.419,-7.630.761,REALIZAR GIRO EN U,MOTOCICLISTA,CHOQUE,1,NO APLICA,SANTA BARBARA,NO APLICA,MOTO,BAJAJ,DOSQUEBRADAS,PARTICULAR,NO APLICA,,
HERIDOS,10/16/2020 12:00:00 AM,2020,1899-12-31T17:30:00.000,TARDE,5_VIERNES,CORONADO,CARRERA 35 CALLE 50,URBANA,TECNICO,354.419,-7.630.761,REALIZAR GIRO EN U,NO APLICA,CHOQUE,NO APLICA,NO APLICA,NO APLICA,NO APLICA,CAMION,FORD,MIRANDA,PARTICULAR,NO APLICA,,
DAÑOS,10/16/2020 12:00:00 AM,2020,1899-12-31T20:20:00.000,NOCHE,5_VIERNES,LOS MANGOS,CALLE 70 CARRERA 28,URBANA,TECNICO,355.739,-7.629.125,ADELANTAR INVADIENDO CARRIL,NO APLICA,CHOQUE,NO APLICA,NO APLICA,NO APLICA,NO APLICA,BUS,AGRALE,GUACARI,PUBLICO,NO APLICA,,
DAÑOS,10/16/2020 12:00:00 AM,2020,1899-12-31T20:20:00.000,NOCHE,5_VIERNES,LOS MANGOS,CALLE 70 CARRERA 28,URBANA,TECNICO,355.739,-7.629.125,ADELANTAR INVADIENDO CARRIL,NO APLICA,CHOQUE,NO APLICA,NO APLICA,NO APLICA,NO APLICA,MOTO,SUZUKI,GUACARI,PARTICULAR,NO APLICA,,
DAÑOS,10/16/2020 12:00:00 AM,2020,1899-12-31T19:30:00.000,NOCHE,5_VIERNES,INDUSTRIAL,CALLE 42 CARRERA 35SUR,URBANA,TECNICO,353.875,-7.630.685,NO RESPETAR PRELACION,NO APLICA,CHOQUE,NO APLICA,NO APLICA,NO APLICA,NO APLICA,AUTOMOVIL,CHEVROLET,CALI,PARTICULAR,NO APLICA,,
DAÑOS,10/16/2020 12:00:00 AM,2020,1899-12-31T19:30:00.000,NOCHE,5_VIERNES,INDUSTRIAL,CALLE 42 CARRERA 35SUR,URBANA,TECNICO,353.875,-7.630.685,NO RESPETAR PRELACION,NO APLICA,CHOQUE,NO APLICA,NO APLICA,NO APLICA,NO APLICA,AUTOMOVIL,CHEVROLET,CALI,PARTICULAR,NO APLICA,,
DAÑOS,10/16/2020 12:00:00 AM,2020,1899-12-31T17:20:00.000,TARDE,5_VIERNES,VIA PPRIVADA ITALCOL,KM 11,RURAL,TECNICO,351.022,-7.640.464,ARRANCAR SIN PRECAUCION,NO APLICA,CHOQUE,NO APLICA,NO APLICA,NO APLICA,NO APLICA,TRACTO CAMION,INTERNATIONAL,FACATATIVA,PUBLICO,NO APLICA,,
DAÑOS,10/16/2020 12:00:00 AM,2020,1899-12-31T17:20:00.000,TARDE,5_VIERNES,VIA PPRIVADA ITALCOL,KM 11,RURAL,TECNICO,351.022,-7.640.464,ARRANCAR SIN PRECAUCION,NO APLICA,CHOQUE,NO APLICA,NO APLICA,NO APLICA,NO APLICA,TRACTO CAMION,KENWORTH,PALMIRA,PUBLICO,NO APLICA,,
HERIDOS,10/17/2020 12:00:00 AM,2020,1899-12-31T15:00:00.000,TARDE,6_SABADO,DELICIAS,CARRERA 23 CALLE 27,URBANA,TECNICO,352.387,-7.629.508,DESOBEDECER SEÑALES,MOTOCICLISTA,CHOQUE,1,NO APLICA,PALMIRA,NO APLICA,MOTO,YAMAHA,FLORIDA,PARTICULAR,NO APLICA,,
HERIDOS,10/17/2020 12:00:00 AM,2020,1899-12-31T15:00:00.000,TARDE,6_SABADO,DELICIAS,CARRERA 23 CALLE 27,URBANA,TECNICO,352.387,-7.629.508,DESOBEDECER SEÑALES,NO APLICA,CHOQUE,NO APLICA,NO APLICA,NO APLICA,NO APLICA,MOTO,JIAALIGN,GUACARI,PARTICULAR,NO APLICA,,
DAÑOS,10/17/2020 12:00:00 AM,2020,1899-12-31T17:20:00.000,TARDE,6_SABADO,SANTA ISABEL,CARRERA 28 CALLE 46-47,URBANA,TECNICO,354.166,-7.629.663,NO ESTAR PENDIENTE DE LA VIA,NO APLICA,CHOQUE,NO APLICA,NO APLICA,NO APLICA,NO APLICA,AUTOMOVIL,CHEVROLET,CALI,PARTICULAR,NO APLICA,,
DAÑOS,10/17/2020 12:00:00 AM,2020,1899-12-31T17:20:00.000,TARDE,6_SABADO,SANTA ISABEL,CARRERA 28 CALLE 46-47,URBANA,TECNICO,354.166,-7.629.663,NO ESTAR PENDIENTE DE LA VIA,NO APLICA,CHOQUE,NO APLICA,NO APLICA,NO APLICA,NO APLICA,MOTO,HERO,PRADERA,PARTICULAR,NO APLICA,,
HERIDOS,10/17/2020 12:00:00 AM,2020,1899-12-31T18:40:00.000,NOCHE,6_SABADO,SANCAYETANO,CARRERA 26 CALLE 41,URBANA,TECNICO,353.695,-7.629.558,DESOBEDECER SEÑALES,MOTOCICLISTA,CHOQUE,1,NO APLICA,PALMA,NO APLICA,MOTO,AKT,PRADERA,PARTICULAR,NO APLICA,,
HERIDOS,10/17/2020 12:00:00 AM,2020,1899-12-31T18:40:00.000,NOCHE,6_SABADO,SANCAYETANO,CARRERA 26 CALLE 41,URBANA,TECNICO,353.695,-7.629.558,DESOBEDECER SEÑALES,NO APLICA,CHOQUE,NO APLICA,NO APLICA,NO APLICA,NO APLICA,AUTOMOVIL,HYUNDAI,PALMIRA,PARTICULAR,NO APLICA,,
HERIDOS,10/17/2020 12:00:00 AM,2020,1899-12-31T18:40:00.000,NOCHE,6_SABADO,SANCAYETANO,CARRERA 26 CALLE 41,URBANA,TECNICO,353.695,-7.629.558,DESOBEDECER SEÑALES,ACOMPAÑANTE MOTOCICLISTA,CHOQUE,1,NO APLICA,PALMA,NO APLICA,NO APLICA,NO APLICA,NO APLICA,NO APLICA,NO APLICA,,
HERIDOS,10/18/2020 12:00:00 AM,2020,1899-12-31T14:15:00.000,TARDE,7_DOMINGO,CENTRO,CARRERA 32 CALLE 32,URBANA,TECNICO,352.936,-7.630.226,SEMAFORO EN ROJO,MOTOCICLISTA,CHOQUE,1,NO APLICA,PALMIRA,NO APLICA,MOTO,SUZUKI,PASTO,PARTICULAR,NO APLICA,,
HERIDOS,10/18/2020 12:00:00 AM,2020,1899-12-31T14:15:00.000,TARDE,7_DOMINGO,CENTRO,CARRERA 32 CALLE 32,URBANA,TECNICO,352.936,-7.630.226,SEMAFORO EN ROJO,NO APLICA,CHOQUE,NO APLICA,NO APLICA,NO APLICA,NO APLICA,MOTO,AKT,PRADRA,PARTICULAR,NO APLICA,,
HERIDOS,10/18/2020 12:00:00 AM,2020,1899-12-31T09:00:00.000,MAÑANA,7_DOMINGO,SANCAYETANO,CALLE 40 CARRERA 25,URBANA,TECNICO,353.596,-7.629.479,DESOBEDECER SEÑALES,MOTOCICLISTA,CHOQUE,1,NO APLICA,PALMIRA,NO APLICA,MOTO,SUZUKI,PRADERA,PARTICULAR,NO APLICA,,
HERIDOS,10/18/2020 12:00:00 AM,2020,1899-12-31T09:00:00.000,MAÑANA,7_DOMINGO,SANCAYETANO,CALLE 40 CARRERA 25,URBANA,TECNICO,353.596,-7.629.479,DESOBEDECER SEÑALES,NO APLICA,CHOQUE,NO APLICA,NO APLICA,NO APLICA,NO APLICA,MOTO,BAJAJ,FLORIDA,PARTICULAR,NO APLICA,,
DAÑOS,10/19/2020 12:00:00 AM,2020,1899-12-31T06:30:00.000,MAÑANA,1_LUNES,ESTONIA,CARRERA 30 CALLE 43,URBANA,TECNICO,353.886,-7.629.868,DESOBEDECER SEÑALES,NO APLICA,CHOQUE,NO APLICA,NO APLICA,NO APLICA,NO APLICA,AUTOMOVIL,HYUNDAI,PALMIRA,PUBLICO,NO APLICA,,
DAÑOS,10/19/2020 12:00:00 AM,2020,1899-12-31T06:30:00.000,MAÑANA,1_LUNES,ESTONIA,CARRERA 30 CALLE 43,URBANA,TECNICO,353.886,-7.629.868,DESOBEDECER SEÑALES,NO APLICA,CHOQUE,NO APLICA,NO APLICA,NO APLICA,NO APLICA,CAMIONETA,MAZDA,BOGOTA,PARTICULAR,NO APLICA,,
HERIDOS,10/19/2020 12:00:00 AM,2020,1899-12-31T10:00:00.000,MAÑANA,1_LUNES,ALAMEDA,CALLE 69 CARRERA 26,URBANA,TECNICO,355.462,-7.628.921,DESOBEDECER SEÑALES,MOTOCICLISTA,CHOQUE,1,NO APLICA,RAUL,NO APLICA,MOTO,HONDA,FLORIDA,PARTICULAR,NO APLICA,,
HERIDOS,10/19/2020 12:00:00 AM,2020,1899-12-31T10:00:00.000,MAÑANA,1_LUNES,ALAMEDA,CALLE 69 CARRERA 26,URBANA,TECNICO,355.462,-7.628.921,DESOBEDECER SEÑALES,NO APLICA,CHOQUE,NO APLICA,NO APLICA,NO APLICA,NO APLICA,MOTO,KIMCO,CALI,PARTICULAR,NO APLICA,,
DAÑOS,10/19/2020 12:00:00 AM,2020,1899-12-31T04:50:00.000,MADRUGADA,1_LUNES,ESTONIA,CALLE 42 CARRERA 32,URBANA,TECNICO,3.5384,-7.630.089,SEMAFORO EN ROJO,NO APLICA,CHOQUE,NO APLICA,NO APLICA,NO APLICA,NO APLICA,AUTOMOVIL,HYUNDAI,PALMIRA,PUBLICO,COOTRANSPAL,,
DAÑOS,10/19/2020 12:00:00 AM,2020,1899-12-31T04:50:00.000,MADRUGADA,1_LUNES,ESTONIA,CALLE 42 CARRERA 32,URBANA,TECNICO,3.5384,-7.630.089,SEMAFORO EN ROJO,NO APLICA,CHOQUE,NO APLICA,NO APLICA,NO APLICA,NO APLICA,BUS,CHEVROLET,CANDELARIA,PARTICULAR,NO APLICA,,
HERIDOS,10/19/2020 12:00:00 AM,2020,1899-12-31T15:20:00.000,TARDE,1_LUNES,TREBOL,CALLE 27 CARRERA 23,URBANA,TECNICO,352.387,-7.629.507,DESOBEDECER SEÑALES,MOTOCICLISTA,CHOQUE,1,NO APLICA,NO APLICA,NO APLICA,MOTO,AKT,PALMIRA,PARTICULAR,NO APLICA,,
HERIDOS,10/19/2020 12:00:00 AM,2020,1899-12-31T15:20:00.000,TARDE,1_LUNES,TREBOL,CALLE 27 CARRERA 23,URBANA,TECNICO,352.387,-7.629.507,DESOBEDECER SEÑALES,MOTOCICLISTA,CHOQUE,1,NO APLICA,NO APLICA,NO APLICA,MOTO,HONDA,FLORIDA,PARTICULAR,NO APLICA,,
HERIDOS,10/19/2020 12:00:00 AM,2020,1899-12-31T15:20:00.000,TARDE,1_LUNES,TREBOL,CALLE 27 CARRERA 23,URBANA,TECNICO,352.387,-7.629.507,DESOBEDECER SEÑALES,ACOMPAÑANTE MOTOCICLISTA,CHOQUE,1,NO APLICA,NO APLICA,NO APLICA,NO APLICA,NO APLICA,NO APLICA,NO APLICA,NO APLICA,,
DAÑOS,10/19/2020 12:00:00 AM,2020,1899-12-31T19:30:00.000,NOCHE,1_LUNES,SANTA RITA,CARRERA 27 CALLE 38,URBANA,TECNICO,353.469,-7.629.674,GIRAR BRUSCAMENTE,NO APLICA,CHOQUE,NO APLICA,NO APLICA,NO APLICA,NO APLICA,CAMIONETA,NISSAN,PALMIRA,OFICIAL,NO APLICA,,
DAÑOS,10/19/2020 12:00:00 AM,2020,1899-12-31T19:30:00.000,NOCHE,1_LUNES,SANTA RITA,CARRERA 27 CALLE 38,URBANA,TECNICO,353.469,-7.629.674,GIRAR BRUSCAMENTE,NO APLICA,CHOQUE,NO APLICA,NO APLICA,NO APLICA,NO APLICA,MOTO,YMAHA,PRADERA,PARTICULAR,NO APLICA,,
MUERTO,10/20/2020 12:00:00 AM,2020,1899-12-31T18:30:00.000,NOCHE,2_MARTES,CENTRO POBLADO BUITRERA,IRACALES  INMUEBLE 0K-352,RURAL,TECNICO,347.663,-7.619.467,AUSENCIAL PARCIAL DE SEÑALES,MOTOCICLISTA,VOLCAMIENTO,1,NO APLICA,PALMA,NO APLICA,MOTO,HONDA,FLORIDA,PARTICULAR,NO APLICA,,
MUERTO,10/20/2020 12:00:00 AM,2020,1899-12-31T18:30:00.000,NOCHE,2_MARTES,CENTRO POBLADO BUITRERA,IRACALES  INMUEBLE 0K-352,RURAL,TECNICO,347.663,-7.619.467,AUSENCIAL PARCIAL DE SEÑALES,ACOMPAÑANTE MOTOCICLISTA,VOLCAMIENTO,NO APLICA,1,NO APLICA,NO APLICA,NO APLICA,NO APLICA,NO APLICA,NO APLICA,NO APLICA,,
HERIDOS,10/08/2020 12:00:00 AM,2020,1899-12-31T17:30:00.000,TARDE,4_JUEVES,BIZERTA,CALLE 36 CARRERA 21,URBANA,TECNICO,353.203,-7.629.232,NO RESPETAR LOS PEATONES,MOTOCICLISTA,ATROPELLO,1,NO APLICA,PALMIRA,NO APLICA,MOTO,HONDA,CALI,PARTICULAR,NO APLICA,,
HERIDOS,10/08/2020 12:00:00 AM,2020,1899-12-31T17:30:00.000,TARDE,4_JUEVES,BIZERTA,CALLE 36 CARRERA 21,URBANA,TECNICO,353.203,-7.629.232,NO RESPETAR LOS PEATONES,PEATON,ATROPELLO,NO APLICA,1,PALMIRA,NO APLICA,NO APLICA,NO APLICA,NO APLICA,NO APLICA,NO APLICA,,
DAÑOS,10/20/2020 12:00:00 AM,2020,1899-12-31T12:15:00.000,TARDE,2_MARTES,PRADO,CALLE 38 CARRERA 43,URBANA,TECNICO,353.501,-7.631.416,REVERSO IMPRUDENTE,NO APLICA,CHOQUE,NO APLICA,NO APLICA,NO APLICA,NO APLICA,CAMIONETA,JAC,CALI,PARTICULAR,NO APLICA,,
DAÑOS,10/20/2020 12:00:00 AM,2020,1899-12-31T12:15:00.000,TARDE,2_MARTES,PRADO,CALLE 38 CARRERA 43,URBANA,TECNICO,353.501,-7.631.416,REVERSO IMPRUDENTE,NO APLICA,CHOQUE,NO APLICA,NO APLICA,NO APLICA,NO APLICA,CAMIONETA,FORD,CALI,PARTICULAR,NO APLICA,,
DAÑOS,10/19/2020 12:00:00 AM,2020,1899-12-31T22:00:00.000,NOCHE,1_LUNES,VIA CORONADO ROZO,PUENTE MALINBU,RURAL,TECNICO,3.5811,-7.632.815,PERDIDA DEL CONTROL,NO APLICA,CHOQUE,NO APLICA,NO APLICA,NO APLICA,NO APLICA,AUTOMOVIL,FORD,CANDELARIA,PARTICULAR,NO APLICA,,
DAÑOS,10/20/2020 12:00:00 AM,2020,1899-12-31T15:30:00.000,TARDE,2_MARTES,BENEDICTA,CALLE 47 CARRERA 34AC,URBANA,TECNICO,354.249,-7.630.287,GIRAR BRUSCAMENTE,NO APLICA,CHOQUE,NO APLICA,NO APLICA,NO APLICA,NO APLICA,AUTOMOVIL,HYUNDAI,PALMIRA,PUBLICO,FLOTA PALMIRA,,
DAÑOS,10/20/2020 12:00:00 AM,2020,1899-12-31T15:30:00.000,TARDE,2_MARTES,BENEDICTA,CALLE 47 CARRERA 34AC,URBANA,TECNICO,354.249,-7.630.287,GIRAR BRUSCAMENTE,NO APLICA,CHOQUE,NO APLICA,NO APLICA,NO APLICA,NO APLICA,MOTO,KIMCO,FLORIDA,PARTICULAR,NO APLICA,,
DAÑOS,10/20/2020 12:00:00 AM,2020,1899-12-31T12:30:00.000,TARDE,2_MARTES,COLOMBINA,CARRERA 14 CALLE 29-13,URBANA,TECNICO,352.458,-7.628.772,NO  ESTAR PENDIENTE DE LA VIA,NO APLICA,CHOQUE,NO APLICA,NO APLICA,NO APLICA,NO APLICA,AUTOMOVIL,FORD,CALI,PARTICULAR,NO APLICA,,
HERIDOS,10/12/2020 12:00:00 AM,2020,1900-01-10T00:00:00.000,MADRUGADA,1_LUNES,SANTA TERESITA,CALLE 47 CARRERA 35,URBANA,TECNICO,354.257,-7.630.739,SEMAFORO EN ROJO,CONDUCTOR,CHOQUE,NO APLICA,1,PALMA,NO APLICA,AUTOMOVIL,CHEVROLET,BUGA,PARTICULAR,NO APLICA,,
HERIDOS,10/12/2020 12:00:00 AM,2020,1900-01-10T00:00:00.000,MADRUGADA,1_LUNES,SANTA TERESITA,CALLE 47 CARRERA 35,URBANA,TECNICO,354.257,-7.630.739,SEMAFORO EN ROJO,MOTOCICLISTA,CHOQUE,1,NO APLICA,PALMA,NO APLICA,MOTO,YAMAHA,CALI,PARTICULAR,NO APLICA,,
HERIDOS,10/12/2020 12:00:00 AM,2020,1900-01-10T00:00:00.000,MADRUGADA,1_LUNES,SANTA TERESITA,CALLE 47 CARRERA 35,URBANA,TECNICO,354.257,-7.630.739,SEMAFORO EN ROJO,ACOMPAÑANTE CONDUCTOR,CHOQUE,1,NO APLICA,PALMA,NO APLICA,NO APLICA,NO APLICA,NO APLICA,NO APLICA,NO APLICA,,
DAÑOS,10/21/2020 12:00:00 AM,2020,1899-12-31T15:40:00.000,TARDE,3_MIERCOLES,CENTRO,CALLE 31 CARRERA 33,URBANA,TECNICO,352.859,-7.630.322,ARRANCAR SIN PRECAUCION,NO APLICA,CHOQUE,NO APLICA,NO APLICA,NO APLICA,NO APLICA,BUS,CHEVROLET,GUACARI,PUBLICO,NO APLICA,,
DAÑOS,10/21/2020 12:00:00 AM,2020,1899-12-31T15:40:00.000,TARDE,3_MIERCOLES,CENTRO,CALLE 31 CARRERA 33,URBANA,TECNICO,352.859,-7.630.322,ARRANCAR SIN PRECAUCION,NO APLICA,CHOQUE,NO APLICA,NO APLICA,NO APLICA,NO APLICA,AUTOMOVIL,MAZDA,CALI,PARTICULAR,NO APLICA,,
DAÑOS,10/21/2020 12:00:00 AM,2020,1899-12-31T15:05:00.000,TARDE,3_MIERCOLES,SANTA RITA,CARREARA 28 CALLE 38-37,URBANA,TECNICO,353.496,-7.629.772,NO ESTAR PENDIENTE DE LA VIA,NO APLICA,CHOQUE,NO APLICA,NO APLICA,NO APLICA,NO APLICA,CAMIONETA,CHEVROLET,CALI,PARTICULAR,NO APLICA,,
DAÑOS,10/21/2020 12:00:00 AM,2020,1899-12-31T15:05:00.000,TARDE,3_MIERCOLES,SANTA RITA,CARREARA 28 CALLE 38-37,URBANA,TECNICO,353.496,-7.629.772,NO ESTAR PENDIENTE DE LA VIA,NO APLICA,CHOQUE,NO APLICA,NO APLICA,NO APLICA,NO APLICA,AUTOMOVIL,KIA,CALI,PARTICULAR,NO APLICA,,
HERIDOS,10/22/2020 12:00:00 AM,2020,1899-12-31T15:30:00.000,TARDE,4_JUEVES,TREBOL,CARRERA 21 CALLE 26,URBANA,TECNICO,352.256,-7.629.344,DESOBEDECER SEÑALES,MOTOCICLISTA,CHOQUE,1,NO APLICA,SANTA BARBARA,NO APLICA,MOTO,JIANLIGN,GUACARI,PARTICULAR,NO APLICA,,
HERIDOS,10/22/2020 12:00:00 AM,2020,1899-12-31T15:30:00.000,TARDE,4_JUEVES,TREBOL,CARRERA 21 CALLE 26,URBANA,TECNICO,352.256,-7.629.344,DESOBEDECER SEÑALES,NO APLICA,CHOQUE,NO APLICA,NO APLICA,NO APLICA,NO APLICA,MOTO,HONDA,GUACARI,PARTICULAR,NO APLICA,,
HERIDOS,10/22/2020 12:00:00 AM,2020,1899-12-31T15:30:00.000,TARDE,4_JUEVES,TREBOL,CARRERA 21 CALLE 26,URBANA,TECNICO,352.256,-7.629.344,DESOBEDECER SEÑALES,PEATON,CHOQUE,1,NO APLICA,SANTA BARBARA,NO APLICA,NO APLICA,NO APLICA,NO APLICA,NO APLICA,NO APLICA,,
HERIDOS,10/22/2020 12:00:00 AM,2020,1899-12-31T20:20:00.000,NOCHE,4_JUEVES,COLOMBIA,CARRERA 31 CALLE 38,URBANA,TECNICO,353.521,-7.630.036,DESOBEDECER SEÑALES,MOTOCICLISTA,CHOQUE,1,NO APLICA,PALMIRA,NO APLICA,MOTO,HERO,FLORIDA,PARTICULAR,NO APLICA,,
HERIDOS,10/22/2020 12:00:00 AM,2020,1899-12-31T20:20:00.000,NOCHE,4_JUEVES,COLOMBIA,CARRERA 31 CALLE 38,URBANA,TECNICO,353.521,-7.630.036,DESOBEDECER SEÑALES,NO APLICA,CHOQUE,NO APLICA,NO APLICA,NO APLICA,NO APLICA,AUTOMOVIL,CHEVROLET,CALI,PARTICULAR,NO APLICA,,
DAÑOS,10/22/2020 12:00:00 AM,2020,1899-12-31T20:30:00.000,NOCHE,4_JUEVES,LA ITALIA,TRSVERSAL 4 CALLE 28-27,URBANA,TECNICO,350.076,-7.630.129,NO ESTAR PENDIENTE DE LA VIA,NO APLICA,CHOQUE,NO APLICA,NO APLICA,NO APLICA,NO APLICA,AUTOMOVIL,CHERRY,CALI,PARTICULAR,NO APLICA,,
HERIDOS,10/23/2020 12:00:00 AM,2020,1899-12-31T20:10:00.000,NOCHE,5_VIERNES,COLOMBINA,CALLE 31 CARRERA 17,URBANA,TECNICO,352.678,-7.628.948,ARRANCAR SIN PRECAUCION,MOTOCICLISTA,CHOQUE,1,NO APLICA,SANTA BARBARA,NO APLICA,MOTO,YAMAHA,PRADERA,PARTICULAR,NO APLICA,,
HERIDOS,10/23/2020 12:00:00 AM,2020,1899-12-31T20:10:00.000,NOCHE,5_VIERNES,COLOMBINA,CALLE 31 CARRERA 17,URBANA,TECNICO,352.678,-7.628.948,ARRANCAR SIN PRECAUCION,NO APLICA,CHOQUE,NO APLICA,NO APLICA,NO APLICA,NO APLICA,CAMPERO,KIA,MANIZALES,PARTICULAR,NO APLICA,,
HERIDOS,10/23/2020 12:00:00 AM,2020,1899-12-31T20:10:00.000,NOCHE,5_VIERNES,COLOMBINA,CALLE 31 CARRERA 17,URBANA,TECNICO,352.678,-7.628.948,ARRANCAR SIN PRECAUCION,ACOMPAÑANTE MOTOCICLISTA,CHOQUE,1,NO APLICA,SANTA BARBARA,NO APLICA,NO APLICA,NO APLICA,NO APLICA,NO APLICA,NO APLICA,,
DAÑOS,10/24/2020 12:00:00 AM,2020,1899-12-31T11:40:00.000,MAÑANA,6_SABADO,PRIMERO DE MAYO,CALLE 42 CARRERA 13,URBANA,TECNICO,353.702,-7.628.573,ADELANTAR CERRANDO,NO APLICA,CHOQUE,NO APLICA,NO APLICA,NO APLICA,NO APLICA,AUTOMOVIL,CHEVROLET,PALMIRA,NO APLICA,NO APLICA,,
DAÑOS,10/24/2020 12:00:00 AM,2020,1899-12-31T11:40:00.000,MAÑANA,6_SABADO,PRIMERO DE MAYO,CALLE 42 CARRERA 13,URBANA,TECNICO,353.702,-7.628.573,ADELANTAR CERRANDO,NO APLICA,CHOQUE,NO APLICA,NO APLICA,NO APLICA,NO APLICA,AUTOMOVIL,KIA,PALMIRA,NO APLICA,NO APLICA,,
HERIDOS,10/24/2020 12:00:00 AM,2020,1899-12-31T07:20:00.000,MAÑANA,6_SABADO,INDUSTRIAL,CALLE 42 CARRERA 35,URBANA,TECNICO,353.873,-7.630.687,POR ESTABLECER,MOTOCICLISTA,VOLCAMIENTO,1,NO APLICA,SANTA BARBARA,NO APLICA,MOTO,HERO,FLORIDA,PARTICULAR,NO APLICA,,
HERIDOS,10/24/2020 12:00:00 AM,2020,1899-12-31T07:20:00.000,MAÑANA,6_SABADO,INDUSTRIAL,CALLE 42 CARRERA 35,URBANA,TECNICO,353.873,-7.630.687,POR ESTABLECER,NO APLICA,VOLCAMIENTO,NO APLICA,NO APLICA,NO APLICA,NO APLICA,BUS,AGRALE,GUACARI,PUBLICO,TRANSPORTES MEJIA,,
DAÑOS,10/15/2020 12:00:00 AM,2020,1899-12-31T12:10:00.000,TARDE,4_JUEVES,LOS SAUSES,CARRERA 1 CALLE 34,URBANA,TECNICO,353.037,-7.627.731,IMPERICIA EN ELMANEJO,NO APLICA,VOLCAMIENTO,NO APLICA,NO APLICA,NO APLICA,NO APLICA,MOTO,SUZUKI,PALMIRA,PARTICULAR,NO APLICA,,
MUERTO,10/25/2020 12:00:00 AM,2020,1899-12-31T18:00:00.000,NOCHE,7_DOMINGO,CENTRO POBLADO LA TORRE,CALLE 10 N 16-502,RURAL,TECNICO,361.838,-7.642.282,CAMBIO DE CARRIL CON O SIN INDICACION,MOTOCICLISTA,CHOQUE,1,NO APLICA,RAUL ROZO,NO APLICA,MOTO,SUZUKI,CALI,PARTICULAR,NO APLICA,,