GRAVEDAD,FECHA,AÑO,HORA,JORNADA,DIA_SEMANA,BARRIOS-COREGIMIENTO- VIA,DIRECCION,ZONA,AUTORIDAD,LAT,LONG,HIPOTESIS,CONDICION DE LA VICTIMA,CLASE DE SINIESTRO,LESIONADO,HOMICIDIOS,CLINICA,SITIO,CLASE VEHICULO,MARCA,MATRICULA,TIPO DE SERVICIO,EMPRESA, , 
HERIDOS,11/28/2020 12:00:00 AM,2020,1899-12-31T02:10:00.000,MADRUGADA,6_SABADO,NUEVO,CARRERA 31 CALLE 19,URBANA,TECNICO,351.816,-7.630.326,NO ESTAR PENDIENTE DE LA VIA,MOTOCICLISTA,CHOQUE,1,NO APLICA,RAUL,NO APLICA,MOTO,HONDA,PRADERA,PARTICULAR,NO APLICA,,
HERIDOS,11/28/2020 12:00:00 AM,2020,1899-12-31T02:10:00.000,MADRUGADA,6_SABADO,NUEVO,CARRERA 31 CALLE 19,URBANA,TECNICO,351.816,-7.630.326,NO ESTAR PENDIENTE DE LA VIA,MOTOCICLISTA,CHOQUE,1,NO APLICA,RAUL,NO APLICA,MOTO,YAMAHA,GUACARI,PARTICULAR,NO APLICA,,
HERIDOS,11/28/2020 12:00:00 AM,2020,1899-12-31T13:00:00.000,TARDE,6_SABADO,URIBE,CARRERA 19 CALLE 33A -20,URBANA,TECNICO,352.934,-7.629.049,ARRANCAR SIN PRECAUCION,MOTOCICLISTA,CHOQUE,1,NO APLICA,PALMA,NO APLICA,MOTO,AUTECO,GUACARI,PARTICULAR,NO APLICA,,
HERIDOS,11/28/2020 12:00:00 AM,2020,1899-12-31T13:00:00.000,TARDE,6_SABADO,URIBE,CARRERA 19 CALLE 33A -20,URBANA,TECNICO,352.934,-7.629.049,ARRANCAR SIN PRECAUCION,MOTOCICLISTA,CHOQUE,1,NO APLICA,PALMA,NO APLICA,MOTO,HONDA,CALI,PARTICULAR,NO APLICA,,
DAÑOS,11/29/2020 12:00:00 AM,2020,1899-12-31T11:30:00.000,TARDE,7_DOMINGO,SAN PEDRO,CARRERA 19 CALLE 36,URBANA,TECNICO,353.177,-7.629.047,GIRAR BRUSCAMENTE,NO APLICA,CHOQUE,NO APLICA,NO APLICA,NO APLICA,NO APLICA,AUTOMOVIL,CHEVROLET,CALI,PARTICULAR,NO APLICA,,
DAÑOS,11/29/2020 12:00:00 AM,2020,1899-12-31T11:30:00.000,TARDE,7_DOMINGO,SAN PEDRO,CARRERA 19 CALLE 36,URBANA,TECNICO,353.177,-7.629.047,GIRAR BRUSCAMENTE,NO APLICA,CHOQUE,NO APLICA,NO APLICA,NO APLICA,NO APLICA,MOTO,PIAGGIO,TUNJA,PARTICULAR,NO APLICA,,
HERIDOS,11/30/2020 12:00:00 AM,2020,1899-12-31T00:20:00.000,MADRUGADA,1_LUNES,CAMPESTRE,CALLE 42 CARRERA 11 -07,URBANA,TECNICO,353.693,-7.628.444,IMPERICIA EN MANEJO,MOTOCICLISTA,CHOQUE,1,NO APLICA,PALMA,NO APLICA,MOTO,SUZUKI,JAMUNDI,PARTICULAR,NO APLICA,,
HERIDOS,11/30/2020 12:00:00 AM,2020,1899-12-31T00:20:00.000,MADRUGADA,1_LUNES,CAMPESTRE,CALLE 42 CARRERA 11 -07,URBANA,TECNICO,353.693,-7.628.444,IMPERICIA EN MANEJO,ACOMPAÑANTE MOTOCICLISTA,CHOQUE,1,NO APLICA,PALMA,NO APLICA,NO APLICA,NO APLICA,NO APLICA,NO APLICA,NO APLICA,,
HERIDOS,11/30/2020 12:00:00 AM,2020,1899-12-31T15:15:00.000,TARDE,1_LUNES,COLOMBINA,CALLE 30 CARRERA 19,URBANA,TECNICO,352.601,-7.629.132,DESOBEDECER SEÑALES,NO APLICA,CHOQUE,NO APLICA,NO APLICA,NO APLICA,NO APLICA,CAMPERO,DAIHATSU,CALI,PARTICULAR,NO APLICA,,
HERIDOS,11/30/2020 12:00:00 AM,2020,1899-12-31T15:15:00.000,TARDE,1_LUNES,COLOMBINA,CALLE 30 CARRERA 19,URBANA,TECNICO,352.601,-7.629.132,DESOBEDECER SEÑALES,NO APLICA,CHOQUE,NO APLICA,NO APLICA,NO APLICA,NO APLICA,MOTO,HONDA,PALMIRA,PARTICULAR,NO APLICA,,
HERIDOS,11/30/2020 12:00:00 AM,2020,1899-12-31T15:15:00.000,TARDE,1_LUNES,COLOMBINA,CALLE 30 CARRERA 19,URBANA,TECNICO,352.601,-7.629.132,DESOBEDECER SEÑALES,ACOMPAÑANTE MOTOCICLISTA,CHOQUE,1,NO APLICA,FRACTURAS,NO APLICA,NO APLICA,NO APLICA,NO APLICA,NO APLICA,NO APLICA,,
DAÑOS,11/30/2020 12:00:00 AM,2020,1899-12-31T11:35:00.000,MAÑANA,1_LUNES,CENTRO POBLADO LA DOROLES,CALLE 0 TRASNVERSAL 1-220,RURAL,TECNICO,349.348,-7.647.971,HUECOS EN LA VIA,NO APLICA,VOLCAMIENTO,NO APLICA,NO APLICA,NO APLICA,NO APLICA,CAMION,MAZDA,CALI,PARTICULAR,NO APLICA,,
HERIDOS,11/30/2020 12:00:00 AM,2020,1899-12-31T09:30:00.000,MAÑANA,1_LUNES,NUEVO,CARRERA 31 CALLE 25,URBANA,TECNICO,352.314,-7.630.241,DESOBEDECER SEÑALES,MOTOCICLISTA,CHOQUE,1,NO APLICA,SANTA BARBARA,NO APLICA,MOTO,SUZUKI,LA UNION,PARTICULAR,NO APLICA,,
HERIDOS,11/30/2020 12:00:00 AM,2020,1899-12-31T09:30:00.000,MAÑANA,1_LUNES,NUEVO,CARRERA 31 CALLE 25,URBANA,TECNICO,352.314,-7.630.241,DESOBEDECER SEÑALES,NO APLICA,CHOQUE,NO APLICA,NO APLICA,NO APLICA,NO APLICA,CAMION,JAC,COTA,PUBLICO,NO APLICA,,
HERIDOS,11/30/2020 12:00:00 AM,2020,1899-12-31T12:50:00.000,TARDE,1_LUNES,FRAY LUIS,CALLE 42 CARRERA 49 ALQUERIA,URBANA,TECNICO,353.642,-7.631.999,NO ESTAR PENDIENTE D ELA VIA,NO APLICA,CHOQUE,NO APLICA,NO APLICA,NO APLICA,NO APLICA,AUTOMOVIL,RENAULT,CALI,PARTICULAR,NO APLICA,,
HERIDOS,11/30/2020 12:00:00 AM,2020,1899-12-31T12:50:00.000,TARDE,1_LUNES,FRAY LUIS,CALLE 42 CARRERA 49 ALQUERIA,URBANA,TECNICO,353.642,-7.631.999,NO ESTAR PENDIENTE D ELA VIA,MOTOCICLISTA,CHOQUE,1,NO APLICA,RAUL,NO APLICA,MOTO,YAMAHA,GUACARI,PARTICULAR,NO APLICA,,
DAÑOS,12/01/2020 12:00:00 AM,2020,1899-12-31T16:10:00.000,TARDE,2_MARTES,URIBE,CALLE 33 CARRERA 20,URBANA,TECNICO,352.933,-7.629.175,DESOBEDECER SEÑALES,NO APLICA,CHOQUE,NO APLICA,NO APLICA,NO APLICA,NO APLICA,CAMIONETA,SSANGYONG,CALI,PARTICULAR,NO APLICA,,
DAÑOS,12/01/2020 12:00:00 AM,2020,1899-12-31T16:10:00.000,TARDE,2_MARTES,URIBE,CALLE 33 CARRERA 20,URBANA,TECNICO,352.933,-7.629.175,DESOBEDECER SEÑALES,NO APLICA,CHOQUE,NO APLICA,NO APLICA,NO APLICA,NO APLICA,AUTOMOVIL,CHEVROLET,BUCARAMANGA,PARTICULAR,NO APLICA,,
HERIDOS,12/01/2020 12:00:00 AM,2020,1899-12-31T12:10:00.000,TARDE,2_MARTES,ALTAMIRA,CARRERA 27 CALLE 45,URBANA,TECNICO,354.022,-7.629.586,DESOBEDECER SEÑALES,MOTOCICLISTA,CHOQUE,1,NO APLICA,PALMA,NO APLICA,MOTO,KEEWAY,GUACARI,PARTICULAR,NO APLICA,,
HERIDOS,12/01/2020 12:00:00 AM,2020,1899-12-31T12:10:00.000,TARDE,2_MARTES,ALTAMIRA,CARRERA 27 CALLE 45,URBANA,TECNICO,354.022,-7.629.586,DESOBEDECER SEÑALES,NO APLICA,CHOQUE,NO APLICA,NO APLICA,NO APLICA,NO APLICA,AUTOMOVIL,CHERY,PALMIRA,PARTICULAR,NO APLICA,,
DAÑOS,12/01/2020 12:00:00 AM,2020,1899-12-31T19:30:00.000,NOCHE,2_MARTES,CENTRO,CARRERA 25 CALLE 29-30,URBANA,TECNICO,3.5261,-7.629.653,FALTA DE PRECAUCION,NO APLICA,CHOQUE,NO APLICA,NO APLICA,NO APLICA,NO APLICA,CAMION,CHEVROLET,PALMIRA,PUBLICO,NO APLICA,,
DAÑOS,12/01/2020 12:00:00 AM,2020,1899-12-31T19:30:00.000,NOCHE,2_MARTES,CENTRO,CARRERA 25 CALLE 29-30,URBANA,TECNICO,3.5261,-7.629.653,FALTA DE PRECAUCION,NO APLICA,CHOQUE,NO APLICA,NO APLICA,NO APLICA,NO APLICA,CAMIONETA,HYUNDAY,MEDELLIN,PARTICULAR,NO APLICA,,
DAÑOS,12/01/2020 12:00:00 AM,2020,1899-12-31T16:00:00.000,TARDE,2_MARTES,CENTRO,CALLE 28 CARRERA 32,URBANA,TECNICO,352.585,-7.630.273,SEMAFORO EN ROJO,NO APLICA,CHOQUE,NO APLICA,NO APLICA,NO APLICA,NO APLICA,AUTOMOVIL,CHEVROLET,CALI,PARTICULAR,NO APLICA,,
DAÑOS,12/01/2020 12:00:00 AM,2020,1899-12-31T16:00:00.000,TARDE,2_MARTES,CENTRO,CALLE 28 CARRERA 32,URBANA,TECNICO,352.585,-7.630.273,SEMAFORO EN ROJO,NO APLICA,CHOQUE,NO APLICA,NO APLICA,NO APLICA,NO APLICA,CAMIONETA,MAZDA,CALI,PARTICULAR,NO APLICA,,
HERIDOS,12/03/2020 12:00:00 AM,2020,1899-12-31T07:40:00.000,MAÑANA,4_JUEVES,SANTA BARBARA,CALLE 31 CARRERA 38 -26,URBANA,TECNICO,352.935,-7.630.817,POR ESTABLECER,NO APLICA,CHOQUE,NO APLICA,NO APLICA,NO APLICA,NO APLICA,AUTOMOVIL,FORD,CALI,PARTICULAR,NO APLICA,,
HERIDOS,12/03/2020 12:00:00 AM,2020,1899-12-31T07:40:00.000,MAÑANA,4_JUEVES,SANTA BARBARA,CALLE 31 CARRERA 38 -26,URBANA,TECNICO,352.935,-7.630.817,POR ESTABLECER,NO APLICA,CHOQUE,NO APLICA,NO APLICA,NO APLICA,NO APLICA,MOTO,HERO,GUACARI,PARTICULAR,NO APLICA,,
HERIDOS,12/03/2020 12:00:00 AM,2020,1899-12-31T07:40:00.000,MAÑANA,4_JUEVES,SANTA BARBARA,CALLE 31 CARRERA 38 -26,URBANA,TECNICO,352.935,-7.630.817,POR ESTABLECER,ACOMPAÑANTE MOTOCICLISTA,CHOQUE,1,NO APLICA,PALMIRA,NO APLICA,NO APLICA,NO APLICA,NO APLICA,NO APLICA,NO APLICA,,
DAÑOS,11/30/2020 12:00:00 AM,2020,1899-12-31T06:30:00.000,MAÑANA,1_LUNES,CHAPINERO SUR,TRASVERSAL 31A CALLE 4,URBANA,TECNICO,350.188,-7.631.073,REVERSO IMPRUDENTE,NO APLICA,CHOQUE,NO APLICA,NO APLICA,NO APLICA,NO APLICA,AUTOMOVIL,HYUNDAI,PALMIRA,PUBLICO,NO APLICA,,
DAÑOS,11/30/2020 12:00:00 AM,2020,1899-12-31T06:30:00.000,MAÑANA,1_LUNES,CHAPINERO SUR,TRASVERSAL 31A CALLE 4,URBANA,TECNICO,350.188,-7.631.073,REVERSO IMPRUDENTE,NO APLICA,CHOQUE,NO APLICA,NO APLICA,NO APLICA,NO APLICA,AUTOMOVIL,CHEVROLET,CALI,PARTICULAR,NO APLICA,,
DAÑOS,12/02/2020 12:00:00 AM,2020,1899-12-31T09:00:00.000,MAÑANA,3_MIERCOLES,SANTA RITA,CALLE 33 CARRERA 24,URBANA,TECNICO,352.988,-7.629.517,DESOBEDECER SEÑALES,NO APLICA,CHOQUE,NO APLICA,NO APLICA,NO APLICA,NO APLICA,AUTOMOVIL,HYUNDAI,PALMIRA,PARTICULAR,NO APLICA,,
DAÑOS,12/02/2020 12:00:00 AM,2020,1899-12-31T09:00:00.000,MAÑANA,3_MIERCOLES,SANTA RITA,CALLE 33 CARRERA 24,URBANA,TECNICO,352.988,-7.629.517,DESOBEDECER SEÑALES,NO APLICA,CHOQUE,NO APLICA,NO APLICA,NO APLICA,NO APLICA,AUTOMOVIL,NISSAN,BOGOTA,PARTICULAR,NO APLICA,,
HERIDOS,12/02/2020 12:00:00 AM,2020,1899-12-31T08:50:00.000,MAÑANA,3_MIERCOLES,SANTA RITA,CALLE 36 CARRERA 27,URBANA,TECNICO,353.262,-7.629.704,SEMAFORO EN ROJO,MOTOCICLISTA,CHOQUE,1,NO APLICA,FRACTURAS,NO APLICA,MOTO,BAJAJ,PRADERA,PARTICULAR,NO APLICA,,
HERIDOS,12/02/2020 12:00:00 AM,2020,1899-12-31T08:50:00.000,MAÑANA,3_MIERCOLES,SANTA RITA,CALLE 36 CARRERA 27,URBANA,TECNICO,353.262,-7.629.704,SEMAFORO EN ROJO,MOTOCICLISTA,CHOQUE,1,NO APLICA,PALMA,NO APLICA,MOTO,JINCHETG,PRADERA,PARTICULAR,NO APLICA,,
DAÑOS,12/02/2020 12:00:00 AM,2020,1899-12-31T12:40:00.000,TARDE,3_MIERCOLES,JUNAPABLO,CALLE 44 CARRERA 39,URBANA,TECNICO,3.5411,-7.631.015,SUBIRSE ALA ACERA,NO APLICA,CHOQUE,NO APLICA,NO APLICA,NO APLICA,NO APLICA,CAMIONETA,FREIGHT,CALI,PUBLICO,NO APLICA,,
HERIDOS,12/03/2020 12:00:00 AM,2020,1899-12-31T08:20:00.000,MAÑANA,4_JUEVES,LAS DEICIAS,CALLE 26 CARRERA 24,URBANA,TECNICO,352.276,-7.629.592,NO RESPETAR PRELACION,NO APLICA,CHOQUE,NO APLICA,NO APLICA,NO APLICA,NO APLICA,AUTOMOVIL,CHEVROLET,CALI,PARTICULAR,NO APLICA,,
HERIDOS,12/03/2020 12:00:00 AM,2020,1899-12-31T08:20:00.000,MAÑANA,4_JUEVES,LAS DEICIAS,CALLE 26 CARRERA 24,URBANA,TECNICO,352.276,-7.629.592,NO RESPETAR PRELACION,MOTOCICLISTA,CHOQUE,1,NO APLICA,PALMIRA,NO APLICA,MOTO,JIANLING,GUACARI,PARTICULAR,NO APLICA,,
DAÑOS,12/03/2020 12:00:00 AM,2020,1899-12-31T11:55:00.000,MAÑANA,4_JUEVES,URIBE,CALLE 30 CARRERA 21,URBANA,TECNICO,352.622,-7.629.304,DESOBEDECER SEÑALES,NO APLICA,CHOQUE,NO APLICA,NO APLICA,NO APLICA,NO APLICA,CAMIONETA,HYUNDAI,BOGOTA,PARTICULAR,NO APLICA,,
DAÑOS,12/03/2020 12:00:00 AM,2020,1899-12-31T11:55:00.000,MAÑANA,4_JUEVES,URIBE,CALLE 30 CARRERA 21,URBANA,TECNICO,352.622,-7.629.304,DESOBEDECER SEÑALES,NO APLICA,CHOQUE,NO APLICA,NO APLICA,NO APLICA,NO APLICA,AUTOMOVIL,CHEVROLET,PALMIRA,PARTICULAR,NO APLICA,,
HERIDOS,12/03/2020 12:00:00 AM,2020,1899-12-31T13:50:00.000,TARDE,4_JUEVES,CENTRO,CALLE 29 CARRERA 32,URBANA,TECNICO,3.5266,-7.630.262,SEMAFORO EN ROJO,NO APLICA,CHOQUE,NO APLICA,NO APLICA,NO APLICA,NO APLICA,MICROBUS,CHEVROLET,PALMIRA,PUBLICO,MONTEBELLO,,
HERIDOS,12/03/2020 12:00:00 AM,2020,1899-12-31T13:50:00.000,TARDE,4_JUEVES,CENTRO,CALLE 29 CARRERA 32,URBANA,TECNICO,3.5266,-7.630.262,SEMAFORO EN ROJO,MOTOCICLISTA,CHOQUE,NO APLICA,1,PALMIRA,NO APLICA,MOTO,SUZUKI,DOSQUEBRADAS,PARTICULAR,NO APLICA,,
DAÑOS,12/04/2020 12:00:00 AM,2020,1899-12-31T23:20:00.000,NOCHE,5_VIERNES,COLOMBIA,CALLE 36 CARRERA 31,URBANA,TECNICO,3.5332,-7.630.066,SEMAFORO EN ROJO,NO APLICA,CHOQUE,NO APLICA,NO APLICA,NO APLICA,NO APLICA,AUTOMOVIL,RENAULT,PALMIRA,PARTICULAR,NO APLICA,,
DAÑOS,12/04/2020 12:00:00 AM,2020,1899-12-31T23:20:00.000,NOCHE,5_VIERNES,COLOMBIA,CALLE 36 CARRERA 31,URBANA,TECNICO,3.5332,-7.630.066,SEMAFORO EN ROJO,NO APLICA,CHOQUE,NO APLICA,NO APLICA,NO APLICA,NO APLICA,AUTOMOVIL,CHEVROLET,GUACARI,PARTICULAR,NO APLICA,,
HERIDOS,12/05/2020 12:00:00 AM,2020,1899-12-31T01:02:00.000,MADRUGADA,6_SABADO,CENTRO,CALLE 28 CARRERA 28-29,URBANA,TECNICO,352.545,-7.629.918,ARRANCAR SIN PRECAUCION,MOTOCICLISTA,CHOQUE,1,NO APLICA,PALMIRA,NO APLICA,MOTO,BAJAJ,CALI,PARTICULAR,NO APLICA,,
HERIDOS,12/05/2020 12:00:00 AM,2020,1899-12-31T01:02:00.000,MADRUGADA,6_SABADO,CENTRO,CALLE 28 CARRERA 28-29,URBANA,TECNICO,352.545,-7.629.918,ARRANCAR SIN PRECAUCION,NO APLICA,CHOQUE,NO APLICA,NO APLICA,NO APLICA,NO APLICA,AUTOMOVIL,FAW,PALMIRA,PUBLICO,TRANS UNIDOS,,
DAÑOS,11/03/2020 12:00:00 AM,2020,1899-12-31T18:30:00.000,NOCHE,4_JUEVES,URIBE,CALLE 33 CARRERA 23,URBANA,TECNICO,3.5297,-7.629.425,DESOBEDECER SEÑALES,NO APLICA,CHOQUE,NO APLICA,NO APLICA,NO APLICA,NO APLICA,MOTO,HERO,FUNZA,PARTICULAR,NO APLICA,,
DAÑOS,11/03/2020 12:00:00 AM,2020,1899-12-31T18:30:00.000,NOCHE,4_JUEVES,URIBE,CALLE 33 CARRERA 23,URBANA,TECNICO,3.5297,-7.629.425,DESOBEDECER SEÑALES,NO APLICA,CHOQUE,NO APLICA,NO APLICA,NO APLICA,NO APLICA,AUTOMOVIL,HYUNDAI,CALI,PARTICULAR,NO APLICA,,
HERIDOS,12/04/2020 12:00:00 AM,2020,1899-12-31T19:30:00.000,NOCHE,5_VIERNES,LA ITALIA,AVENIDAD 9 CALLE 12,URBANA,TECNICO,350.371,-762.981,IMPERICIA EN EL MANEJO,NO APLICA,ATROPELLO,NO APLICA,NO APLICA,NO APLICA,NO APLICA,MOTO,SUZUKI,CAUCASIA,PARTICULAR,NO APLICA,,
HERIDOS,12/04/2020 12:00:00 AM,2020,1899-12-31T19:30:00.000,NOCHE,5_VIERNES,LA ITALIA,AVENIDAD 9 CALLE 12,URBANA,TECNICO,350.371,-762.981,IMPERICIA EN EL MANEJO,PEATON,ATROPELLO,1,NO APLICA,RAUL,NO APLICA,NO APLICA,NO APLICA,NO APLICA,NO APLICA,NO APLICA,,
MUERTO,12/05/2020 12:00:00 AM,2020,1899-12-31T14:50:00.000,TARDE,6_SABADO,VIA PALMIRA CORONADO -ROZO,KM 1 + 300 MTS,URBANA,TECNICO,356.546,-7.631.137,SALIRSE DE LA VIA,MOTOCICLISTA,VOLCAMIENTO,NO APLICA,1,NO APLICA,NO APLICA,MOTO,HONDA,FLORIDA,PARTICULAR,NO APLICA,,
HERIDOS,12/08/2020 12:00:00 AM,2020,1899-12-31T18:10:00.000,NOCHE,2_MARTES,CRISTALES,CALLE 44 CARREWRA 10-84,URBANA,TECNICO,353.992,-7.628.321,HUECOS EN LA VIA,MOTOCICLISTA,VOLCAMIENTO,1,NO APLICA,PALMA,NO APLICA,MOTO,SUZUKI,PEREIRA,PARTICULAR,NO APLICA,,
HERIDOS,12/08/2020 12:00:00 AM,2020,1899-12-31T18:10:00.000,NOCHE,2_MARTES,CRISTALES,CALLE 44 CARREWRA 10-84,URBANA,TECNICO,353.992,-7.628.321,HUECOS EN LA VIA,ACOMPAÑANTE MOTOCICLISTA,VOLCAMIENTO,1,NO APLICA,PALMA,NO APLICA,NO APLICA,NO APLICA,NIO,NO APLICA,NO APLICA,,
DAÑOS,12/06/2020 12:00:00 AM,2020,1899-12-31T16:20:00.000,TARDE,7_DOMINGO,ALAMEDA,CALLE 56 E CARRERA 25A-15,URBANA,TECNICO,354.697,-7.629.005,DAR MARCHA ATRÁS SIN MEDIDADS DE PRECAUCION,NO APLICA,CHOQUE,NO APLICA,NO APLICA,NO APLICA,NO APLICA,CAMION,HINO,GUACARI,PARTICULAR,NO APLICA,,
DAÑOS,12/06/2020 12:00:00 AM,2020,1899-12-31T16:20:00.000,TARDE,7_DOMINGO,ALAMEDA,CALLE 56 E CARRERA 25A-15,URBANA,TECNICO,354.697,-7.629.005,DAR MARCHA ATRÁS SIN MEDIDADS DE PRECAUCION,NO APLICA,CHOQUE,NO APLICA,NO APLICA,NO APLICA,NO APLICA,CAMIONETA,NISSAN,FUNZA,PARTICULAR,NO APLICA,,
DAÑOS,12/05/2020 12:00:00 AM,2020,1899-12-31T20:35:00.000,NOCHE,6_SABADO,PRADO,CALLE 36 CARRERA 41,URBANA,TECNICO,353.324,-7.631.136,NO RESPETAR PRELACION,NO APLICA,CHOQUE,NO APLICA,NO APLICA,NO APLICA,NO APLICA,MOTO,HERO,PALMIRA,PARTICULAR,NO APLICA,,
DAÑOS,12/05/2020 12:00:00 AM,2020,1899-12-31T20:35:00.000,NOCHE,6_SABADO,PRADO,CALLE 36 CARRERA 41,URBANA,TECNICO,353.324,-7.631.136,NO RESPETAR PRELACION,NO APLICA,CHOQUE,NO APLICA,NO APLICA,NO APLICA,NO APLICA,MOTO,HONDA,GUACARI,PARTICULAR,NO APLICA,,
DAÑOS,12/06/2020 12:00:00 AM,2020,1899-12-31T10:20:00.000,MAÑANA,1_LUNES,ALAMEDA,CALLE 70 CARRERA 25,URBANA,TECNICO,355.613,-7.628.668,DESOBEDECER SEÑALES,NO APLICA,CHOQUE,NO APLICA,NO APLICA,NO APLICA,NO APLICA,AUTOMOVIL,SUZUKI,CALI,PARTICULAR,NO APLICA,,
DAÑOS,12/06/2020 12:00:00 AM,2020,1899-12-31T10:00:00.000,MAÑANA,7_DOMINGO,RIVERA ESCOBAR,CALLE 31 CARRERA 35,URBANA,TECNICO,3.5276,-7.629.619,NO ESTAR PENDIENTE DE LA VIA,NO APLICA,CHOQUE,NO APLICA,NO APLICA,NO APLICA,NO APLICA,AUTOMOVIL,VOLKWAGEN,BOGOTA,PARTICULAR,NO APLICA,,
DAÑOS,12/06/2020 12:00:00 AM,2020,1899-12-31T10:00:00.000,MAÑANA,7_DOMINGO,RIVERA ESCOBAR,CALLE 31 CARRERA 35,URBANA,TECNICO,3.5276,-7.629.619,NO ESTAR PENDIENTE DE LA VIA,NO APLICA,CHOQUE,NO APLICA,NO APLICA,NO APLICA,NO APLICA,BUS,HINO,EL CERRITO,PARTICULAR,NO APLICA,,
HERIDOS,12/06/2020 12:00:00 AM,2020,1899-12-31T12:20:00.000,TARDE,7_DOMINGO,NUEVO,CALLE 22 CARRERA 30,URBANA,TECNICO,352.048,-7.630.187,ARRANCAR SIN PRECAUCION,MOTOCICLISTA,CHOQUE,1,NO APLICA,PALMIRA,NO APLICA,MOTO,JIANLING,PRADERA,PARTICULAR,NO APLICA,,
HERIDOS,12/06/2020 12:00:00 AM,2020,1899-12-31T12:20:00.000,TARDE,7_DOMINGO,NUEVO,CALLE 22 CARRERA 30,URBANA,TECNICO,352.048,-7.630.187,ARRANCAR SIN PRECAUCION,NO APLICA,CHOQUE,NO APLICA,NO APLICA,NO APLICA,NO APLICA,AUTOMOVIL,KIA,CALI,PARTICULAR,NO APLICA,,
DAÑOS,12/07/2020 12:00:00 AM,2020,1899-12-31T07:20:00.000,MAÑANA,1_LUNES,URIBE,CALLE 33 CARRERA 21,URBANA,TECNICO,352.946,-7.629.262,DESOBEDECER SEÑALES,NO APLICA,CHOQUE,NO APLICA,NO APLICA,NO APLICA,NO APLICA,AUTOMOVIL,CHEVROLET,PALMIRA,PARTICULAR,NO APLICA,,
DAÑOS,12/07/2020 12:00:00 AM,2020,1899-12-31T07:20:00.000,MAÑANA,1_LUNES,URIBE,CALLE 33 CARRERA 21,URBANA,TECNICO,352.946,-7.629.262,DESOBEDECER SEÑALES,NO APLICA,CHOQUE,NO APLICA,NO APLICA,NO APLICA,NO APLICA,MOTO,VICTORY,FLORIDA,PARTICULAR,NO APLICA,,
HERIDOS,12/08/2020 12:00:00 AM,2020,1899-12-31T04:30:00.000,MADRUGADA,2_MARTES,PORTAL DE LAS PALMAS,CALLE 46 CARRERA 44,URBANA,TECNICO,354.154,-7.631.567,PERDIDA DEL CONTROL,NO APLICA,CHOQUE,NO APLICA,NO APLICA,NO APLICA,NO APLICA,MOTO,HON0A,PALMIRA,PARTICULAR,NO APLICA,,
HERIDOS,12/08/2020 12:00:00 AM,2020,1899-12-31T04:30:00.000,MADRUGADA,2_MARTES,PORTAL DE LAS PALMAS,CALLE 46 CARRERA 44,URBANA,TECNICO,354.154,-7.631.567,PERDIDA DEL CONTROL,ACOMPAÑANTE MOTOCICLISTA,CHOQUE,1,NO APLICA,PALMA,NO APLICA,NO APLICA,NO APLICA,NO APLICA,NO APLICA,NO APLICA,,
DAÑOS,12/09/2020 12:00:00 AM,2020,1899-12-31T06:40:00.000,MAÑANA,3_MIERCOLES,MERCEDES,CARRERA 25 CALLE 57,URBANA,TECNICO,354.813,-7.629.091,PONER EN MARCHA VEHICULO SIN PRECAUCION,NO APLICA,CHOQUE,NO APLICA,NO APLICA,NO APLICA,NO APLICA,AUTOMOVIL,CHEVROLET,BOGOTA,PARTICULAR,NO APLICA,,
DAÑOS,12/09/2020 12:00:00 AM,2020,1899-12-31T06:40:00.000,MAÑANA,3_MIERCOLES,MERCEDES,CARRERA 25 CALLE 57,URBANA,TECNICO,354.813,-7.629.091,PONER EN MARCHA VEHICULO SIN PRECAUCION,NO APLICA,CHOQUE,NO APLICA,NO APLICA,NO APLICA,NO APLICA,AUTOMOVIL,CHEVROLET,BOGOTA,PARTICULAR,NO APLICA,,
DAÑOS,12/09/2020 12:00:00 AM,2020,1899-12-31T10:00:00.000,MAÑANA,3_MIERCOLES,NUEVO,CARRERA 30 CALLE 27,URBANA,TECNICO,352.471,-7.630.118,ESTACIONARSE SIN SEGURIDAD,NO APLICA,CHOQUE,NO APLICA,NO APLICA,NO APLICA,NO APLICA,MOTO,KIMCO,CANDELARIA,PARTICULAR,NO APLICA,,
DAÑOS,12/09/2020 12:00:00 AM,2020,1899-12-31T10:00:00.000,MAÑANA,3_MIERCOLES,NUEVO,CARRERA 30 CALLE 27,URBANA,TECNICO,352.471,-7.630.118,ESTACIONARSE SIN SEGURIDAD,NO APLICA,CHOQUE,NO APLICA,NO APLICA,NO APLICA,NO APLICA,CAMIONETA,CHERY,CALI,PARTICULAR,NO APLICA,,
DAÑOS,12/08/2020 12:00:00 AM,2020,1899-12-31T19:30:00.000,NOCHE,2_MARTES,SAN PEDRO,CARRERA 19 CALLE 38-39,URBANA,TECNICO,3.5341,-7.629.057,DISTRAERSE,NO APLICA,CHOQUE,NO APLICA,NO APLICA,NO APLICA,NO APLICA,AUTOMOVIL,HYUNDAI,CALI,PARTICULAR,NO APLICA,,
DAÑOS,12/08/2020 12:00:00 AM,2020,1899-12-31T19:30:00.000,NOCHE,2_MARTES,SAN PEDRO,CARRERA 19 CALLE 38-39,URBANA,TECNICO,3.5341,-7.629.057,DISTRAERSE,NO APLICA,CHOQUE,NO APLICA,NO APLICA,NO APLICA,NO APLICA,AUTOMOVIL,CHEVROLET,CALI,PARTICULAR,NO APLICA,,