GRAVEDAD,FECHA,AÑO,HORA,JORNADA,DIA_SEMANA,BARRIOS-COREGIMIENTO- VIA,DIRECCION,ZONA,AUTORIDAD,LAT,LONG,HIPOTESIS,CONDICION DE LA VICTIMA,CLASE DE SINIESTRO,LESIONADO,HOMICIDIOS,CLINICA,SITIO,CLASE VEHICULO,MARCA,MATRICULA,TIPO DE SERVICIO,EMPRESA, , 
DAÑOS,12/07/2020 12:00:00 AM,2020,1899-12-31T18:10:00.000,NOCHE,1_LUNES,SAMANES,CALLE 47 CARRERA 28,URBANA,TECNICO,354.124,-7.629.672,NO MANTENER DISTANCIA,NO APLICA,CHOQUE,NO APLICA,NO APLICA,NO APLICA,NO APLICA,AUTOMOVIL,CHEVROLET,CALI,PARTICULAR,NO APLICA,,
DAÑOS,12/07/2020 12:00:00 AM,2020,1899-12-31T18:10:00.000,NOCHE,1_LUNES,SAMANES,CALLE 47 CARRERA 28,URBANA,TECNICO,354.124,-7.629.672,NO MANTENER DISTANCIA,NO APLICA,CHOQUE,NO APLICA,NO APLICA,NO APLICA,NO APLICA,CAMPERO,CHEVROLET,FLORIDA,PARTICULAR,NO APLICA,,
DAÑOS,12/07/2020 12:00:00 AM,2020,1899-12-31T20:00:00.000,NOCHE,1_LUNES,SANCAYETANO,CARRERA 19 CALLE 42,URBANA,TECNICO,353.701,-7.629.061,NO MANTENER DISTANCIA,NO APLICA,CHOQUE,NO APLICA,NO APLICA,NO APLICA,NO APLICA,AUTOMOVIL,RENAULT,PALMIRA,PARTICULAR,NO APLICA,,
DAÑOS,12/07/2020 12:00:00 AM,2020,1899-12-31T20:00:00.000,NOCHE,1_LUNES,SANCAYETANO,CARRERA 19 CALLE 42,URBANA,TECNICO,353.701,-7.629.061,NO MANTENER DISTANCIA,NO APLICA,CHOQUE,NO APLICA,NO APLICA,NO APLICA,NO APLICA,AUTOMOVIL,RENAULT,PALMIRA,PARTICULAR,NO APLICA,,
DAÑOS,12/07/2020 12:00:00 AM,2020,1899-12-31T20:00:00.000,NOCHE,1_LUNES,SANCAYETANO,CARRERA 19 CALLE 42,URBANA,TECNICO,353.701,-7.629.061,NO MANTENER DISTANCIA,NO APLICA,CHOQUE,NO APLICA,NO APLICA,NO APLICA,NO APLICA,AUTOMOVIL,CHEVROLET,PALMIRA,PUBLICO,NO APLICA,,
DAÑOS,12/07/2020 12:00:00 AM,2020,1899-12-31T19:00:00.000,NOCHE,1_LUNES,VERSALLE S,CALLE 42 CARRERA 28,URBANA,TECNICO,353.799,-7.629.704,NO RESPETAR PRELACION,NO APLICA,CHOQUE,NO APLICA,NO APLICA,NO APLICA,NO APLICA,AUTOMOVIL,MAZDA,CALI,PARTICULAR,NO APLICA,,
DAÑOS,12/07/2020 12:00:00 AM,2020,1899-12-31T19:00:00.000,NOCHE,1_LUNES,VERSALLE S,CALLE 42 CARRERA 28,URBANA,TECNICO,353.799,-7.629.704,NO RESPETAR PRELACION,NO APLICA,CHOQUE,NO APLICA,NO APLICA,NO APLICA,NO APLICA,BUS,HINO,CANDELARIA,PUBLICO,NO APLICA,,
DAÑOS,12/09/2020 12:00:00 AM,2020,1899-12-31T18:50:00.000,NOCHE,3_MIERCOLES,VERSALLE S,CALLE 42 CARRERA 28,URBANA,TECNICO,353.799,-7.629.704,ADELANTAR CERRANDO,NO APLICA,CHOQUE,NO APLICA,NO APLICA,NO APLICA,NO APLICA,AUTOMOVIL,KIA,PALMIRA,PARTICULAR,NO APLICA,,
DAÑOS,12/09/2020 12:00:00 AM,2020,1899-12-31T18:50:00.000,NOCHE,3_MIERCOLES,VERSALLE S,CALLE 42 CARRERA 28,URBANA,TECNICO,353.799,-7.629.704,ADELANTAR CERRANDO,NO APLICA,CHOQUE,NO APLICA,NO APLICA,NO APLICA,NO APLICA,BUS,HINO,EL CERRITO,PUBLICO,COODETRANS PALMIRA,,
DAÑOS,12/09/2020 12:00:00 AM,2020,1899-12-31T16:45:00.000,TARDE,3_MIERCOLES,NUEVO,CALLE 20 CARRERA 30,URBANA,TECNICO,351.878,-7.630.221,DESOBEDECER SEÑALES,NO APLICA,CHOQUE,NO APLICA,NO APLICA,NO APLICA,NO APLICA,AUTOMOVIL,MAZDA,CALI,PARTICULAR,NO APLICA,,
DAÑOS,12/09/2020 12:00:00 AM,2020,1899-12-31T16:45:00.000,TARDE,3_MIERCOLES,NUEVO,CALLE 20 CARRERA 30,URBANA,TECNICO,351.878,-7.630.221,DESOBEDECER SEÑALES,NO APLICA,CHOQUE,NO APLICA,NO APLICA,NO APLICA,NO APLICA,MOTO,YAMAHA,GUACARI,PARTICULAR,NO APLICA,,
DAÑOS,12/09/2020 12:00:00 AM,2020,1899-12-31T17:30:00.000,TARDE,3_MIERCOLES,SANTA RITA,CARRERA 27 CALLE 35,URBANA,TECNICO,353.182,-7.629.717,ARRANCAR SIN PRECAUCION,NO APLICA,CHOQUE,NO APLICA,NO APLICA,NO APLICA,NO APLICA,MOTO,HONDA,BOGOTA,PARTICULAR,NO APLICA,,
DAÑOS,12/09/2020 12:00:00 AM,2020,1899-12-31T17:30:00.000,TARDE,3_MIERCOLES,SANTA RITA,CARRERA 27 CALLE 35,URBANA,TECNICO,353.182,-7.629.717,ARRANCAR SIN PRECAUCION,NO APLICA,CHOQUE,NO APLICA,NO APLICA,NO APLICA,NO APLICA,AUTOMOVIL,RENAULT,CALI,PARTICULAR,NO APLICA,,
DAÑOS,12/10/2020 12:00:00 AM,2020,1899-12-31T09:15:00.000,MAÑANA,4_JUEVES,CENTRO POBLADO ROZO,CALLE 10 CARRERA 14-75,URBANA,TECNICO,361.521,-7.638.983,NO ESTAR PENDIENTE DE LA VIA,NO APLICA,CHOQUE,NO APLICA,NO APLICA,NO APLICA,NO APLICA,CAMIONETA,CHEVROLET,PALMIRA,PARTICULAR,NO APLICA,,
DAÑOS,12/10/2020 12:00:00 AM,2020,1899-12-31T09:15:00.000,MAÑANA,4_JUEVES,CENTRO POBLADO ROZO,CALLE 10 CARRERA 14-75,URBANA,TECNICO,361.521,-7.638.983,NO ESTAR PENDIENTE DE LA VIA,NO APLICA,CHOQUE,NO APLICA,NO APLICA,NO APLICA,NO APLICA,MOTOCARRO,AKT,PALMIRA,PUBLICO,NO APLICA,,
HERIDOS,12/10/2020 12:00:00 AM,2020,1899-12-31T11:00:00.000,MAÑANA,4_JUEVES,ESTONIA,CALLE 44 CARRERA 32A,URBANA,TECNICO,353.989,-7.630.138,ARRANCAR SIN PRECAUCION,MOTOCICLISTA,CHOQUE,1,NO APLICA,FRACTURAS,NO APLICA,MOTO,HERO,FLORIDA,PARTICULAR,NO APLICA,,
HERIDOS,12/10/2020 12:00:00 AM,2020,1899-12-31T11:00:00.000,MAÑANA,4_JUEVES,ESTONIA,CALLE 44 CARRERA 32A,URBANA,TECNICO,353.989,-7.630.138,ARRANCAR SIN PRECAUCION,NO APLICA,CHOQUE,NO APLICA,NO APLICA,NO APLICA,NO APLICA,AUTOMOVIL,RENAULT,MEDELLIN,PARTICULAR,NO APLICA,,
DAÑOS,12/10/2020 12:00:00 AM,2020,1899-12-31T11:50:00.000,MAÑANA,4_JUEVES,ZON FRANCA PALMASECA,BODEGA A5BY A413,RURAL,TECNICO,356.253,-7.645.058,REVERSO IMPRUDENTE,NO APLICA,CHOQUE,NO APLICA,NO APLICA,NO APLICA,NO APLICA,AUTOMOVIL,KIA,CALI,PARTICULAR,NO APLICA,,
DAÑOS,12/10/2020 12:00:00 AM,2020,1899-12-31T11:50:00.000,MAÑANA,4_JUEVES,ZON FRANCA PALMASECA,BODEGA A5BY A413,RURAL,TECNICO,356.253,-7.645.058,REVERSO IMPRUDENTE,NO APLICA,CHOQUE,NO APLICA,NO APLICA,NO APLICA,NO APLICA,TRACTO CAMION,KENWORTH,COTA,PUBLICO,NO APLICA,,
HERIDOS,12/10/2020 12:00:00 AM,2020,1899-12-31T09:00:00.000,MAÑANA,4_JUEVES,SANTA RITA,CALLE 33 CARRERA 26,URBANA,TECNICO,353.008,-762.967,INICIAR MARCHA SIN LA MEDIDAS DE PRECAUCON,MOTOCICLISTA,CHOQUE,1,NO APLICA,PALMIRA,NO APLICA,MOTO,AKT,PRADERA,PARTICULAR,NO APLICA,,
HERIDOS,12/10/2020 12:00:00 AM,2020,1899-12-31T09:00:00.000,MAÑANA,4_JUEVES,SANTA RITA,CALLE 33 CARRERA 26,URBANA,TECNICO,353.008,-762.967,INICIAR MARCHA SIN LA MEDIDAS DE PRECAUCON,NO APLICA,CHOQUE,NO APLICA,NO APLICA,NO APLICA,NO APLICA,CAMIONETA,CHANGAN,BOGOTA,PARTICULAR,NO APLICA,,
DAÑOS,12/10/2020 12:00:00 AM,2020,1899-12-31T15:30:00.000,TARDE,4_JUEVES,PORTAL DE LAS PALMAS,CALLE 49 CARRERA 42-43,URBANA,TECNICO,354.368,-7.631.345,NO OBSERVAR LA MEDIDAS DE PRACAUCION,NO APLICA,CHOQUE,NO APLICA,NO APLICA,NO APLICA,NO APLICA,MOTO,KEEWAY,PRADERA,PARTICULAR,NO APLICA,,
DAÑOS,12/10/2020 12:00:00 AM,2020,1899-12-31T15:30:00.000,TARDE,4_JUEVES,PORTAL DE LAS PALMAS,CALLE 49 CARRERA 42-43,URBANA,TECNICO,354.368,-7.631.345,NO OBSERVAR LA MEDIDAS DE PRACAUCION,NO APLICA,CHOQUE,NO APLICA,NO APLICA,NO APLICA,NO APLICA,AUTOMOVIL,CHEVROLET,PALMIRA,PARTICULAR,NO APLICA,,
DAÑOS,12/10/2020 12:00:00 AM,2020,1899-12-31T08:30:00.000,MAÑANA,4_JUEVES,SANTA RITA,CALLE 37A CARRERA 27*28,URBANA,TECNICO,353.406,-7.629.686,NO OBSERVAR LA MEDIDAS DE PRACAUCION,NO APLICA,CHOQUE,NO APLICA,NO APLICA,NO APLICA,NO APLICA,AUTOMOVIL,NISSAN,JAMUNDI,PARTICULAR,NO APLICA,,
DAÑOS,12/10/2020 12:00:00 AM,2020,1899-12-31T08:30:00.000,MAÑANA,4_JUEVES,SANTA RITA,CALLE 37A CARRERA 27*28,URBANA,TECNICO,353.406,-7.629.686,NO OBSERVAR LA MEDIDAS DE PRACAUCION,NO APLICA,CHOQUE,NO APLICA,NO APLICA,NO APLICA,NO APLICA,AUTOMOVIL,RENAULT,CALI,PARTICULAR,NO APLICA,,
HERIDOS,12/08/2020 12:00:00 AM,2020,1899-12-31T18:50:00.000,NOCHE,2_MARTES,ALTAMIRA,CARRERA 19 CALLE 47,URBANA,TECNICO,354.261,-7.629.102,NO ESTAR PENDIENTE DE LA VIA,NO APLICA,CHOQUE,NO APLICA,NO APLICA,NO APLICA,NO APLICA,CAMPERO,CHEVROLET,BOGOTA,PARTICULAR,NO APLICA,,
HERIDOS,12/08/2020 12:00:00 AM,2020,1899-12-31T18:50:00.000,NOCHE,2_MARTES,ALTAMIRA,CARRERA 19 CALLE 47,URBANA,TECNICO,354.261,-7.629.102,NO ESTAR PENDIENTE DE LA VIA,MOTOCICLISTA,CHOQUE,1,NO APLICA,RAUL,NO APLICA,MOTO,TONGKO,CALI,PARTICULAR,NO APLICA,,
HERIDOS,12/07/2020 12:00:00 AM,2020,1899-12-31T16:00:00.000,TARDE,1_LUNES,CHAPINERO,CARRERA 30 CALLE 18,URBANA,TECNICO,351.709,-7.630.347,DESOBEDECER SEÑALES,MOTOCICLISTA,CHOQUE,1,NO APLICA,PALMIRA,NO APLICA,MOTO,HONDA,CALI,PARTICULAR,NO APLICA,,
HERIDOS,12/07/2020 12:00:00 AM,2020,1899-12-31T16:00:00.000,TARDE,1_LUNES,CHAPINERO,CARRERA 30 CALLE 18,URBANA,TECNICO,351.709,-7.630.347,DESOBEDECER SEÑALES,NO APLICA,CHOQUE,NO APLICA,NO APLICA,NO APLICA,NO APLICA,AUTOMOVIL,KIA,PALMIRA,PARTICULAR,NO APLICA,,
HERIDOS,12/09/2020 12:00:00 AM,2020,1899-12-31T18:35:00.000,NOCHE,3_MIERCOLES,BIZERTA,CALLE 37 CARRERA 20,URBANA,TECNICO,353.283,-7.629.138,DESOBEDECER SEÑALES,NO APLICA,CHOQUE,NO APLICA,NO APLICA,NO APLICA,NO APLICA,AUTOMOVIL,MAZDA,BOGOTA,PARTICULAR,NO APLICA,,
HERIDOS,12/09/2020 12:00:00 AM,2020,1899-12-31T18:35:00.000,NOCHE,3_MIERCOLES,BIZERTA,CALLE 37 CARRERA 20,URBANA,TECNICO,353.283,-7.629.138,DESOBEDECER SEÑALES,MOTOCICLISTA,CHOQUE,1,NO APLICA,PALMA,NO APLICA,MOTO,YAMAHA,CALI,PARTICULAR,NO APLICA,,
HERIDOS,12/07/2020 12:00:00 AM,2020,1899-12-31T14:30:00.000,TARDE,1_LUNES,CENTRO,CALLE 31 CARRERA 33,URBANA,TECNICO,3.5286,-7.630.322,GIRAR BRUSCAMENTE,NO APLICA,CHOQUE,NO APLICA,NO APLICA,NO APLICA,NO APLICA,MOTO,KIMCO,PRADERA,PARTICULAR,NO APLICA,,
HERIDOS,12/07/2020 12:00:00 AM,2020,1899-12-31T14:30:00.000,TARDE,1_LUNES,CENTRO,CALLE 31 CARRERA 33,URBANA,TECNICO,3.5286,-7.630.322,GIRAR BRUSCAMENTE,NO APLICA,CHOQUE,NO APLICA,NO APLICA,NO APLICA,NO APLICA,MOTOCARRO,PIAGGIO,PALMIRA,PUBLICO,NO APLICA,,
HERIDOS,12/07/2020 12:00:00 AM,2020,1899-12-31T14:30:00.000,TARDE,1_LUNES,CENTRO,CALLE 31 CARRERA 33,URBANA,TECNICO,3.5286,-7.630.322,GIRAR BRUSCAMENTE,ACOMPAÑANTE MOTOCICLISTA,CHOQUE,1,NO APLICA,PALMIRA,NO APLICA,NO APLICA,NO APLICA,NO APLICA,NO APLICA,NO APLICA,,
DAÑOS,12/10/2020 12:00:00 AM,2020,1899-12-31T13:40:00.000,TARDE,4_JUEVES,CORONADO,CALLE 57A CARRERA 48B,URBANA,TECNICO,3.5493,-7.631.769,PONER EN MARCHA VEHICULO SIN PRECAUCION,NO APLICA,CHOQUE,NO APLICA,NO APLICA,NO APLICA,NO APLICA,AUTOMOVIL,RENAULT,CALI,PARTICULAR,NO APLICA,,
DAÑOS,12/10/2020 12:00:00 AM,2020,1899-12-31T13:40:00.000,TARDE,4_JUEVES,CORONADO,CALLE 57A CARRERA 48B,URBANA,TECNICO,3.5493,-7.631.769,PONER EN MARCHA VEHICULO SIN PRECAUCION,NO APLICA,CHOQUE,NO APLICA,NO APLICA,NO APLICA,NO APLICA,MOTO,HERO,CALI,PARTICULAR,NO APLICA,,
HERIDOS,12/10/2020 12:00:00 AM,2020,1899-12-31T12:50:00.000,TARDE,4_JUEVES,CENTRO,CALLE 29 CARRERA 32,URBANA,TECNICO,3.5266,-7.630.261,SEMAFORO EN ROJO,MOTOCICLISTA,CHOQUE,1,NO APLICA,PALMIRA,NO APLICA,MOTO,HONDA,GUACARI,PARTICULAR,NO APLICA,,
HERIDOS,12/10/2020 12:00:00 AM,2020,1899-12-31T12:50:00.000,TARDE,4_JUEVES,CENTRO,CALLE 29 CARRERA 32,URBANA,TECNICO,3.5266,-7.630.261,SEMAFORO EN ROJO,MOTOCICLISTA,CHOQUE,1,NO APLICA,PALMIRA,NO APLICA,MOTO,JIANLING,JAMUNDI,PARTICULAR,NO APLICA,,
HERIDOS,12/10/2020 12:00:00 AM,2020,1899-12-31T12:50:00.000,TARDE,4_JUEVES,CENTRO,CALLE 29 CARRERA 32,URBANA,TECNICO,3.5266,-7.630.261,SEMAFORO EN ROJO,ACOMPAÑANTE MOTOCICLISTA,CHOQUE,1,NO APLICA,PALMIRA,NO APLICA,NO APLICA,NO APLICA,NO APLICA,NO APLICA,NO APLICA,,
HERIDOS,12/10/2020 12:00:00 AM,2020,1899-12-31T12:50:00.000,TARDE,4_JUEVES,CENTRO,CALLE 29 CARRERA 32,URBANA,TECNICO,3.5266,-7.630.261,SEMAFORO EN ROJO,ACOMPAÑANTE MOTOCICLISTA,CHOQUE,1,NO APLICA,PALMIRA,NO APLICA,NO APLICA,NO APLICA,NO APLICA,NO APLICA,NO APLICA,,
DAÑOS,12/12/2020 12:00:00 AM,2020,1899-12-31T13:10:00.000,TARDE,6_SABADO,CENTRO,CALLE 32 CARRERA 30-38,URBANA,TECNICO,352.915,-7.630.077,ARRANCAR SIN PRECAUCION,NO APLICA,CHOQUE,NO APLICA,NO APLICA,NO APLICA,NO APLICA,AUTOMOVIL,CHEVROLET,GUACARI,PARTICULAR,NO APLICA,,
DAÑOS,12/12/2020 12:00:00 AM,2020,1899-12-31T13:10:00.000,TARDE,6_SABADO,CENTRO,CALLE 32 CARRERA 30-38,URBANA,TECNICO,352.915,-7.630.077,ARRANCAR SIN PRECAUCION,NO APLICA,CHOQUE,NO APLICA,NO APLICA,NO APLICA,NO APLICA,AUTOMOVIL,NISSAN,CALI,PARTICULAR,NO APLICA,,
HERIDOS,12/11/2020 12:00:00 AM,2020,1899-12-31T18:20:00.000,NOCHE,5_VIERNES,COLOMBIA,CALLE 33 CARRERA 33 -38,URBANA,TECNICO,353.107,-7.630.323,CAMBIO DE CARRIL CON O SIN INDICACION,NO APLICA,CHOQUE,NO APLICA,NO APLICA,NO APLICA,NO APLICA,AUTOMOVIL,JAC,PALMIRA,PUBLICO,NO APLICA,,
HERIDOS,12/11/2020 12:00:00 AM,2020,1899-12-31T18:20:00.000,NOCHE,5_VIERNES,COLOMBIA,CALLE 33 CARRERA 33 -38,URBANA,TECNICO,353.107,-7.630.323,CAMBIO DE CARRIL CON O SIN INDICACION,MOTOCICLISTA,CHOQUE,1,NO APLICA,SANTA BARBARA,NO APLICA,MOTO,SUZUKI,PRADERA,PARTICULAR,NO APLICA,,
DAÑOS,12/12/2020 12:00:00 AM,2020,1899-12-31T15:30:00.000,TARDE,6_SABADO,VERSALLE S,CALLE 42 CARRERA 29-20,URBANA,TECNICO,353.797,-7.629.827,NO MANTENER DISTANCIA,NO APLICA,CHOQUE,NO APLICA,NO APLICA,NO APLICA,NO APLICA,AUTOMOVIL,CHEVROLET,CALI,PARTICULAR,NO APLICA,,
DAÑOS,12/12/2020 12:00:00 AM,2020,1899-12-31T15:30:00.000,TARDE,6_SABADO,VERSALLE S,CALLE 42 CARRERA 29-20,URBANA,TECNICO,353.797,-7.629.827,NO MANTENER DISTANCIA,NO APLICA,CHOQUE,NO APLICA,NO APLICA,NO APLICA,NO APLICA,MOTO,YAMAHA,GUACARI,PARTICULAR,NO APLICA,,
DAÑOS,12/12/2020 12:00:00 AM,2020,1899-12-31T19:00:00.000,TARDE,6_SABADO,NUEVO,CARRERA 33A CALLE 20-21,URBANA,TECNICO,351.945,-7.630.522,NO MANTENER DISTANCIA SEGURIDAD,NO APLICA,CHOQUE,NO APLICA,NO APLICA,NO APLICA,NO APLICA,AUTOMOVIL,SUZUKI,CALI,PARTICULAR,NO APLICA,,
DAÑOS,12/12/2020 12:00:00 AM,2020,1899-12-31T19:00:00.000,TARDE,6_SABADO,NUEVO,CARRERA 33A CALLE 20-21,URBANA,TECNICO,351.945,-7.630.522,NO MANTENER DISTANCIA SEGURIDAD,NO APLICA,CHOQUE,NO APLICA,NO APLICA,NO APLICA,NO APLICA,AUTOMOVIL,RENAULT,PRADERA,PARTICULAR,NO APLICA,,
DAÑOS,12/13/2020 12:00:00 AM,2020,1899-12-31T15:30:00.000,TARDE,7_DOMINGO,COLOMBINA,CALLE 29 CARRERA 15-56,URBANA,TECNICO,3.5246,-7.628.835,FALTA DE PRECAUCION,NO APLICA,CHOQUE,NO APLICA,NO APLICA,NO APLICA,NO APLICA,BUSETA,CHEVROLET,ELCERRITO,PUBLICO,EXPRESO FLORIDA,,
DAÑOS,12/13/2020 12:00:00 AM,2020,1899-12-31T16:00:00.000,TARDE,7_DOMINGO,SANTA ISABEL,CARRERA 28 CALLE 43 -44,URBANA,TECNICO,3.5246,-7.628.835,FALTA DE PRECAUCION,NO APLICA,CHOQUE,NO APLICA,NO APLICA,NO APLICA,NO APLICA,MICROBUS,IVECO,SANTANDER,PUBLICO,VALLE CAUCANA,,
DAÑOS,12/13/2020 12:00:00 AM,2020,1899-12-31T16:00:00.000,TARDE,7_DOMINGO,SANTA ISABEL,CARRERA 28 CALLE 43 -44,URBANA,TECNICO,3.5246,-7.628.835,FALTA DE PRECAUCION,NO APLICA,CHOQUE,NO APLICA,NO APLICA,NO APLICA,NO APLICA,MICROBUS,HINO,GUACARI,PUBLICO,COODETRANS PALMIRA,,
HERIDOS,12/13/2020 12:00:00 AM,2020,1899-12-31T18:00:00.000,NOCHE,7_DOMINGO,NUEVO,CARRERA 32 CALLE 27,URBANA,TECNICO,352.496,-7.630.287,DESOBEDECER SEÑALES,NO APLICA,CHOQUE,NO APLICA,NO APLICA,NO APLICA,NO APLICA,AUTOMOVIL,MAZDA,CALI,PARTICULAR,NO APLICA,,
HERIDOS,12/13/2020 12:00:00 AM,2020,1899-12-31T18:00:00.000,NOCHE,7_DOMINGO,NUEVO,CARRERA 32 CALLE 27,URBANA,TECNICO,352.496,-7.630.287,DESOBEDECER SEÑALES,NO APLICA,CHOQUE,NO APLICA,NO APLICA,NO APLICA,NO APLICA,AUTOMOVIL,CHEVROLET,EL CERRITO,PARTICULAR,NO APLICA,,
HERIDOS,12/13/2020 12:00:00 AM,2020,1899-12-31T18:00:00.000,NOCHE,7_DOMINGO,NUEVO,CARRERA 32 CALLE 27,URBANA,TECNICO,352.496,-7.630.287,DESOBEDECER SEÑALES,PEATON,CHOQUE,1,NO APLICA,PALMIRA,NO APLICA,NO APLICA,NO APLICA,NO APLICA,NO APLICA,NO APLICA,,
HERIDOS,12/13/2020 12:00:00 AM,2020,1899-12-31T18:00:00.000,NOCHE,7_DOMINGO,NUEVO,CARRERA 32 CALLE 27,URBANA,TECNICO,352.496,-7.630.287,DESOBEDECER SEÑALES,ACOMPAÑANTE MOTOCICLISTA,CHOQUE,1,NO APLICA,PALMIRA,NO APLICA,NO APLICA,NO APLICA,NO APLICA,NO APLICA,NO APLICA,,
HERIDOS,12/13/2020 12:00:00 AM,2020,1899-12-31T18:20:00.000,NOCHE,7_DOMINGO,VERSALLE S,CALLE 42 CARRERA 26,URBANA,TECNICO,353.776,-7.629.542,CRUZAR SIN OBSERVAR,NO APLICA,ATROPELLO,NO APLICA,NO APLICA,NO APLICA,NO APLICA,MOTO,AKT,CALI,PARTICULAR,NO APLICA,,
HERIDOS,12/13/2020 12:00:00 AM,2020,1899-12-31T18:20:00.000,NOCHE,7_DOMINGO,VERSALLE S,CALLE 42 CARRERA 26,URBANA,TECNICO,353.776,-7.629.542,CRUZAR SIN OBSERVAR,PEATON,ATROPELLO,1,NO APLICA,RAUL,NO APLICA,NO APLICA,NO APLICA,NO APLICA,NO APLICA,NO APLICA,,
HERIDOS,12/13/2020 12:00:00 AM,2020,1899-12-31T01:00:00.000,MADRUGADA,7_DOMINGO,CENTRO,CALLE 31 CARRERA 29-14,URBANA,TECNICO,3.5281,-7.629.987,SEMAFORO EN ROJO,MOTOCICLISTA,CHOQUE,1,NO APLICA,RAUL,NO APLICA,MOTO,YAMAHA,MEDELLIN,PARTICULAR,NO APLICA,,
HERIDOS,12/13/2020 12:00:00 AM,2020,1899-12-31T01:00:00.000,MADRUGADA,7_DOMINGO,CENTRO,CALLE 31 CARRERA 29-14,URBANA,TECNICO,3.5281,-7.629.987,SEMAFORO EN ROJO,NO APLICA,CHOQUE,NO APLICA,NO APLICA,NO APLICA,NO APLICA,AUTOMOVIL,RENAULT,FLORIDA,PARTICULAR,NO APLICA,,
DAÑOS,12/11/2020 12:00:00 AM,2020,1899-12-31T13:45:00.000,TARDE,5_VIERNES,ESTONIA,CALLE 46 CARRERA 30,URBANA,TECNICO,354.136,-7.629.833,ARRANCAR SIN PRECAUCION,NO APLICA,CHOQUE,NO APLICA,NO APLICA,NO APLICA,NO APLICA,MOTO,HONDA,BUG,PARTICULAR,NO APLICA,,
DAÑOS,12/11/2020 12:00:00 AM,2020,1899-12-31T13:45:00.000,TARDE,5_VIERNES,ESTONIA,CALLE 46 CARRERA 30,URBANA,TECNICO,354.136,-7.629.833,ARRANCAR SIN PRECAUCION,NO APLICA,CHOQUE,NO APLICA,NO APLICA,NO APLICA,NO APLICA,CAMIONETA,NISSAN,CALI,PARTICULAR,NO APLICA,,
DAÑOS,12/11/2020 12:00:00 AM,2020,1899-12-31T14:20:00.000,TARDE,5_VIERNES,OLIMPICO,CALLE 25 CARRERA 36A,URBANA,TECNICO,352.318,-7.630.854,NO TOMAR LA MEDIDAS DE PRECUCION APARA ADELANTAR,NO APLICA,CHOQUE,NO APLICA,NO APLICA,NO APLICA,NO APLICA,AUTOMOVIL,CHEVROLET,PALMIRA,PARTICULAR,NO APLICA,,
DAÑOS,12/11/2020 12:00:00 AM,2020,1899-12-31T14:20:00.000,TARDE,5_VIERNES,OLIMPICO,CALLE 25 CARRERA 36A,URBANA,TECNICO,352.318,-7.630.854,NO TOMAR LA MEDIDAS DE PRECUCION APARA ADELANTAR,NO APLICA,CHOQUE,NO APLICA,NO APLICA,NO APLICA,NO APLICA,CAMION,MERCEDES,CALI,PUBLICO,NO APLICA,,
DAÑOS,12/13/2020 12:00:00 AM,2020,1899-12-31T13:00:00.000,TARDE,7_DOMINGO,OLIMPICO,CARRERA 35 CALLE 26,URBANA,TECNICO,3.5251,-7.630.628,ARRANCAR SIN PRECAUCION,NO APLICA,CHOQUE,NO APLICA,NO APLICA,NO APLICA,NO APLICA,AUTOMOVIL,KIA,PALMIRA,PARTICULAR,NO APLICA,,
DAÑOS,12/13/2020 12:00:00 AM,2020,1899-12-31T13:00:00.000,TARDE,7_DOMINGO,OLIMPICO,CARRERA 35 CALLE 26,URBANA,TECNICO,3.5251,-7.630.628,ARRANCAR SIN PRECAUCION,NO APLICA,CHOQUE,NO APLICA,NO APLICA,NO APLICA,NO APLICA,AUTOMOVIL,NISSAN,PALMIRA,PARTICULAR,NO APLICA,,
DAÑOS,12/14/2020 12:00:00 AM,2020,1899-12-31T07:15:00.000,MAÑANA,1_LUNES,INDUSTRIAL,CALLE 42 CARRERA 34B-34C,URBANA,TECNICO,353.858,-7.630.384,POR ESTABLECER,NO APLICA,CHOQUE,NO APLICA,NO APLICA,NO APLICA,NO APLICA,AUTOMOVIL,KIA,PALMIRA,PARTICULAR,NO APLICA,,
DAÑOS,12/14/2020 12:00:00 AM,2020,1899-12-31T07:15:00.000,MAÑANA,1_LUNES,INDUSTRIAL,CALLE 42 CARRERA 34B-34C,URBANA,TECNICO,353.858,-7.630.384,POR ESTABLECER,NO APLICA,CHOQUE,NO APLICA,NO APLICA,NO APLICA,NO APLICA,MOTO,HONDA,CALI,PARTICULAR,NO APLICA,,
DAÑOS,12/14/2020 12:00:00 AM,2020,1899-12-31T07:20:00.000,MAÑANA,1_LUNES,INDUSTRIAL,CALLE 42 CARRERA 35,URBANA,TECNICO,353.902,-7.630.685,NO RESPETAR PRELACION,NO APLICA,CHOQUE,NO APLICA,NO APLICA,NO APLICA,NO APLICA,CAMIONETA,KIA,BOGOTA,PARTICULAR,NO APLICA,,
DAÑOS,12/14/2020 12:00:00 AM,2020,1899-12-31T07:20:00.000,MAÑANA,1_LUNES,INDUSTRIAL,CALLE 42 CARRERA 35,URBANA,TECNICO,353.902,-7.630.685,NO RESPETAR PRELACION,NO APLICA,CHOQUE,NO APLICA,NO APLICA,NO APLICA,NO APLICA,MOTO,HONDA,CALI,PARTICULAR,NO APLICA,,