GRAVEDAD,FECHA,AÑO,HORA,JORNADA,DIA_SEMANA,BARRIOS-COREGIMIENTO- VIA,DIRECCION,ZONA,AUTORIDAD,LAT,LONG,HIPOTESIS,CONDICION DE LA VICTIMA,CLASE DE SINIESTRO,LESIONADO,HOMICIDIOS,CLINICA,SITIO,CLASE VEHICULO,MARCA,MATRICULA,TIPO DE SERVICIO,EMPRESA, , 
HERIDOS,12/14/2020 12:00:00 AM,2020,1899-12-31T15:00:00.000,TARDE,1_LUNES,RECREO,CALLE 18 CARRERA 30,URBANA,TECNICO,351.695,-7.630.256,NO RESPETAR PRELACION,MOTOCICLISTA,CHOQUE,1,NO APLICA,PALMIRA,NO APLICA,MOTO,AKT,PALMIRA,PARTICULAR,NO APLICA,,
HERIDOS,12/14/2020 12:00:00 AM,2020,1899-12-31T15:00:00.000,TARDE,1_LUNES,RECREO,CALLE 18 CARRERA 30,URBANA,TECNICO,351.695,-7.630.256,NO RESPETAR PRELACION,MOTOCICLISTA,CHOQUE,1,NO APLICA,PALMIRA,NO APLICA,MOTO,KEEWAY,GUACARI,PARTICULAR,NO APLICA,,
HERIDOS,12/14/2020 12:00:00 AM,2020,1899-12-31T15:00:00.000,TARDE,1_LUNES,RECREO,CALLE 18 CARRERA 30,URBANA,TECNICO,351.695,-7.630.256,NO RESPETAR PRELACION,ACOMPAÑANTE MOTOCICLISTA,CHOQUE,1,NO APLICA,PALMA,NO APLICA,NO APLICA,NO APLICA,NO APLICA,NO APLICA,NO APLICA,,
DAÑOS,12/12/2020 12:00:00 AM,2020,1899-12-31T19:45:00.000,NOCHE,6_SABADO,MERCEDES,CALLE 58 CARRERA 24 -76,URBANA,TECNICO,354.798,-7.628.867,GIRAR BRUSCAMENTE,NO APLICA,CHOQUE,NO APLICA,NO APLICA,NO APLICA,NO APLICA,CAMIONETA,FORD,PALMIRA,PARTICULAR,NO APLICA,,
DAÑOS,12/12/2020 12:00:00 AM,2020,1899-12-31T19:45:00.000,NOCHE,6_SABADO,MERCEDES,CALLE 58 CARRERA 24 -76,URBANA,TECNICO,354.798,-7.628.867,GIRAR BRUSCAMENTE,NO APLICA,CHOQUE,NO APLICA,NO APLICA,NO APLICA,NO APLICA,CAMIONETA,NISSAN,PALMIRA,PARTICULAR,NO APLICA,,
HERIDOS,12/14/2020 12:00:00 AM,2020,1899-12-31T11:10:00.000,MAÑANA,1_LUNES,ALTAMIRA,CARRERA 19 CALLE 46,URBANA,TECNICO,354.093,-7.629.093,POR ESTABLECER,CICLISTA,CHOQUE,1,NO APLICA,PALMA,NO APLICA,BICICLETA,CROOS,NO APLICA,PARTICULAR,NO APLICA,,
HERIDOS,12/14/2020 12:00:00 AM,2020,1899-12-31T11:10:00.000,MAÑANA,1_LUNES,ALTAMIRA,CARRERA 19 CALLE 46,URBANA,TECNICO,354.093,-7.629.093,POR ESTABLECER,NO APLICA,CHOQUE,NO APLICA,NO APLICA,NO APLICA,NO APLICA,CAMIONETA,FOTON,PALMIRA,PARTICULAR,NO APLICA,,
HERIDOS,12/12/2020 12:00:00 AM,2020,1899-12-31T16:40:00.000,TARDE,6_SABADO,INDUSTRIAL,CALLE 42 CARRERA 36-39,URBANA,TECNICO,353.885,-7.630.788,NO ESTAR PENDIENTE DE LA VIA,NO APLICA,CHOQUE,NO APLICA,NO APLICA,NO APLICA,NO APLICA,BUSETA,NAN PLUS,PALMIRA,PUBLICO,COODETRANS PALMIRA,,
HERIDOS,12/12/2020 12:00:00 AM,2020,1899-12-31T16:40:00.000,TARDE,6_SABADO,INDUSTRIAL,CALLE 42 CARRERA 36-39,URBANA,TECNICO,353.885,-7.630.788,NO ESTAR PENDIENTE DE LA VIA,MOTOCICLISTA,CHOQUE,1,NO APLICA,PALMA,NO APLICA,MOTO,SUZUKI,FLORIDA,PARTICULAR,NO APLICA,,
DAÑOS,12/15/2020 12:00:00 AM,2020,1899-12-31T09:00:00.000,MAÑANA,2_MARTES,CUIDAD DEL CAMPO,CARRERA 41 N 95-106,RURAL,TECNICO,346.139,-7.646.302,PONER EN MARCHA VEHICULO SIN PRECAUCION,NO APLICA,CHOQUE,NO APLICA,NO APLICA,NO APLICA,NO APLICA,AUTOMOVIL,RENAULT,CALI,PARTICULAR,NO APLICA,,
DAÑOS,12/15/2020 12:00:00 AM,2020,1899-12-31T09:00:00.000,MAÑANA,2_MARTES,CUIDAD DEL CAMPO,CARRERA 41 N 95-106,RURAL,TECNICO,346.139,-7.646.302,PONER EN MARCHA VEHICULO SIN PRECAUCION,NO APLICA,CHOQUE,NO APLICA,NO APLICA,NO APLICA,NO APLICA,CAMIONETA,CHANGAN,CALI,PARTICULAR,NO APLICA,,
DAÑOS,12/15/2020 12:00:00 AM,2020,1899-12-31T10:00:00.000,MAÑANA,2_MARTES,INDUSTRIAL,CALLE 42 CARRERA 35,URBANA,TECNICO,353.873,-7.630.643,NO MANTENER DISTANCIA,NO APLICA,CHOQUE,NO APLICA,NO APLICA,NO APLICA,NO APLICA,AUTOMOVIL,CHEVROLET,CALI,PARTICULAR,NO APLICA,,
DAÑOS,12/15/2020 12:00:00 AM,2020,1899-12-31T10:00:00.000,MAÑANA,2_MARTES,INDUSTRIAL,CALLE 42 CARRERA 35,URBANA,TECNICO,353.873,-7.630.643,NO MANTENER DISTANCIA,NO APLICA,CHOQUE,NO APLICA,NO APLICA,NO APLICA,NO APLICA,AUTOMOVIL,KIA,PALMIRA,PARTICULAR,NO APLICA,,
DAÑOS,12/18/2020 12:00:00 AM,2020,1899-12-31T21:30:00.000,NOCHE,5_VIERNES,ALTAMIRA,CARRERA 19 CALLE 48-49,URBANA,TECNICO,354.123,-7.629.086,REALIZAR GIRO EN U,NO APLICA,CHOQUE,NO APLICA,NO APLICA,NO APLICA,NO APLICA,AUTOMOVIL,HYUNDAI,PALMIRA,PARTICULAR,NO APLICA,,
DAÑOS,12/18/2020 12:00:00 AM,2020,1899-12-31T21:30:00.000,NOCHE,5_VIERNES,ALTAMIRA,CARRERA 19 CALLE 48-49,URBANA,TECNICO,354.123,-7.629.086,REALIZAR GIRO EN U,NO APLICA,CHOQUE,NO APLICA,NO APLICA,NO APLICA,NO APLICA,CAMIONETA,BMW,BUCARAMANGA,PARTICULAR,NO APLICA,,
HERIDOS,12/16/2020 12:00:00 AM,2020,1899-12-31T19:00:00.000,NOCHE,3_MIERCOLES,NUEVO,CALLE 18 CARRERA 31,URBANA,TECNICO,351.709,-7.630.347,DESOBEDECER SEÑALES,NO APLICA,CHOQUE,NO APLICA,NO APLICA,NO APLICA,NO APLICA,CAMIONETA,RENAULT,PALMIRA,PARTICULAR,NO APLICA,,
HERIDOS,12/16/2020 12:00:00 AM,2020,1899-12-31T19:00:00.000,NOCHE,3_MIERCOLES,NUEVO,CALLE 18 CARRERA 31,URBANA,TECNICO,351.709,-7.630.347,DESOBEDECER SEÑALES,MOTOCICLISTA,CHOQUE,1,NO APLICA,PALMIRA,NO APLICA,MOTO,HONDA,PALMIRA,PARTICULAR,NO APLICA,,
DAÑOS,12/17/2020 12:00:00 AM,2020,1899-12-31T14:05:00.000,TARDE,4_JUEVES,PRADO,CALLE 42 CARRERA 43,URBANA,TECNICO,353.884,-763.149,NO ESTAR PENDIENTE DE LA VIA,NO APLICA,CHOQUE,NO APLICA,NO APLICA,NO APLICA,NO APLICA,MOTO,HERO,CALI,PARTICULAR,NO APLICA,,
DAÑOS,12/17/2020 12:00:00 AM,2020,1899-12-31T14:05:00.000,TARDE,4_JUEVES,PRADO,CALLE 42 CARRERA 43,URBANA,TECNICO,353.884,-763.149,NO ESTAR PENDIENTE DE LA VIA,NO APLICA,CHOQUE,NO APLICA,NO APLICA,NO APLICA,NO APLICA,CAMIONETA,NISSAN,CALI,PARTICULAR,NO APLICA,,
DAÑOS,12/17/2020 12:00:00 AM,2020,1899-12-31T21:00:00.000,NOCHE,4_JUEVES,CENTRO,CALLE 32 CARRERA 32-104,URBANA,TECNICO,352.945,-7.630.225,TRANSITA EXCEDIENDO LA ALTURA,NO APLICA,CHOQUE,NO APLICA,NO APLICA,NO APLICA,NO APLICA,TRACTO CAMION,KENWORTH,CAQUETA,PUBLICO,NO APLICA,,
HERIDOS,12/18/2020 12:00:00 AM,2020,1899-12-31T19:40:00.000,NOCHE,5_VIERNES,ALAMEDA,CALLE 70 CARRERA 26A-77,URBANA,TECNICO,355.673,-7.628.898,POR ESTABLECER,MOTOCICLISTA,CHOQUE,1,NO APLICA,PALMA,NO APLICA,MOTO,KIMCO,PALMIRA,PARTICULAR,NO APLICA,,
HERIDOS,12/18/2020 12:00:00 AM,2020,1899-12-31T19:40:00.000,NOCHE,5_VIERNES,ALAMEDA,CALLE 70 CARRERA 26A-77,URBANA,TECNICO,355.673,-7.628.898,POR ESTABLECER,MOTOCICLISTA,CHOQUE,1,NO APLICA,PALMA,NO APLICA,MOTO,HONDA,GUACARI,PARTICULAR,NO APLICA,,
HERIDOS,12/18/2020 12:00:00 AM,2020,1899-12-31T19:40:00.000,NOCHE,5_VIERNES,ALAMEDA,CALLE 70 CARRERA 26A-77,URBANA,TECNICO,355.673,-7.628.898,POR ESTABLECER,ACOMPAÑANTE MOTOCICLISTA,CHOQUE,1,NO APLICA,PALMA,NO APLICA,NO APLICA,NO APLICA,NO APLICA,NO APLICA,NO APLICA,,
HERIDOS,12/18/2020 12:00:00 AM,2020,1899-12-31T19:40:00.000,NOCHE,5_VIERNES,ALAMEDA,CALLE 70 CARRERA 26A-77,URBANA,TECNICO,355.673,-7.628.898,POR ESTABLECER,ACOMPAÑANTE MOTOCICLISTA,CHOQUE,1,NO APLICA,PALMA,NO APLICA,NO APLICA,NO APLICA,NO APLICA,NO APLICA,NO APLICA,,
DAÑOS,12/18/2020 12:00:00 AM,2020,1899-12-31T18:00:00.000,NOCHE,5_VIERNES,EMILIA,CALLE 36 CARRERA 36,URBANA,TECNICO,3.5339,-7.630.657,DESOBEDECER SEÑALES,NO APLICA,CHOQUE,NO APLICA,NO APLICA,NO APLICA,NO APLICA,AUTOMOVIL,HYUNDAI,PALMIRA,PUBLICO,NO APLICA,,
DAÑOS,12/18/2020 12:00:00 AM,2020,1899-12-31T18:00:00.000,NOCHE,5_VIERNES,EMILIA,CALLE 36 CARRERA 36,URBANA,TECNICO,3.5339,-7.630.657,DESOBEDECER SEÑALES,NO APLICA,CHOQUE,NO APLICA,NO APLICA,NO APLICA,NO APLICA,AUTOMOVIL,CHANGAN,JAMUNDI,PARTICULAR,NO APLICA,,
DAÑOS,12/19/2020 12:00:00 AM,2020,1899-12-31T15:10:00.000,TARDE,6_SABADO,FATIMA,CALLE 30 CARRERA 10,URBANA,TECNICO,352.431,-7.628.438,ARRANCAR SIN PRECAUCION,NO APLICA,CHOQUE,NO APLICA,NO APLICA,NO APLICA,NO APLICA,AUTOMOVIL,KIA,FLORIDA,PARTICULAR,NO APLICA,,
DAÑOS,12/19/2020 12:00:00 AM,2020,1899-12-31T15:10:00.000,TARDE,6_SABADO,FATIMA,CALLE 30 CARRERA 10,URBANA,TECNICO,352.431,-7.628.438,ARRANCAR SIN PRECAUCION,NO APLICA,CHOQUE,NO APLICA,NO APLICA,NO APLICA,NO APLICA,CAMIONETA,CHEVROLET,FLORIDA,PARTICULAR,NO APLICA,,
HERIDOS,12/19/2020 12:00:00 AM,2020,1899-12-31T10:00:00.000,MAÑANA,6_SABADO,JUAN PABLO,CARRERA 39 CALLE 44,URBANA,TECNICO,354.111,-7.631.019,GIRAR BRUSCAMENTE,MOTOCICLISTA,CHOQUE,1,NO APLICA,PALMA,NO APLICA,MOTO,AUTECO,SOACHA,PARTICULAR,NO APLICA,,
HERIDOS,12/19/2020 12:00:00 AM,2020,1899-12-31T10:00:00.000,MAÑANA,6_SABADO,JUAN PABLO,CARRERA 39 CALLE 44,URBANA,TECNICO,354.111,-7.631.019,GIRAR BRUSCAMENTE,NO APLICA,CHOQUE,NO APLICA,NO APLICA,NO APLICA,NO APLICA,AUTOMOVIL,KIA,PALMIRA,PUBLICO,NO APLICA,,
HERIDOS,12/17/2020 12:00:00 AM,2020,1899-12-31T11:35:00.000,MAÑANA,4_JUEVES,LOS MANGOS,CARRERA 28 CALLE 69-70,URBANA,TECNICO,355.574,-7.629.186,GIRAR BRUSCAMENTE,MOTOCICLISTA,CHOQUE,1,NO APLICA,PALMA,NO APLICA,MOTO,YAMAHA,FLORIDA,PARTICULAR,NO APLICA,,
HERIDOS,12/17/2020 12:00:00 AM,2020,1899-12-31T11:35:00.000,MAÑANA,4_JUEVES,LOS MANGOS,CARRERA 28 CALLE 69-70,URBANA,TECNICO,355.574,-7.629.186,GIRAR BRUSCAMENTE,NO APLICA,CHOQUE,NO APLICA,NO APLICA,NO APLICA,NO APLICA,AUTOMOVIL,KIA,CALI,PARTICULAR,NO APLICA,,
DAÑOS,12/18/2020 12:00:00 AM,2020,1899-12-31T09:20:00.000,MAÑANA,5_VIERNES,ALAMEDA,CALLE 69 E CARRERA 26A-135,URBANA,TECNICO,355.613,-7.628.941,POR ESTABLECER,NO APLICA,CHOQUE,NO APLICA,NO APLICA,NO APLICA,NO APLICA,MOTO,BAJAJ,CALI,PARTICULAR,NO APLICA,,
DAÑOS,12/18/2020 12:00:00 AM,2020,1899-12-31T09:20:00.000,MAÑANA,5_VIERNES,ALAMEDA,CALLE 69 E CARRERA 26A-135,URBANA,TECNICO,355.613,-7.628.941,POR ESTABLECER,NO APLICA,CHOQUE,NO APLICA,NO APLICA,NO APLICA,NO APLICA,BUSETA,CHEVROLET,PUERTO TEJADA,PUBLICO,EXP TREJOS,,
DAÑOS,12/18/2020 12:00:00 AM,2020,1899-12-31T06:30:00.000,MAÑANA,5_VIERNES,FRAY LUIS,CALLE 42 CARRERA 39 NORTE,URBANA,TECNICO,353.901,-7.630.984,ARRANCAR SIN PRECAUCION,NO APLICA,CHOQUE,NO APLICA,NO APLICA,NO APLICA,NO APLICA,MOTO,SUZUKI,GINEBRA,PARTICULAR,NO APLICA,,
DAÑOS,12/18/2020 12:00:00 AM,2020,1899-12-31T06:30:00.000,MAÑANA,5_VIERNES,FRAY LUIS,CALLE 42 CARRERA 39 NORTE,URBANA,TECNICO,353.901,-7.630.984,ARRANCAR SIN PRECAUCION,NO APLICA,CHOQUE,NO APLICA,NO APLICA,NO APLICA,NO APLICA,BUS,CHEVROLET,JAMUNDI,PUBLICO,TOUR DEL VALLE LTDA,,
DAÑOS,12/19/2020 12:00:00 AM,2020,1899-12-31T11:00:00.000,MAÑANA,6_SABADO,COLOMBIA,CALLE 33 CARRERA 30,URBANA,TECNICO,3.5306,-7.630.011,DESOBEDECER SEÑALES,NO APLICA,CHOQUE,NO APLICA,NO APLICA,NO APLICA,NO APLICA,CAMIONETA,FORD,BOGOTA,PARTICULAR,NO APLICA,,
MUERTO,12/16/2020 12:00:00 AM,2020,1899-12-31T08:37:00.000,MAÑANA,3_MIERCOLES,LAS FLORES,CALLE 30 CARRERA 4-03,URBANA,TECNICO,352.259,-7.627.988,NO ESTAR PENDIENTE DE LA VIA,MOTOCICLISTA,CHOQUE,1,NO APLICA,PALMIRA,NO APLICA,MOTO,KAWASAKI,PALMIRA,PARTICULAR,NO APLICA,,
MUERTO,12/16/2020 12:00:00 AM,2020,1899-12-31T08:37:00.000,MAÑANA,3_MIERCOLES,LAS FLORES,CALLE 30 CARRERA 4-03,URBANA,TECNICO,352.259,-7.627.988,NO ESTAR PENDIENTE DE LA VIA,MOTOCICLISTA,CHOQUE,NO APLICA,1,NO APLICA,NO APLICA,MOTO,HONDA,BUGA,PARTICULAR,NO APLICA,,
MUERTO,12/16/2020 12:00:00 AM,2020,1899-12-31T08:37:00.000,MAÑANA,3_MIERCOLES,LAS FLORES,CALLE 30 CARRERA 4-03,URBANA,TECNICO,352.259,-7.627.988,NO ESTAR PENDIENTE DE LA VIA,NO APLICA,CHOQUE,NO APLICA,NO APLICA,NO APLICA,NO APLICA,AUTOMOVIL,NISSAN,CALI,PARTICULAR,NO APLICA,,
HERIDOS,12/19/2020 12:00:00 AM,2020,1899-12-31T22:50:00.000,NOCHE,6_SABADO,BENEDICTA,CALLE 49 CARRERA 34A,URBANA,TECNICO,354.375,-7.630.277,NO RESPETAR PRELACION,MOTOCICLISTA,CHOQUE,1,NO APLICA,PALMIRA,NO APLICA,MOTO,HONDA,FLORIDA,PARTICULAR,NO APLICA,,
HERIDOS,12/19/2020 12:00:00 AM,2020,1899-12-31T22:50:00.000,NOCHE,6_SABADO,BENEDICTA,CALLE 49 CARRERA 34A,URBANA,TECNICO,354.375,-7.630.277,NO RESPETAR PRELACION,NO APLICA,CHOQUE,NO APLICA,NO APLICA,NO APLICA,NO APLICA,AUTOMOVIL,HYUNDAI,PALMIRA,PUBLICO,COOP PALMERAS,,
HERIDOS,12/19/2020 12:00:00 AM,2020,1899-12-31T23:20:00.000,NOCHE,6_SABADO,BENEDICTA,CALLE 47 CARRERA 34,URBANA,TECNICO,354.243,-7.630.219,EMBRIAGUEZ,MOTOCICLISTA,CHOQUE,1,NO APLICA,PALMIRA,NO APLICA,MOTO,HONDA,FLORIDA,PARTICULAR,NO APLICA,,
HERIDOS,12/19/2020 12:00:00 AM,2020,1899-12-31T23:20:00.000,NOCHE,6_SABADO,BENEDICTA,CALLE 47 CARRERA 34,URBANA,TECNICO,354.243,-7.630.219,EMBRIAGUEZ,NO APLICA,CHOQUE,NO APLICA,NO APLICA,NO APLICA,NO APLICA,AUTOMOVIL,RENAULT,CALI,PARTICULAR,NO APLICA,,
HERIDOS,12/19/2020 12:00:00 AM,2020,1899-12-31T23:20:00.000,NOCHE,6_SABADO,BENEDICTA,CALLE 47 CARRERA 34,URBANA,TECNICO,354.243,-7.630.219,EMBRIAGUEZ,NO APLICA,CHOQUE,NO APLICA,NO APLICA,NO APLICA,NO APLICA,AUTOMOVIL,CHEVROLET,PALMIRA,PARTICULAR,NO APLICA,,
DAÑOS,12/20/2020 12:00:00 AM,2020,1899-12-31T11:30:00.000,MAÑANA,7_DOMINGO,CUIDAD DEL CAMPO,CARRRA 39 CALLE 96,RURAL,TECNICO,359.826,-7.646.321,NO RESPETAR PRELACIOON,NO APLICA,CHOQUE,NO APLICA,NO APLICA,NO APLICA,NO APLICA,AUTOMOVIL,KIA,CALI,PARTICULAR,NO APLICA,,
DAÑOS,12/20/2020 12:00:00 AM,2020,1899-12-31T11:30:00.000,MAÑANA,7_DOMINGO,CUIDAD DEL CAMPO,CARRRA 39 CALLE 96,RURAL,TECNICO,359.826,-7.646.321,NO RESPETAR PRELACIOON,NO APLICA,CHOQUE,NO APLICA,NO APLICA,NO APLICA,NO APLICA,CAMPERO,JEEP,PALMIRA,PARTICULAR,NO APLICA,,
DAÑOS,12/20/2020 12:00:00 AM,2020,1899-12-31T12:25:00.000,TARDE,7_DOMINGO,INDUSTRIAL,CALLE 42 CARRERA 35,URBANA,TECNICO,353.898,-7.630.742,NO MANTENER DISTANCIA,NO APLICA,CHOQUE,NO APLICA,NO APLICA,NO APLICA,NO APLICA,AUTOMOVIL,CHEVROLET,CALI,PARTICULAR,NO APLICA,,
DAÑOS,12/20/2020 12:00:00 AM,2020,1899-12-31T12:25:00.000,TARDE,7_DOMINGO,INDUSTRIAL,CALLE 42 CARRERA 35,URBANA,TECNICO,353.898,-7.630.742,NO MANTENER DISTANCIA,NO APLICA,CHOQUE,NO APLICA,NO APLICA,NO APLICA,NO APLICA,AUTOMOVIL,CHEVROLET,CALI,PARTICULAR,NO APLICA,,
DAÑOS,12/21/2020 12:00:00 AM,2020,1899-12-31T17:30:00.000,TARDE,1_LUNES,CENTRO,CALLE 31 CARRERA 30-55,URBANA,TECNICO,352.834,-763.014,DAR MARCHA ATRÁS SIN MEDIDADS DE PRECAUCION,NO APLICA,CHOQUE,NO APLICA,NO APLICA,NO APLICA,NO APLICA,AUTOMOVIL,MAZDA,CALI,PARTICULAR,NO APLICA,,
DAÑOS,12/21/2020 12:00:00 AM,2020,1899-12-31T17:30:00.000,TARDE,1_LUNES,CENTRO,CALLE 31 CARRERA 30-55,URBANA,TECNICO,352.834,-763.014,DAR MARCHA ATRÁS SIN MEDIDADS DE PRECAUCION,NO APLICA,CHOQUE,NO APLICA,NO APLICA,NO APLICA,NO APLICA,AUTOMOVIL,CHEVROLET,CALI,PARTICULAR,NO APLICA,,
HERIDOS,12/21/2020 12:00:00 AM,2020,1899-12-31T21:00:00.000,NOCHE,1_LUNES,VERSALLE S,CARRERA 27 CALLE 41,URBANA,TECNICO,353.705,-7.629.637,DESOBEDECER SEÑALES,MOTOCICLISTA,CHOQUE,1,NO APLICA,RAUL,NO APLICA,MOTO,AKT,PRADERA,PARTICULAR,NO APLICA,,
HERIDOS,12/21/2020 12:00:00 AM,2020,1899-12-31T21:00:00.000,NOCHE,1_LUNES,VERSALLE S,CARRERA 27 CALLE 41,URBANA,TECNICO,353.705,-7.629.637,DESOBEDECER SEÑALES,MOTOCICLISTA,CHOQUE,1,NO APLICA,PALMA,NO APLICA,MOTO,HONDA,GUACARI,PARTICULAR,NO APLICA,,
HERIDOS,12/21/2020 12:00:00 AM,2020,1899-12-31T21:00:00.000,NOCHE,1_LUNES,VERSALLE S,CARRERA 27 CALLE 41,URBANA,TECNICO,353.705,-7.629.637,DESOBEDECER SEÑALES,ACOMPAÑANTE MOTOCICLISTA,CHOQUE,1,NO APLICA,RAUL,NO APLICA,NO APLICA,NO APLICA,NO APLICA,NO APLICA,NO APLICA,,
HERIDOS,12/21/2020 12:00:00 AM,2020,1899-12-31T16:00:00.000,TARDE,1_LUNES,URIBE,CALLE 32 CARRERA 20,URBANA,TECNICO,352.794,-7.629.193,ARRANCAR SIN PRECAUCION,MOTOCICLISTA,CHOQUE,1,NO APLICA,PALMIRA,NO APLICA,MOTO,SUZUKI,PRADERA,PARTICULAR,NO APLICA,,
HERIDOS,12/21/2020 12:00:00 AM,2020,1899-12-31T16:00:00.000,TARDE,1_LUNES,URIBE,CALLE 32 CARRERA 20,URBANA,TECNICO,352.794,-7.629.193,ARRANCAR SIN PRECAUCION,NO APLICA,CHOQUE,NO APLICA,NO APLICA,NO APLICA,NO APLICA,AUTOMOVIL,HYUNDAI,PALMIRA,PUBLICO,COOP VILLA DE LAS PALMAS,,
HERIDOS,12/22/2020 12:00:00 AM,2020,1899-12-31T16:40:00.000,TARDE,2_MARTES,SANTA TERESITA,CARRERA 35 CALLE 50,URBANA,TECNICO,3.5442,-763.076,SEMAFORO EN ROJO,MOTOCICLISTA,CHOQUE,1,NO APLICA,PALMA,NO APLICA,MOTO,BAJAJ,PRADERA,PARTICULAR,NO APLICA,,
HERIDOS,12/22/2020 12:00:00 AM,2020,1899-12-31T16:40:00.000,TARDE,2_MARTES,SANTA TERESITA,CARRERA 35 CALLE 50,URBANA,TECNICO,3.5442,-763.076,SEMAFORO EN ROJO,NO APLICA,CHOQUE,NO APLICA,NO APLICA,NO APLICA,NO APLICA,AUTOMOVIL,KIA,JAMUNDI,PARTICULAR,NO APLICA,,
HERIDOS,12/22/2020 12:00:00 AM,2020,1899-12-31T16:40:00.000,TARDE,2_MARTES,SANTA TERESITA,CARRERA 35 CALLE 50,URBANA,TECNICO,3.5442,-763.076,SEMAFORO EN ROJO,ACOMPAÑANTE MOTOCICLISTA,CHOQUE,1,NO APLICA,PALMA,NO APLICA,NO APLICA,NO APLICA,NO APLICA,NO APLICA,NO APLICA,,
DAÑOS,12/22/2020 12:00:00 AM,2020,1899-12-31T21:00:00.000,NOCHE,2_MARTES,MERCEDES,CARRERA 28 CALLE 57,URBANA,TECNICO,354.822,-7.629.523,NO RESPETAR PRELACION,NO APLICA,CHOQUE,NO APLICA,NO APLICA,NO APLICA,NO APLICA,MOTO,AKT,TULUA,PARTICULAR,NO APLICA,,
DAÑOS,12/22/2020 12:00:00 AM,2020,1899-12-31T21:00:00.000,NOCHE,2_MARTES,MERCEDES,CARRERA 28 CALLE 57,URBANA,TECNICO,354.822,-7.629.523,NO RESPETAR PRELACION,NO APLICA,CHOQUE,NO APLICA,NO APLICA,NO APLICA,NO APLICA,CAMPERO,FORD,BOGOTA,PARTICULAR,NO APLICA,,
MUERTO,12/22/2020 12:00:00 AM,2020,1899-12-31T23:00:00.000,NOCHE,2_MARTES,VIA ZON FRANCA PALMASECA,GLORIETA AEROPUERTO,RURAL,TECNICO,353.489,-7.638.964,PERDIDA DEL CONTROL,MOTOCICLISTA,CHOQUE,NO APLICA,1,SANTA BARBARA,NO APLICA,MOTO,BAJAJ,GUACARI,PARTICULAR,NO APLICA,,
HERIDOS,12/20/2020 12:00:00 AM,2020,1899-12-31T12:50:00.000,TARDE,7_DOMINGO,CENTRO,CALLE 31 CARRERA 23,URBANA,TECNICO,352.743,-762.946,DESOBEDECER SEÑALES,MOTOCICLISTA,CHOQUE,1,NO APLICA,FRACTURAS,NO APLICA,MOTO,VICTORY,PRADERA,PARTICULAR,NO APLICA,,
HERIDOS,12/20/2020 12:00:00 AM,2020,1899-12-31T12:50:00.000,TARDE,7_DOMINGO,CENTRO,CALLE 31 CARRERA 23,URBANA,TECNICO,352.743,-762.946,DESOBEDECER SEÑALES,NO APLICA,CHOQUE,NO APLICA,NO APLICA,NO APLICA,NO APLICA,AUTOMOVIL,HYUNDAI,PAMIRA,PUBLICO,NO APLICA,,
DAÑOS,12/23/2020 12:00:00 AM,2020,1899-12-31T12:30:00.000,TARDE,3_MIERCOLES,CENTRO,CARRERA 28 CALLE 30-49,URBANA,TECNICO,352.689,-7.629.896,NO MANTENER DISTANCIA,NO APLICA,CHOQUE,NO APLICA,NO APLICA,NO APLICA,NO APLICA,AUTOMOVIL,SUZUKI,PALMIRA,PUBLICO,UNION TAXIS,,
DAÑOS,12/23/2020 12:00:00 AM,2020,1899-12-31T12:30:00.000,TARDE,3_MIERCOLES,CENTRO,CARRERA 28 CALLE 30-49,URBANA,TECNICO,352.689,-7.629.896,NO MANTENER DISTANCIA,NO APLICA,CHOQUE,NO APLICA,NO APLICA,NO APLICA,NO APLICA,MOTO,YAMAHA,ARMENIA,PARTICULAR,NO APLICA,,
DAÑOS,12/24/2020 12:00:00 AM,2020,1899-12-31T19:30:00.000,NOCHE,4_JUEVES,URIBE,CALLE 30 CARRERA 20,URBANA,TECNICO,352.611,-762.922,DESOBEDECER SEÑALES,NO APLICA,CHOQUE,NO APLICA,NO APLICA,NO APLICA,NO APLICA,CAMPERO,RENAULT,BOGOTA,PARTICULAR,NO APLICA,,
DAÑOS,12/24/2020 12:00:00 AM,2020,1899-12-31T19:30:00.000,NOCHE,4_JUEVES,URIBE,CALLE 30 CARRERA 20,URBANA,TECNICO,352.611,-762.922,DESOBEDECER SEÑALES,NO APLICA,CHOQUE,NO APLICA,NO APLICA,NO APLICA,NO APLICA,AUTOMOVIL,KIA,BUGA,PARTICULAR,NO APLICA,,
DAÑOS,12/24/2020 12:00:00 AM,2020,1899-12-31T17:30:00.000,TARDE,4_JUEVES,EMILIA,CARRERA 38 CALLE 35,URBANA,TECNICO,3.5328,-7.630.801,DESOBEDECER SEÑALES,NO APLICA,CHOQUE,NO APLICA,NO APLICA,NO APLICA,NO APLICA,AUTOMOVIL,RENAULT,CALI,PARTICULAR,NO APLICA,,
DAÑOS,12/25/2020 12:00:00 AM,2020,1899-12-31T15:10:00.000,TARDE,5_VIERNES,CUIDALEDA PALMIRA,CALLE 29 CARRERA 10,URBANA,TECNICO,352.373,-7.628.457,DESOBEDECER SEÑALES,NO APLICA,CHOQUE,NO APLICA,NO APLICA,NO APLICA,NO APLICA,AUTOMOVIL,DAEWWO,PALMIRA,PARTICULAR,NO APLICA,,
HERIDOS,12/23/2020 12:00:00 AM,2020,1899-12-31T20:30:00.000,NOCHE,3_MIERCOLES,DELICIAS,CARRERA 27 CALLE 27,URBANA,TECNICO,352.434,-7.629.856,DESOBEDECER SEÑALES,MOTOCICLISTA,CHOQUE,1,NO APLICA,PALMA,NO APLICA,MOTO,SUZUKI,PALMIRA,PARTICULAR,NO APLICA,,